        time,ref_lat,ref_long,ref_alti,        ref_roll,ref_pitch,ref_yaw,        algo_pose_x,algo_pose_y,algo_pose_z,        algo_roll,algo_pitch,algo_yaw,        align_pose_x,align_pose_y,align_pose_z,        align_roll,align_pitch,align_yaw
1569227263.385,31.5081156,120.40144775,12.6795,0.3136698534689124,1.7903696352342608,-26.146692695007694,0.881716510715,-0.00555877438579,0.000550732379582,0.41324480222176646,-3.760686535930985,1.430722674807766
1569227263.519,31.50811753,120.40144864,12.6466,0.32116233778561093,2.0350605844569527,-23.77397306555988,1.30711160785,-0.0159013979897,0.00137606298995,0.4843356202792233,-3.7332885092804338,1.2568652447584159
1569227263.652,31.50811868,120.4014486,12.648,0.27551392813902525,2.058381093524358,-23.424100783555375,1.58528893652,-0.0257149710954,0.00786760844335,0.40276906200886825,-3.774377362742425,0.995685659605774
1569227263.785,31.50811981,120.40144858,12.65,0.21296861340639672,2.054915904450735,-23.027378334634708,2.07766154097,-0.0453910819163,0.0203688963355,0.341193965309365,-3.69710102258316,0.6784658082863302
1569227263.919,31.50812099,120.40144859,12.6511,0.2153892036776314,2.0987278268795193,-22.395646746843774,2.54883830499,-0.0717126548848,0.0371388308894,0.13548739555061207,-3.8871395298922913,0.14404490739028342
1569227264.052,31.5081223,120.40144863,12.6515,0.27638259554890166,2.164131522073081,-21.553725525827502,2.72941874952,-0.0945029165502,0.0440678063921,-0.1702776253586486,-4.093176186124554,-0.6124956723718212
1569227264.185,31.50812356,120.40144871,12.6534,0.30843115398367804,2.2585106688468213,-20.772763129259772,2.86443686861,-0.123464900683,0.031686896947,-0.20708736058988247,-3.8978929988877673,-1.337194667459293
1569227264.318,31.50812485,120.40144881,12.6559,0.2954179584744202,2.249618358914365,-19.714029872410777,3.11740018437,-0.159786278325,0.0410701439155,-0.4268575166724022,-3.9133295195143942,-2.3739734764903324
1569227264.452,31.50812628,120.40144898,12.6592,0.27477683694092553,2.250102308354623,-18.36528800756493,3.26398511815,-0.197287703367,0.0405149830281,-0.500189369705678,-3.8911045854602486,-3.610661802033622
1569227264.585,31.50812871,120.40145033,12.661,0.35066514177067815,2.26186278793096,-14.345463829132916,3.45130519844,-0.2484032721,0.0430159337106,-0.448877731528966,-3.6623567353437734,-4.95411560080306
1569227264.718,31.5081301,120.40145068,12.6669,0.2525491817435641,2.1731253795891456,-12.778114178669654,3.61547830663,-0.298396853932,0.0356694967537,-0.45745501242574466,-3.366167706042679,-6.51957572402076
1569227264.852,31.50813162,120.40145115,12.676,0.20515809020936637,1.9083160101549592,-11.154332981987586,3.79035745081,-0.354279073919,0.0402393082373,-0.6756021288931761,-3.0683220390812385,-8.046072519823163
1569227264.985,31.508133,120.40145165,12.6841,0.1426697761786384,1.7709197850979086,-9.348062171943202,3.95986132767,-0.419325926783,0.0430349333575,-0.6853586353178255,-2.7134171575196087,-9.816245480793219
1569227265.118,31.50813433,120.4014523,12.6849,0.172758241662321,1.9177177579973448,-7.509378259260109,4.11299462677,-0.490336111654,0.0320698058719,-0.8945594823691606,-2.6246354863656007,-11.658246651154645
1569227265.251,31.50813569,120.40145303,12.6856,0.3510325273412274,2.0131220931281786,-5.485704580657816,4.22301875255,-0.567657399238,0.0296711274247,-0.9411260664123192,-2.744466384541303,-13.639322591703213
1569227265.385,31.50813717,120.40145388,12.6895,0.4494655088795327,1.9273144733996102,-3.2708304777942545,4.3649951953,-0.65372317031,0.0320947688937,-1.0630461253016255,-2.6943425597522803,-15.762868755668535
1569227265.518,31.50813912,120.4014559,12.6821,0.43106778966835846,2.013068201835052,1.0505364698428712,4.47449068354,-0.73754469107,0.035062594612,-1.4102909738205736,-2.6898592715736953,-17.84461963668661
1569227265.651,31.50814061,120.40145694,12.6855,0.2983417103997238,1.9401354027259292,3.3980064655881015,4.61139715954,-0.829670816683,0.0321524385897,-1.4623166223972968,-2.551714806524258,-20.036680891054957
1569227265.784,31.50814196,120.40145806,12.6888,0.34495373689425857,1.899286940952097,5.577721156329224,4.74230088459,-0.93766411035,0.0383000059355,-1.3939541554573116,-2.8047997436857544,-22.22520059417421
1569227265.918,31.50814329,120.40145925,12.6914,0.3922723902196012,1.8683637383098917,7.840388335716174,4.88134319584,-1.05472227992,0.0433683222994,-1.3524470073081278,-2.791400397466864,-24.52558730229745
1569227266.051,31.50814471,120.40146059,12.6942,0.35154066402010403,1.8552681771296238,10.31153985664207,4.99078780002,-1.12818069622,-0.00626193195142,-0.45208287002525405,-1.5483355427119216,-26.8929176090727
1569227266.184,31.50814601,120.40146192,12.6974,0.31627436632175343,1.8212330108260812,12.591751178343607,5.12168283145,-1.28177574715,0.0402938935637,-1.326785512613898,-2.7048882205178346,-29.161530914180528
1569227266.318,31.50814727,120.40146333,12.6993,0.29472878593652596,1.7181316327837821,14.945302321298861,5.24327167895,-1.4096108582,0.0391963321213,-1.1993856519314487,-2.585880062017248,-31.535730688215097
1569227266.451,31.50814861,120.40146495,12.6996,0.28110048983324404,1.603152572571245,17.46837528032289,5.35384543427,-1.53529829645,0.0371529775717,-1.211045116279066,-2.454684714224278,-33.946077207082034
1569227266.584,31.50814942,120.4014666,12.6879,0.06049386040402768,1.600268322014499,22.44540410545453,5.470379292,-1.68151665749,0.0391061803642,-1.1552851308238565,-2.447407355181598,-36.2744704107203
1569227266.717,31.50815045,120.40146818,12.6912,-0.058217361012745834,1.5498610747830779,24.797037190540536,5.55554830845,-1.77512300136,0.00719866271995,-0.827546278119689,-1.7541395716956116,-38.680312749772824
1569227266.851,31.50815151,120.40146997,12.6922,-0.13234900946681147,1.5416877222759697,27.325785390722604,5.66039542008,-1.95602070363,0.0382063859396,-1.3466916588809152,-2.399231354988608,-41.01123291174539
1569227266.984,31.50815241,120.40147171,12.6938,-0.08761605983969017,1.504953874356271,29.655719305128283,5.74398073265,-2.09926808968,0.0384082158058,-1.3263531520672254,-2.3422806215222907,-43.39605198101051
1569227267.117,31.50815325,120.40147351,12.6967,0.0029436023793871667,1.465483301718398,31.99787136989917,5.82181477796,-2.25307472184,0.0398333531516,-1.185988307518169,-2.364246993142969,-45.773667647245766
1569227267.251,31.50815406,120.40147535,12.6991,0.006442352596595116,1.3774544698228701,34.39090392459575,5.89578456211,-2.41273535714,0.0427923704611,-1.1534542721319323,-2.3647936567028593,-48.180979180284716
1569227267.384,31.50815488,120.40147737,12.7011,-0.057991525285243185,1.2755369129782113,36.869252072997234,5.96395007159,-2.56936622402,0.0434699596481,-1.1775547430835702,-2.220320479538811,-50.52977652611821
1569227267.517,31.50815503,120.40147829,12.6953,-0.3960342877527048,1.2768745282743712,43.01105656590678,6.02546835015,-2.72406469417,0.0457560297782,-1.259614550808434,-2.174372453966866,-52.903703691519446
1569227267.65,31.50815554,120.40148019,12.6969,-0.3900541012500537,1.3812875222930603,45.49861423678027,6.0770860765,-2.87917584469,0.0451068678264,-1.2782945600496878,-2.2158506611131523,-55.27934857540161
1569227267.784,31.50815593,120.401482,12.6989,-0.24432396164466236,1.3737085381390746,47.733545402818336,6.11870415895,-3.03476557035,0.0424448792748,-1.166293333815029,-2.249005179016599,-57.55215238333402
1569227267.917,31.50815627,120.40148367,12.7021,-0.1790250325436749,1.3842093119554195,49.77062465592649,6.16045500354,-3.195172029,0.0424380641097,-1.05842884173493,-2.2168653172220796,-59.80632653694363
1569227268.05,31.50815665,120.40148563,12.7051,-0.2028265183971439,1.3612397171839787,52.02061177546074,6.2017338737,-3.35687175177,0.043715829154,-1.0854880270867993,-2.1635337327964517,-61.948448528583086
1569227268.183,31.50815702,120.40148759,12.7078,-0.4035789061457205,1.325768461531706,54.12996679634431,6.24487265603,-3.51992659139,0.0433804604302,-1.2590554324163303,-2.14701062331186,-63.95663375594398
1569227268.317,31.50815729,120.40148944,12.7089,-0.49204272519931763,1.4171963281174542,56.04046823768128,6.28091223961,-3.67915591781,0.0418483945871,-1.4014161155932883,-2.1949687845588737,-65.91392323303843
1569227268.45,31.50815748,120.40149134,12.7103,-0.37349251116647514,1.503075071434373,57.892824273418476,6.30646288706,-3.85070348201,0.0407182416155,-1.3046611288999324,-2.308492466748275,-67.79393615169049
1569227268.583,31.50815802,120.40149235,12.6873,-0.4793698343692063,1.4504222409582395,61.94306482423027,6.32974262162,-4.01671227492,0.0402659736894,-1.1973611371398043,-2.323040466894086,-69.62519360683649
1569227268.717,31.50815821,120.40149407,12.6896,-0.592716287971916,1.3924703507219567,63.61847923661224,6.35559960676,-4.18886877259,0.0388698351383,-1.283675237670491,-2.228212934797936,-71.33965310675697
1569227268.85,31.50815836,120.40149582,12.6922,-0.6671300719109605,1.3386268182356278,65.23957314477539,6.37865112655,-4.3609563055,0.0378469991871,-1.4086907958947503,-2.22141698933598,-72.98258709117346
1569227268.983,31.50815842,120.40149772,12.6969,-0.5288031842181661,1.2981366305759208,66.99590302372984,6.3888376962,-4.54065401174,0.0388457771149,-1.3039065163188062,-2.16159991957626,-74.60536835007534
1569227269.116,31.50815845,120.40149933,12.7,-0.41779708646101743,1.2813550288012394,68.3926148164534,6.39610635123,-4.71441756172,0.0390364948463,-1.165112117880223,-2.1743762384373957,-76.17203495767824
1569227269.25,31.50815849,120.40150121,12.7018,-0.3978808623411501,1.311938180204481,69.8358442855838,6.404774256,-4.8909707419,0.0373013211427,-1.1035112558746847,-2.1685157095845873,-77.53542174693824
1569227269.383,31.50815852,120.40150311,12.7042,-0.41995137436837454,1.3022595504795442,71.28240190783536,6.41501843368,-5.06872808845,0.0353736761046,-1.146899349870371,-2.188743569787047,-78.89854683485355
1569227269.516,31.50815914,120.4015056,12.6772,-0.43138052083422296,1.2128210604947676,72.612155900141,6.4190780437,-5.25016882442,0.0363755205797,-1.1236253177432065,-2.133771517761672,-80.13113710010488
1569227269.65,31.50815915,120.40150733,12.6794,-0.39407566290790114,1.212500132251657,73.75166886996585,6.42161974118,-5.43056278036,0.0363269071968,-1.0928669318169488,-2.103451744550885,-81.27812871775227
1569227269.783,31.50815916,120.40150907,12.6786,-0.3984594894122464,1.2711664575610173,74.80575737464531,6.42334967728,-5.6107879991,0.0340906399353,-1.106998624291759,-2.156506476137884,-82.3840985360188
1569227269.916,31.50815918,120.40151095,12.6793,-0.4415810956326578,1.2430916433453683,75.72004776531435,6.42748076176,-5.79414227075,0.0322351343782,-1.1300090028454244,-2.145394361193621,-83.26782940961502
1569227270.049,31.50815921,120.40151281,12.6836,-0.5518683292550884,1.1506338887658476,76.54448708557635,6.43275336447,-5.98060986795,0.0348014376032,-1.218987989697248,-2.029189118335172,-84.04616806630074
1569227270.183,31.50815924,120.40151456,12.6848,-0.6295448936317991,1.176887646883221,77.18786902559503,6.43687138433,-6.1719698273,0.0353104570095,-1.3157835716549973,-2.047135632531916,-84.70479451824241
1569227270.316,31.50815928,120.40151634,12.685,-0.7257976013645807,1.1445914097337773,77.7651955050628,6.44122568243,-6.36768716647,0.0331733051048,-1.4285042547051738,-2.0073860505783347,-85.28523383733906
1569227270.449,31.5081593,120.40151812,12.6865,-0.7323571542213181,1.097455462053891,78.22184054341078,6.44327500527,-6.56002692691,0.0329920362022,-1.4530539870619392,-1.987114921144529,-85.75580192922968
1569227270.583,31.50815971,120.40152242,12.667,-0.6200425713220054,1.104003286109929,78.91552877991084,6.44136647783,-6.75793216922,0.0343640984524,-1.4223707146416542,-2.011875239735221,-86.1439910430445
1569227270.716,31.5081598,120.40152444,12.6675,-0.6260161130459571,1.202594929922031,79.24068349757835,6.44014272351,-6.96732473886,0.0348135087534,-1.4344184517785667,-2.12325771277967,-86.4653839730529
1569227270.849,31.50815989,120.40152676,12.6692,-0.5770741967808427,1.241037680005828,79.57407665780576,6.4395364383,-7.19134311134,0.036210393538,-1.4293330880077617,-2.2045615006466464,-86.7551792404666
1569227270.982,31.50815999,120.40152906,12.6701,-0.4364245184324231,1.2465267630604542,79.82061189840773,6.4364456615,-7.42720322203,0.0367822961324,-1.2794136654581416,-2.1910321961704646,-87.01897157351455
1569227271.116,31.50816016,120.40153149,12.6715,-0.47885278728638997,1.2838285343664844,79.9579275276899,6.43837747532,-7.68346985562,0.0381676711773,-1.2930615897301105,-2.2667260502855964,-87.16467667818085
1569227271.249,31.5081604,120.40153404,12.6715,-0.6719768423735378,1.356486268435637,79.98762753125479,6.45017861405,-7.9401284362,0.038104906037,-1.4667004039052447,-2.300359193805691,-87.19238189336365
1569227271.382,31.50816067,120.40153696,12.6718,-0.7395816586479289,1.3830401371590582,79.9705108763044,6.46426348153,-8.2145171806,0.0382501831685,-1.6328069971041108,-2.334875902818771,-87.1619002493067
1569227271.515,31.50816052,120.4015432,12.6497,-0.490782231454479,1.3221647408366342,81.9737857326988,6.4697579524,-8.51131483103,0.0411495822642,-1.527080418606061,-2.3646081023540737,-87.12489930717169
1569227271.649,31.50816079,120.40154646,12.652,-0.43266987746157576,1.3018297211508647,81.95836662828309,6.4788286344,-8.82885693886,0.0457118522169,-1.4267995289106035,-2.321130460815146,-87.09502561689425
1569227271.782,31.50816112,120.40154983,12.6533,-0.49488903242887256,1.3703786986572537,81.91637791313197,6.49206483582,-9.15376731112,0.0489934261468,-1.50698299814794,-2.3971057801572004,-87.03810795165275
1569227271.915,31.50816149,120.40155362,12.6536,-0.5325334571874596,1.4324554744812317,81.8584829032528,6.5072493547,-9.49389920439,0.0495247757381,-1.5938742147521747,-2.4167762568312203,-86.98254618212538
1569227272.049,31.50816178,120.40155729,12.6547,-0.2503536841442232,1.3387380023939917,81.79755172515438,6.50972602337,-9.8535925493,0.0495713856205,-1.348200409465094,-2.406612839747221,-86.90904289369043
1569227272.182,31.5081622,120.40156133,12.656,-0.2805820770820444,1.1984756050476097,81.8298731176005,6.51980295277,-10.2248570685,0.0506000933035,-1.2711181450076374,-2.200614288472704,-86.932750098484
1569227272.315,31.50816266,120.40156515,12.6558,-0.5985589527252627,1.19978567347082,81.72955129423595,6.5365703424,-10.6072340452,0.0474556946366,-1.6434903170952468,-2.1956859110526756,-86.82191493740821
1569227272.448,31.50816302,120.40156903,12.6568,-0.4670884607776818,1.0712413860021885,81.76378007198498,6.54069409784,-10.9915933821,0.0459545808343,-1.5802059703306341,-2.1104347213690917,-86.79999208065671
1569227272.582,31.50816158,120.40157605,12.6408,-0.01545177267285621,0.5913751372827764,85.43683595222782,6.53735247036,-11.3707037953,0.0440565676884,-1.1955060929591181,-1.802433164682707,-86.83882899408586
1569227272.715,31.50816188,120.40158018,12.6421,-0.053661408963077056,0.33034981441871286,85.45295384728107,6.5431091466,-11.7344660633,0.0442099303201,-1.1239186809948012,-1.4577780051173763,-86.8019360085205
1569227272.848,31.50816221,120.40158381,12.6416,-0.3210380812316249,0.5306203612849408,85.46781501061207,6.55724516551,-12.0777563698,0.0446711033175,-1.403680132758296,-1.578328546849162,-86.82897441391616
1569227272.982,31.50816252,120.40158771,12.6372,-0.5095337394360686,0.782610198892684,85.44962880363768,6.56410246467,-12.4228244406,0.0423113523322,-1.6298215688458824,-1.8184635215687086,-86.74778061446122
1569227273.115,31.50816276,120.40159135,12.6387,-0.3870051959386922,0.7796878425439513,85.56383024679505,6.5637310674,-12.7755898957,0.0420160688841,-1.4882585358566067,-1.8600242025134643,-86.82951781496399
1569227273.248,31.508163,120.40159498,12.6398,-0.24955232484304496,0.793144450966117,85.58093047771888,6.56111908417,-13.1361502175,0.0441510589382,-1.3789345096110244,-1.8983133311457827,-86.85557011254461
1569227273.381,31.50816327,120.40159889,12.6371,-0.1372033254860365,0.8299354702405322,85.61405317182724,6.56019012498,-13.4935452499,0.0434297849706,-1.2358156714185804,-1.872493744095253,-86.83815314563634
1569227273.515,31.50816155,120.40160451,12.6106,-0.06336328015214548,0.8904099618244077,88.10332820707728,6.5614030591,-13.8472219377,0.0424834185893,-1.239896262560742,-1.9793919188691629,-86.89064271536232
1569227273.648,31.50816174,120.40160825,12.6118,-0.03182839273883592,0.9394946404692435,88.0953230704412,6.56144317393,-14.1965026561,0.0429789737972,-1.2008224814662878,-2.08442401284315,-86.87624632497214
1569227273.781,31.50816197,120.4016123,12.6142,-0.06486713047483565,1.0200127186467232,88.17603156568077,6.56269156321,-14.5465312376,0.0449509775977,-1.1699237486610354,-2.0952530365018087,-86.91983681287363
1569227273.914,31.50816223,120.40161608,12.6112,-0.27831314351586545,1.2111957885693188,88.20607752342248,6.56810959922,-14.8976484262,0.0447684473884,-1.4053702726988537,-2.2434426763860484,-86.90946515763632
1569227274.048,31.50816246,120.4016199,12.6113,-0.3091564205902769,1.0972674974234573,88.18187973272381,6.57338931436,-15.2439066779,0.046354585961,-1.4641804914364882,-2.25031252983508,-86.86804372666691
1569227274.181,31.50816262,120.4016237,12.6125,-0.08829022805048205,0.9954255885271406,88.2326855898928,6.57096462116,-15.5927722804,0.0464224658361,-1.295893216356944,-2.008776422562063,-86.87470025096216
1569227274.314,31.50816282,120.40162776,12.6115,0.136179387525433,1.144800008000696,88.21860875720495,6.5686412297,-15.9356870071,0.0460519690483,-1.043718704528072,-2.2140484623383516,-86.86289275131934
1569227274.448,31.50816304,120.4016316,12.6123,0.2490385640068977,1.162847254275138,88.18736713580094,6.57206289606,-16.2862545811,0.0479435966838,-0.9460804513760274,-2.1920033343449807,-86.80585936242609
1569227274.581,31.5081618,120.40163695,12.5887,0.3928071446456551,1.0096382634327485,88.5934241185717,6.57634034003,-16.6392043455,0.0508031358421,-0.818985398428922,-2.140421893177501,-86.76409252520939
1569227274.714,31.50816203,120.40164087,12.5919,0.3428229066700774,1.0256492296355717,88.46338785655615,6.58613089474,-16.9920121186,0.0538007726993,-0.8265156034987937,-2.0117394284261225,-86.61769532686509
1569227274.847,31.50816229,120.40164481,12.5926,0.23581634397876478,1.0488624079732332,88.31663336895036,6.60142492698,-17.345193923,0.0558542164997,-0.9310491715119494,-2.1045829411995496,-86.4540993370887
1569227274.981,31.50816256,120.4016491,12.592,0.23376455725664252,1.0654947662280563,88.1221978226247,6.61576635,-17.7060778837,0.0543560268274,-1.003696502526479,-2.0634216501951212,-86.25410508557725
1569227275.114,31.50816278,120.40165312,12.5924,0.40205026960780904,1.0769994777344658,87.93731875787617,6.62529379517,-18.0710918622,0.0551019555597,-0.8206264874405441,-2.0841354880492675,-86.03046287232418
1569227275.247,31.50816303,120.40165716,12.5936,0.5630370656418172,1.0484200104620578,87.76045208543393,6.63870310965,-18.4383192177,0.0556238239459,-0.6634196714424143,-2.0403643031615384,-85.84152798108065
1569227275.381,31.50816334,120.40166152,12.5923,0.6654429220623637,1.0603143363706538,87.46153758741467,6.65304920053,-18.8063887199,0.0519692717505,-0.5670622813238219,-2.043342645768058,-85.56914733513275
1569227275.514,31.50816253,120.40166627,12.5708,0.6784734650149997,0.9831280812020754,86.88586225333697,6.67683815423,-19.1717566846,0.0527604145188,-0.5514743291838796,-1.9726715418805354,-85.18920122836334
1569227275.647,31.50816291,120.40167032,12.5743,0.6751278013089295,0.8904569500378507,86.10676266190985,6.71047963546,-19.537332685,0.0545312534916,-0.6199616165136552,-1.8678379243999257,-84.45724480303313
1569227275.78,31.50816334,120.40167432,12.5753,0.9146471983635394,0.9649019519526284,84.95749261737488,6.75061716756,-19.8961214723,0.0521466565799,-0.4285272172612935,-1.8661768651383404,-83.3655911162774
1569227275.914,31.50816388,120.40167855,12.5764,1.4227793392826864,1.0659302894885578,83.26698992520492,6.79860029564,-20.2548376728,0.0494196223703,0.05623897626613791,-2.0055817161427183,-81.84517038539855
1569227276.047,31.50816461,120.4016824,12.5807,1.5792208281009226,1.1365764339438276,81.26300516573394,6.87438824191,-20.6066068688,0.0480179095071,0.3006425080263501,-1.9710667420572938,-79.87086918360286
1569227276.18,31.50816559,120.40168612,12.5844,1.442324097576221,1.232709516846062,78.79027022931463,6.98229292792,-20.9596030632,0.046946331199,0.2189688901189413,-2.072761397794537,-77.44335864395465
1569227276.313,31.50816687,120.40168998,12.5881,1.1651275020335692,1.4021355850566883,75.84464082477203,7.11436043571,-21.3136995649,0.0438083268203,-0.029176931937168044,-2.147209672856209,-74.62457848318057
1569227276.447,31.5081682,120.40169345,12.5917,0.9791647814367163,1.5709204994931572,73.10455985281988,7.26471634224,-21.6576748864,0.0407388524776,-0.30678783085539413,-2.3240494375865492,-71.7954601945079
1569227276.58,31.5081689,120.40169757,12.5549,1.3127675734442057,1.6276906482951186,69.60176828987359,7.41915102522,-22.0015545379,0.0426306323933,-0.07596990919505239,-2.327921395206316,-68.71447770387223
1569227276.713,31.50817047,120.40170074,12.5582,1.5613157326998384,1.7049591858924817,66.13823072683566,7.59582499585,-22.326258249,0.0360918704977,0.3253865510370256,-2.356888256928095,-65.22377090049334
1569227276.847,31.5081723,120.40170361,12.5645,1.274423517043387,1.773960207922651,62.36000716262389,7.80571680032,-22.625041194,0.035286523934,0.11457258025248132,-2.365740638869768,-61.38757618756365
1569227276.98,31.50817445,120.40170642,12.575,1.0035679359682663,1.7628945602527044,58.00108058399327,8.03768922633,-22.8922692424,0.0381822027483,-0.16501906315630618,-2.339783604817306,-57.239526395626946
1569227277.113,31.50817658,120.4017088,12.5815,0.8230239403455646,1.8442593589399066,53.94808198588016,8.2803200739,-23.1405998459,0.0390305557545,-0.32389170311215554,-2.3478696846762235,-53.028516293538146
1569227277.246,31.50817863,120.40171083,12.5842,0.7469133186304191,1.8647625066071833,50.194803235531026,8.53282541754,-23.3661804801,0.0355482540946,-0.42160402872456326,-2.36136873442922,-48.83601689412658
1569227277.38,31.50818114,120.40171296,12.5903,0.7150529203923885,1.725740510510897,45.714212459218786,8.79889280317,-23.5610659677,0.0331231573496,-0.39491637170334365,-2.193488105022037,-44.56026252719901
1569227277.513,31.50818333,120.40171516,12.5606,0.6445920464223552,1.5942361704009742,40.974856363198654,9.07672197325,-23.7316680206,0.0355470195468,-0.4423307704825875,-1.9875652319480535,-40.21943251851168
1569227277.646,31.50818579,120.40171658,12.5657,0.6508308162569695,1.558879311140217,36.75915578549345,9.35825156435,-23.8732363727,0.0380593312419,-0.39581227073770525,-1.8956521598990346,-35.8741270005398
1569227277.78,31.50818832,120.40171774,12.5712,0.5858397549585977,1.5121894014176298,32.625778543634006,9.64703787456,-23.9875520105,0.0379554252882,-0.38964569950321937,-1.8068663984311566,-31.57207900652039
1569227277.913,31.50819108,120.40171871,12.577,0.4631005107002196,1.4669826502292267,28.20627072016416,9.94009674319,-24.0753303808,0.0359647713875,-0.46037563560072775,-1.7580597024120377,-27.37296594103955
1569227278.046,31.50819364,120.4017194,12.5806,0.4766316750823042,1.5152695515086145,24.158998487122666,10.2324009981,-24.1437284802,0.0374109606787,-0.4660146831590085,-1.7434881895479406,-23.182361351275855
1569227278.179,31.50819624,120.40171985,12.5843,0.40888601344669373,1.521966342530463,20.060560763489395,10.5283880562,-24.1882845137,0.0396748668138,-0.44903377995710597,-1.754250918421002,-18.959748786478535
1569227278.313,31.50819904,120.40172012,12.5892,0.5104238417522148,1.4333621772464946,15.733368440572548,10.8235356267,-24.2112344322,0.0411531995562,-0.30238774071116387,-1.6472543826831059,-14.8245302784228
1569227278.446,31.50820163,120.40172009,12.5927,0.3813042745106283,1.3547176256754965,11.748396467718786,11.1116606343,-24.2028599161,0.0369736335636,-0.3608833599789092,-1.6062797622318066,-10.711289912039152
1569227278.579,31.50820407,120.40172029,12.5605,0.3749561952798965,1.4910365567623791,7.620069342357262,11.3929691834,-24.1746914291,0.0343056915382,-0.30607059869996533,-1.6374375567915682,-6.6202571374320405
1569227278.713,31.50820677,120.40171981,12.5616,0.4010289950747664,1.5589389208134903,3.352251265174925,11.6728822871,-24.1342911515,0.027129995621,-0.26833546881332965,-1.7979654701442231,-2.4881788576476875
1569227278.846,31.5082092,120.40171914,12.5632,0.4394313581372204,1.583552129160313,-0.5440174797144003,11.9486407519,-24.0807110003,-0.00553668903838,-0.21571338073276614,-1.8413127592515777,1.5378537800740313
1569227278.979,31.50821159,120.40171829,12.5661,0.5522958364068716,1.7075512503237993,-4.496951779496464,12.208077986,-23.9973854197,0.00526451765286,-0.06269751332893694,-1.9856379118808065,5.584458375848297
1569227279.112,31.50821416,120.40171708,12.5718,0.4099990504617747,1.698042827589479,-8.769361899390956,12.474948452,-23.9025731802,0.00445088613206,-0.10329710424764166,-2.0273938521925987,9.752679377322123
1569227279.246,31.50821663,120.40171566,12.5789,0.4338299162953041,1.663949771222265,-12.960106282785393,12.7317587882,-23.7889803383,0.00369857163483,-0.06236968683606487,-1.9297587730311319,13.725618280994686
1569227279.379,31.50821871,120.40171425,12.5797,0.45831948277574824,1.909905131234453,-16.866873364718458,12.9782543701,-23.650343641,0.00574142932401,0.015208974118013533,-2.198140112088407,18.035138891588794
1569227279.512,31.50822132,120.40171318,12.5639,0.5746464885893833,1.914562433950652,-21.187466896550145,13.2179865205,-23.489714299,0.000132582706677,0.08498162062441286,-2.3701270332212294,22.22658737384234
1569227279.645,31.50822351,120.40171121,12.5672,0.7561023771687486,2.004488042686509,-25.53790200867269,13.4345510656,-23.3013173899,-0.0225107089778,0.2779189597215551,-2.4427044406073493,26.60286640943376
1569227279.779,31.50822562,120.40170895,12.573,0.7055354727552996,2.130299819246863,-29.59943290253302,13.6845764299,-23.1016239043,-0.00034929234103,0.2896850395277306,-2.5422389533762852,30.912206230960766
1569227279.912,31.50822765,120.40170648,12.5797,0.7511514439452914,2.2535839967417663,-33.886494663133576,13.9139548339,-22.8799322266,0.00132194878781,0.40905647595388683,-2.6863894388844702,35.22955741819975
1569227280.045,31.50822958,120.40170374,12.5865,0.7654360807257952,2.5563773528739433,-38.14324212802838,14.1333020549,-22.6361341145,0.0002002123286,0.40111084529251695,-2.998584249834787,39.66700454706006
1569227280.179,31.50823153,120.4017004,12.5918,0.4286042263941518,2.7399933540696733,-42.77090800912627,14.3373170766,-22.3574400572,0.0010163843542,0.13797902557269515,-3.1905506109782444,44.06206039774729
1569227280.312,31.50823338,120.40169676,12.5998,0.2799545607936845,2.7521448458768636,-47.46204981577678,14.5347862733,-22.0546704892,-0.000404378172009,-0.048359799300866674,-3.261275237636353,48.55996171273302
1569227280.445,31.50823499,120.40169308,12.6077,0.10803134162588764,2.8279614100048143,-51.6612851709016,14.7198616779,-21.7247251943,-0.000553148803456,-0.26175672359876556,-3.2929277149499945,52.932782939037175
1569227280.578,31.50823701,120.40168939,12.5944,0.1998082250884849,2.8550107732707395,-55.81161217861467,14.8963005307,-21.3715116723,0.000545129601688,-0.14941128016149585,-3.3702538086379334,57.17274856498815
1569227280.712,31.50823844,120.40168474,12.6044,-0.06528593394573651,2.743172324744116,-60.13820664381527,15.0610581325,-20.9840903685,0.000998801427021,-0.3496917590314901,-3.277629863340717,61.3839800002006
1569227280.845,31.50823962,120.40168016,12.6156,-0.2231933651099513,2.630077909542075,-63.94177438741233,15.1906310374,-20.5748465997,0.000136032893227,-0.5884214136238419,-3.203765639445815,65.31476401385359
1569227280.978,31.50824067,120.40167531,12.6292,-0.33670322786962276,2.4214892527716723,-67.51759212717309,15.3129541492,-20.1398041842,0.00587839284148,-0.6840237142861553,-2.9729353587707794,69.08617908669487
1569227281.112,31.50824159,120.40166981,12.6363,-0.4221339965979523,2.2889908115095317,-70.99718420748736,15.4283634374,-19.6792355037,0.0107534812893,-0.7348534022366771,-2.9157431173451926,72.47934366761007
1569227281.245,31.50824227,120.40166446,12.6409,-0.6427388691361701,2.242213493763648,-74.0182958442378,15.5183009223,-19.1977620709,0.00708788458347,-0.9847828659879198,-2.8076428212195097,75.71905024312598
1569227281.378,31.50824279,120.40165889,12.6505,-0.8378796232115285,2.097954961530006,-76.5473750920009,15.5908893123,-18.6977765101,0.00986466501251,-1.1749506522934463,-2.7282140228085487,78.4421644897529
1569227281.511,31.50824373,120.40165262,12.6405,-0.9715229945093041,2.0063421237759003,-79.0264687864672,15.6636836147,-18.1768309218,0.0136683144541,-1.3262784119989186,-2.644526348152546,80.88346180955608
1569227281.645,31.50824401,120.40164674,12.6453,-0.9828127963414972,1.963578394701928,-80.95463579661323,15.7196491429,-17.646445367,0.0136786236771,-1.3483264551604563,-2.5625842104236654,82.99794588875888
1569227281.778,31.5082442,120.40164069,12.6464,-0.8884101522739405,1.8436012626176628,-82.64273956434737,15.7567363075,-17.1043675382,0.00456220729835,-1.2198933057944246,-2.4982578429674236,84.7793866589041
1569227281.911,31.50824423,120.40163403,12.6508,-0.9494393770344143,1.5978930598961478,-84.19211350171487,15.7983358282,-16.5425099793,-0.00540607394638,-1.252819207140499,-2.282141499257878,86.34777366587959
1569227282.045,31.50824413,120.40162775,12.6591,-1.1405035835008617,1.4893847337219326,-85.40251053008173,15.8327017406,-15.9719980159,-0.00258684119086,-1.4051139497504086,-2.171817956567959,87.65248505740671
1569227282.178,31.50824398,120.40162143,12.6664,-1.0882178647738898,1.5093385183476427,-86.44818042564394,15.8562200745,-15.3979521067,0.00597100026164,-1.3782520142644266,-2.1619846062686343,88.79266273597663
1569227282.311,31.50824374,120.40161454,12.6686,-1.00021847352819,1.6597654193272646,-87.4208962796419,15.8844893458,-14.8132972514,0.00787959423002,-1.2531883757983349,-2.2977417483768927,89.78043055751907
1569227282.444,31.50824341,120.40160808,12.6692,-1.0557450488508497,1.8168832150264926,-88.08788097341639,15.8988636662,-14.2230066458,0.00531458144946,-1.2643788414905361,-2.407857844056607,90.56447774889384
1569227282.578,31.50824347,120.40160116,12.6538,-1.1690401460799493,1.8215368319579388,-88.59214200264375,15.9080893204,-13.6224318221,0.00663552797678,-1.3857044688150564,-2.5268057145174065,91.14469795924514
1569227282.711,31.50824304,120.40159455,12.6613,-1.2629880157892879,1.8113181515382664,-88.89345649587273,15.9141651447,-13.0122037058,0.00948233563014,-1.5420204047722945,-2.4338546547291946,91.54632388698914
1569227282.844,31.5082426,120.40158737,12.6682,-1.1454982227881325,1.8478616953880134,-89.1675026695118,15.9218235611,-12.4008583699,0.00748494162153,-1.4157145014835535,-2.4688601443128184,91.82940126724155
1569227282.978,31.50824216,120.40158066,12.6725,-1.0019566370645308,1.8454884175315176,-89.31104425523543,15.9334814306,-11.788175038,0.00045684865555,-1.2963562574395056,-2.5939844747165206,92.02161271764793
1569227283.111,31.5082416,120.40157337,12.6796,-1.0686925003872734,1.8448738881295603,-89.43371821702044,15.934898388,-11.1731332417,-0.00785579451668,-1.3337200827122957,-2.4648341509798017,92.20108377030361
1569227283.244,31.50824103,120.40156657,12.6872,-1.2390930919897734,1.8052119643357447,-89.43603258123561,15.9304619279,-10.5579375446,-0.0140164892189,-1.4667841729491886,-2.5666108654158104,92.24871889958398
1569227283.377,31.50824048,120.40155974,12.6937,-1.30316305009083,1.8060993436264123,-89.38842870787597,15.9264720094,-9.93777067211,-0.0222571761961,-1.5923083259927353,-2.590124387811368,92.24238755496461
1569227283.511,31.50824033,120.4015519,12.678,-1.1792287092997944,1.8150511217773457,-89.24069967682996,15.9349000209,-9.31409665418,-0.0312877799968,-1.5039347650355945,-2.599060364783859,92.1665412765416
1569227283.644,31.5082398,120.40154498,12.6835,-1.1289837120357735,1.7511273502189746,-89.10145002308558,15.9397362789,-8.68581120007,-0.0363391209906,-1.3896260361724766,-2.6238569748177487,92.06184942393448
1569227283.777,31.50823924,120.40153801,12.6897,-1.1522098845395523,1.5989866889277178,-88.93819439630192,15.9470196864,-8.04759281803,-0.041877717366,-1.4433511522401765,-2.5043691790898865,91.97708105727966
1569227283.91,31.5082387,120.40153102,12.6934,-1.1738598798013626,1.4807083844227646,-88.65374804883842,15.9668351217,-7.42030302505,-0.0505159481076,-1.4873036035878933,-2.359492792856913,91.7951904727249
1569227284.044,31.50823821,120.401524,12.6965,-1.0805123449938583,1.4105881127752162,-88.23852628588982,15.9861812123,-6.785061451,-0.051486568006,-1.4209461095040195,-2.355406273473866,91.47398193212781
1569227284.177,31.50823773,120.40151641,12.6995,-0.9940155184066836,1.3333335411408687,-87.6613827947002,16.0123805915,-6.13873061852,-0.0553921292756,-1.313086952047716,-2.16670454393756,91.00441043219946
1569227284.31,31.50823728,120.4015088,12.701,-0.9561631547582913,1.257062533613293,-87.01181969446505,16.0445336055,-5.48638723388,-0.0628842513857,-1.2859926362821104,-2.2561663968591885,90.41993003298602
1569227284.444,31.50823694,120.40150173,12.7034,-0.8143914396071508,1.4362003540902544,-86.41165575971242,16.090716404,-4.84006870178,-0.0648412181639,-1.195217398342649,-2.1854723264914893,89.86718015519862
1569227284.577,31.50823706,120.40149421,12.6867,-0.5150633379602889,1.6488116304181364,-85.78441440159006,16.141632315,-4.17993056112,-0.061534273805,-0.9489312201596377,-2.565404071668832,89.20848964224332
1569227284.71,31.50823676,120.40148654,12.6887,-0.4194955170068036,1.825941670882973,-85.28101347671043,16.1963047595,-3.51622544968,-0.0598682596386,-0.7835021232395527,-2.6120317523407683,88.71419431339868
1569227284.843,31.50823647,120.40147993,12.6898,-0.5528616464261705,1.776926115394804,-84.85275847196452,16.2469051261,-2.84870568209,-0.0604835079985,-0.928679046818211,-2.658733656425035,88.27808386124703
1569227284.977,31.50823618,120.40147221,12.694,-0.6075905789629865,1.5064016656314334,-84.38191605683143,16.2975663446,-2.17121748064,-0.0583095542033,-1.0571130683841872,-2.358874532160379,87.8469131113919
1569227285.11,31.50823601,120.40146508,12.7018,-0.33971129486062623,1.267249903091245,-84.03695693573776,16.3611982987,-1.49072126296,-0.0524720309235,-0.8136867362482352,-2.113446229855387,87.48602185504164
1569227285.243,31.50823578,120.40145748,12.7056,-0.2031471305600829,1.3097408849841534,-83.6377173087886,16.4325780363,-0.82657852785,-0.0508691383393,-0.619634757726727,-2.1282297584604404,87.12686531216937
1569227285.377,31.50823555,120.40145042,12.7057,-0.21939337803484973,1.2465588562921157,-83.31324373631804,16.5023219372,-0.164365266911,-0.0530809972387,-0.6604111890014666,-2.0987654058010343,86.78860186408473
1569227285.51,31.5082357,120.40144242,12.6846,-0.27000215267253347,1.2911264213301739,-82.9893763804404,16.5695354382,0.489019813745,-0.0575727684111,-0.7716223970721725,-2.0996459988141836,86.48783873677066
1569227285.643,31.5082355,120.40143542,12.6881,-0.16233701254491933,1.292968376003223,-82.80922958429473,16.6499115028,1.13681543068,-0.0576372733436,-0.6612294501946111,-2.0953167700204745,86.2852163805675
1569227285.776,31.50823527,120.40142845,12.6909,-0.10942629655425966,1.3386405729765956,-82.69545624990991,16.7305433955,1.77765609329,-0.0566538652601,-0.5815380716632434,-2.1504053522486815,86.18901822610746
1569227285.91,31.50823503,120.40142154,12.6912,0.04362819848854287,1.5805979785657749,-82.72592327993223,16.8091642814,2.41787982682,-0.058547563441,-0.39172307792924543,-2.345273821253727,86.20011651791056
1569227286.043,31.50823471,120.40141409,12.6953,0.15584092020531878,1.711483490966788,-82.8374210775245,16.8813602054,3.05288851672,-0.0573690601565,-0.33818966909405196,-2.528907155328728,86.29741570308782
1569227286.176,31.50823434,120.40140665,12.7002,0.3576283775563155,1.6510023833647323,-83.21624296846082,16.9506488942,3.69223781971,-0.0567255061987,-0.13075117543149645,-2.4801506586537516,86.61803616718255
1569227286.309,31.5082339,120.4014003,12.7035,0.33160633951847995,1.7427663017365105,-83.67889938080693,17.0090047703,4.34223657818,-0.0518954071685,-0.0837444768219672,-2.5459197746640205,87.12006365835008
1569227286.443,31.50823332,120.40139344,12.7104,0.19430312249083675,1.78335780587743,-84.29766054550034,17.0534034834,4.98626981242,-0.0454895184436,-0.144110456605373,-2.5912436836226784,87.69449225226074
1569227286.576,31.50823304,120.40138566,12.6966,0.12404998652504072,1.7140858820644889,-84.96412610807592,17.0867789569,5.60682984351,-0.0372019422511,-0.2710632419462205,-2.522207844655853,88.43185925336876
1569227286.709,31.50823234,120.40137883,12.6992,0.19436157368250673,1.6954530687712557,-85.63615487807819,17.1164495488,6.23673377129,-0.034962359123,-0.23536548523823217,-2.5615728030637905,89.06638219606255
1569227286.843,31.50823155,120.40137203,12.7049,0.32028899474912625,1.6354344475875522,-86.30752365472446,17.1505447508,6.85738633992,-0.0313368505511,-0.0867087683866121,-2.4328916205220827,89.84671270187651
1569227286.976,31.50823059,120.40136475,12.7143,0.4043772339511277,1.5866954325543052,-87.14154963236791,17.1685038511,7.48440056205,-0.0252559718626,0.004089262458838443,-2.4479025157888885,90.62423247077301
1569227287.109,31.5082296,120.40135805,12.7203,0.5966877058005747,1.6915598389250328,-88.01371416883889,17.1740618563,8.09312355266,-0.021365341448,0.1861891393863475,-2.528350112664749,91.47201711815882
1569227287.242,31.50822844,120.40135141,12.7234,0.5728351162855339,1.7702674476684912,-89.11592734540416,17.1647264389,8.6999088863,-0.016806741591,0.21122302723008574,-2.555984317822943,92.6245899222105
1569227287.376,31.50822698,120.40134432,12.7274,0.5814929281024636,1.680874132436444,-90.68841102435263,17.1277530746,9.28700213596,-0.0144764713452,0.1881779091580538,-2.5656283592397764,94.02927380340861
1569227287.509,31.50822542,120.4013378,12.7329,0.6393479235545187,1.449388294056891,-92.64203371476039,17.0720668253,9.86418292977,-0.0153553131567,0.2892026921115268,-2.357230813299671,95.95540717826798
1569227287.642,31.50822385,120.40133056,12.7186,0.6948108945407644,1.3052305328050602,-95.22885481788794,16.9809821624,10.4256185826,-0.0129759923473,0.36758154884410743,-2.125474239372429,98.35646373795714
1569227287.776,31.50822173,120.40132444,12.728,0.7989670885950059,1.5987470992892086,-97.92856773822905,16.8598100637,10.953866522,-0.00297729021877,0.46765960580781807,-2.407592535739839,101.0950571034554
1569227287.909,31.50821931,120.40131851,12.7362,0.8553474528260936,1.8493257915699024,-101.0324297612888,16.702710144,11.4733429173,0.0019949783683,0.5197907782461446,-2.6487529185449405,104.19854240548916
1569227288.042,31.50821651,120.4013128,12.7405,0.6458711505378077,1.9201931779914019,-104.51865998843749,16.49953097,11.948615534,0.00914961944614,0.3781244304849705,-2.815991513368073,107.7286379671568
1569227288.175,31.50821316,120.401307,12.742,0.4055528215803111,2.306926208707518,-108.43680667992334,16.2567677909,12.4326726271,-0.00966497068353,0.10722825163263407,-3.1197665611658474,111.42106717321855
1569227288.309,31.50820949,120.40130148,12.7551,0.1215232207172604,2.412361936981809,-112.58551672688208,16.0034418576,12.9204869093,0.0167254514898,-0.19014967805135766,-3.2681941041096336,115.37829960898682
1569227288.442,31.50820583,120.40129662,12.7713,0.05844828460002829,2.33624331257691,-116.45942936962187,15.7140602268,13.3713657417,0.0292821506591,-0.284827335018183,-3.212807721868863,119.35400069523088
1569227288.575,31.50820238,120.4012916,12.7611,0.37039618804788377,2.242997900808991,-120.54421471743133,15.4095996029,13.761014399,0.0427333235613,-0.04112689268790845,-3.1099178422249314,123.49401721144626
1569227288.709,31.5081983,120.40128744,12.7684,0.4725140712487113,2.28763984562812,-124.77404055339572,15.082529442,14.1337603457,0.0455788733245,0.1688786757498421,-3.1381269100222853,127.80416124074601
1569227288.842,31.50819397,120.40128372,12.7789,0.3024824973805776,2.2668089839530356,-129.2013554734638,14.7200136819,14.4294409516,0.0335270424289,0.017736381450173457,-3.1815870652259997,132.3055788164365
1569227288.975,31.50818876,120.40127997,12.7935,0.09204636466237737,2.235403849084989,-134.51602657724627,14.3672595531,14.75244591,0.0735602594579,-0.1561779302508462,-3.1375938334290057,137.02956850835724
1569227289.108,31.50818411,120.40127719,12.8029,-0.05139388061869147,2.2061828262639556,-139.3973092552213,13.9956360417,14.9868429045,0.0869181819625,-0.28934865867194176,-3.1453341192268187,141.98403542138016
1569227289.242,31.50817934,120.40127481,12.808,-0.016514686373317034,2.1961096712108614,-144.36994268099608,13.6084325032,15.1838343227,0.0854967832595,-0.4226087308904358,-3.1726793047305026,147.13107769039917
1569227289.375,31.50817447,120.40127277,12.8132,0.15922802016404586,2.059247965297222,-149.411508224027,13.2144814889,15.3267472476,0.0697408181285,-0.24752029316002835,-3.086121751905112,152.31304604885665
1569227289.508,31.5081695,120.40127118,12.82,0.2657956502920641,1.7963015078895286,-154.48076887803123,12.8239270183,15.4359991997,0.0898395853024,-0.10954478353584382,-2.8807606729259483,157.53642092500164
1569227289.641,31.50816465,120.4012695,12.8053,0.07644561587672419,1.593030200744891,-159.6424203758196,12.4275575127,15.4787222383,0.0887650366899,-0.26615515303462933,-2.700677965040418,162.8293908933135
1569227289.775,31.50815922,120.4012688,12.8108,-0.20151442791933727,1.378390953663337,-165.13120878792978,12.0242796446,15.4986608491,0.081159166573,-0.6783668338981363,-2.4839014814554052,168.12568735345235
1569227289.908,31.50815423,120.40126845,12.8143,-0.13687167016932372,1.346015417724198,-170.13360776532787,11.6431330546,15.4522724166,0.0606323368517,-0.6301187071392179,-2.4646445453965455,173.2363114533109
1569227290.041,31.50814926,120.4012685,12.818,-0.19832035164876302,1.258715342198309,-175.08430133576778,11.2688599537,15.3821850659,0.0451206934206,-0.7291573442544947,-2.4185041055388354,178.32999641545797
1569227290.175,31.508144,120.40126892,12.8207,-0.13000947302635724,1.1913029055579716,179.62045966348174,10.9094780489,15.3057576163,0.0770892369467,-0.6589983056671996,-2.2946817980725935,-176.59935269590895
1569227290.308,31.50813923,120.40126962,12.8206,0.00570118382479081,1.376867591520501,174.74967279520584,10.5611112361,15.1994154331,0.0748495610008,-0.598557949269633,-2.524964376013357,-171.58734202604933
1569227290.441,31.50813453,120.40127065,12.8228,0.03531570657974269,1.291525301258103,169.8906491932067,10.2285353627,15.0554617969,0.0722433475597,-0.5239760598508666,-2.4676231037563463,-166.5664169657902
1569227290.574,31.50812947,120.40127161,12.804,-0.15659821704324628,1.088951220444407,164.8273997834501,9.93307572522,14.8588044167,0.0712888367544,-0.7515916526650079,-2.2596305545599145,-161.74212724978997
1569227290.708,31.50812506,120.40127324,12.8042,-0.11051730587244947,1.0276869946904388,160.09656727034005,9.63845594149,14.6661077674,0.0742452306251,-0.868523549181149,-2.2137320722129927,-156.8502819614362
1569227290.841,31.50812078,120.40127503,12.8062,0.21454255336162098,1.0665617983257023,155.55716469810844,9.35125629007,14.4670725678,0.0786842326696,-0.5355381142074017,-2.1755155305468286,-152.13621769922796
1569227290.974,31.50811634,120.40127724,12.8066,0.4005469802635288,1.0990027323266034,150.7972900371029,9.12526215625,14.2195256707,0.0446635434047,-0.40506039728047605,-2.3618335410083673,-147.62364329015915
1569227291.108,31.50811246,120.40127966,12.8063,-0.04945333721244877,1.0021359438409942,146.59449346610765,8.87702115489,13.9780027399,0.08378157675,-0.6386918543768312,-2.2023892209271128,-143.203557982138
1569227291.241,31.50810847,120.40128247,12.8046,-0.7670775120307691,0.9372666817618589,142.38818531075208,8.66029661336,13.7044612012,0.0855802937107,-1.4844653329877258,-2.026994504033552,-139.0908193013877
1569227291.374,31.50810479,120.4012851,12.8031,-0.7780812466691358,1.1515485139818409,138.6091405658504,8.45182836866,13.4321374253,0.08683969665,-1.554318049453102,-2.1668745461746015,-135.18107010899502
1569227291.507,31.50810114,120.40128785,12.8061,-0.4666458114289397,1.1587016268462662,135.0773082017487,8.44956603855,13.1488763886,0.127174524643,-1.5234320069250882,-2.30713312478899,-131.6311384759308
1569227291.641,31.50809716,120.4012904,12.7868,-0.2060837319598047,0.9372391761076686,131.774300386144,8.09787647367,12.8643325292,0.0856586149796,-1.0861273305695163,-2.1207819488787774,-128.04518978188145
1569227291.774,31.50809354,120.40129369,12.7845,-0.16411287015532477,1.155318194193961,128.38531227580472,7.90691678272,12.5607476957,0.0920240006859,-0.9015297495727069,-2.0929025088985713,-124.73131937218317
1569227291.907,31.50809036,120.40129692,12.7842,-0.5123439414535945,1.295823580319739,125.52646020676642,7.75779296652,12.2439342419,0.0919310222684,-1.2386073189456002,-2.2582092634707593,-121.70174349601842
1569227292.04,31.50808724,120.40130031,12.7815,-0.8001156310232114,1.2997000611842087,122.79561480888445,7.61362627558,11.9155807483,0.0867945671278,-1.5806150554850904,-2.36157984384315,-118.8679678455388
1569227292.174,31.50808392,120.4013041,12.7792,-0.9406688142265518,1.2168429823145703,120.00840439406127,7.48626432093,11.5786429978,0.0803071421079,-1.77971493549212,-2.1723646049117256,-116.1188257201601
1569227292.307,31.50808085,120.40130769,12.7778,-0.6444078386283417,1.2844727007125694,117.56606856073928,7.34831674747,11.2368154116,0.0782108509852,-1.5226847843977231,-2.3110644731695937,-113.58396597227438
1569227292.44,31.50807762,120.40131176,12.7773,-0.37580880058152366,1.3366358202941062,115.01543590784665,7.21964072965,10.8846373981,0.074808978233,-1.1989378486307467,-2.35310740110973,-111.08181806814606
1569227292.574,31.50807427,120.40131577,12.7552,-0.5953409779147238,1.2692121912734957,112.81668409079234,7.11957345733,10.5147374073,0.0732268164948,-1.2760455097554788,-2.331614619933206,-108.77704881630402
1569227292.707,31.5080715,120.40131997,12.759,-0.7382936518105196,1.0499397493242624,110.7949950655504,7.02678000434,10.1293079258,0.0747526830822,-1.5833069096233374,-2.1008164536470466,-106.57303196931778
1569227292.84,31.50806892,120.40132391,12.7608,-0.4745558056657241,1.0408809246394501,109.03622958043817,6.92753795613,9.73911357705,0.0790785253771,-1.3056865144706375,-2.076941077527749,-104.57968298113954
1569227292.973,31.50806585,120.40132905,12.7567,-0.3493390553403275,1.124839972949192,106.86416553414097,6.83880877803,9.33004230322,0.0762974011132,-1.1659579991346687,-2.150478834081581,-102.64402940787978
1569227293.107,31.50806312,120.40133407,12.7526,-0.41098519462570987,1.1730101991856778,104.85092210923992,6.77505886981,8.90968175555,0.0729649135802,-1.2761995098251768,-2.192524938083607,-100.63828699507285
1569227293.24,31.50806061,120.40133892,12.7551,-0.24586395953881382,1.0479982429448447,103.19538963359308,6.71096866004,8.46768283453,0.0734894897194,-1.1455285850623884,-2.118776450106289,-98.86386648825783
1569227293.373,31.50805818,120.40134391,12.7546,-0.09413191060040117,1.076544468896353,101.61461901595077,6.65751605583,8.01594973054,0.0740449059249,-0.9803290303536673,-2.092574634442618,-97.19528862490502
1569227293.507,31.50805588,120.40134904,12.7507,-0.21339310303910045,1.2555656080168731,100.19723583114455,6.6174441114,7.55154662017,0.0692781009685,-1.0523654474725097,-2.235857263457698,-95.66581818021857
1569227293.64,31.50805315,120.40135458,12.7301,-0.2930935851376567,1.2420382992234922,98.93593791966369,6.58330952856,7.0695498207,0.0675941615896,-1.19402167366353,-2.2881647119706043,-94.30585083915882
1569227293.773,31.50805073,120.40136046,12.7287,-0.06706404218190236,1.1739660932705949,97.71155219003853,6.5518694796,6.57609461259,0.0642769732394,-1.027854524011896,-2.1964845567757965,-93.0950074916445
1569227293.906,31.50804853,120.40136603,12.727,0.2115651861247405,1.1240571618546327,96.66647801271975,6.51981069095,6.0712462048,0.0608675268296,-0.6749868990153499,-2.2002633624128327,-91.98568213360612
1569227294.04,31.50804633,120.40137214,12.7256,0.11289262774138184,1.1220915390206678,95.72429730984692,6.50111183355,5.5549422547,0.0571133369189,-0.6628231551805168,-2.100958820806589,-91.01307130705972
1569227294.173,31.50804439,120.4013779,12.7271,-0.20982490581315305,1.1445982865994777,94.97489800355896,6.49674917407,5.03097835398,0.0564561241335,-1.0051238341673847,-2.2007495994188973,-90.19677266317657
1569227294.306,31.5080424,120.40138372,12.7274,-0.1774815576043711,1.0853248907639426,94.37486542834768,6.48799860515,4.49928436076,0.0578672072617,-1.0594508527581539,-2.0595652503991904,-89.488122752248
1569227294.439,31.50804037,120.40138958,12.723,0.09254871769683339,1.0427043777621694,93.931720612777,6.47334108257,3.96820998885,0.0550929403706,-0.763558455857984,-1.9830406159443754,-88.99554459397295
1569227294.573,31.50803783,120.40139628,12.6999,0.17216197507399336,1.1053224801312125,93.55946245433006,6.4630263288,3.43247525615,0.0543922039937,-0.6255648498941209,-2.123432883697221,-88.57082819907193
1569227294.706,31.50803596,120.40140219,12.7022,0.023451190847467208,1.0775117925528888,93.35529610205359,6.46534272282,2.89832061893,0.0555040487711,-0.7736612976750603,-1.9699253421555005,-88.30105779938259
1569227294.839,31.50803391,120.40140858,12.7034,-0.03439718385053649,1.087190776667442,93.2089543923758,6.46680049087,2.36224461115,0.0574791199172,-0.8781350879150427,-2.1374141739292085,-88.11722518619811
1569227294.973,31.50803196,120.40141449,12.6997,0.11504945266742325,1.212721343500869,93.2104983213889,6.46077324885,1.82743935178,0.0527953214255,-0.7356323516732369,-2.0632579303290153,-88.02424210441959
1569227295.106,31.50803005,120.40142043,12.6982,0.034724339998014504,1.1825026775105765,93.3637711532366,6.45500590671,1.30102353267,0.0506339300599,-0.7844866803437412,-2.278365986470918,-88.1268737474637
1569227295.239,31.508028,120.40142685,12.6973,-0.16996170504861743,1.08331574095223,93.45900298666209,6.45236613129,0.773886410364,0.048073119181,-0.9091446691029287,-1.9976321366182388,-88.20242814877625
1569227295.372,31.50802602,120.40143283,12.6986,-0.06639055235841944,0.9749095207438596,93.63038434658904,6.44241969684,0.239984326771,0.0469748387226,-0.9743505810281613,-2.0736158186645897,-88.30453479954876
1569227295.506,31.50802401,120.40143876,12.6984,0.0636375708672838,0.9383543013445149,93.80964763579604,6.42530549235,-0.301777802293,0.0455899132218,-0.7613499058276051,-1.9147504495322374,-88.45699180496476
1569227295.639,31.50802162,120.40144507,12.6791,0.13025359643548495,0.9521999919145129,93.96435470393766,6.41434188794,-0.839402443989,0.0452554135808,-0.6694158582198451,-1.9646367198481596,-88.60743179105414
1569227295.772,31.50801948,120.40145139,12.6753,0.12104705738367239,1.0983196410555973,94.1671742231999,6.40006635849,-1.37456999366,0.0376110713099,-0.7324374783375971,-2.1317007503760643,-88.74609644439599
1569227295.906,31.50801749,120.40145729,12.6699,0.11705615324962132,1.155093549079334,94.36993823605911,6.38660275438,-1.9222753236,0.0270318113472,-0.6539609563993534,-2.1715211950871813,-88.94750317964578
1569227296.039,31.50801548,120.40146322,12.6691,0.1326427889017647,1.1057866623545003,94.4995917535551,6.37617172706,-2.4699496695,0.0219128441955,-0.7389768211102979,-2.12939570076843,-89.07253593090125
1569227296.172,31.5080133,120.40146961,12.6711,0.09476623544917177,0.9287502538732004,94.68562407041416,6.36264499134,-3.01739168838,0.0193216630263,-0.7457160434193473,-1.996611956252518,-89.20806973561325
1569227296.305,31.50801126,120.4014755,12.6716,0.17412258420567342,0.8604361865395809,94.82413398531645,6.34645611369,-3.55368126851,0.0174099937199,-0.6794246335740242,-1.8661954423094274,-89.3458249482239
1569227296.439,31.50800921,120.40148139,12.6648,0.18685237529156354,0.9489531662110554,94.92996657763918,6.32725934122,-4.09084655546,0.0120912507792,-0.7064447974956833,-1.9762430562138078,-89.40251895155043
1569227296.572,31.50800663,120.40148819,12.6397,0.07700425466069578,1.0023605776635127,95.09100187001422,6.31222257363,-4.62143600493,0.00847799895068,-0.73637513300564,-2.0121319467757135,-89.51428945973448
1569227296.705,31.5080046,120.40149412,12.64,-0.04802082955441476,0.9025558619942271,95.22792653245108,6.30059234456,-5.16023339057,0.0111095569351,-0.9256533391153527,-1.998382858961605,-89.64834351701451
1569227296.838,31.50800252,120.40150004,12.6374,-0.024546799988740552,0.8609885801818243,95.3661011382671,6.28302661123,-5.69955937262,0.00942388072453,-0.950331691948727,-1.8600207033635618,-89.7512592643378
1569227296.972,31.50800025,120.40150639,12.6325,0.08535072246894189,0.9287880740565125,95.52115002293435,6.25438898096,-6.22982215849,0.00591236040047,-0.7658101106367997,-2.0039468647917835,-89.87429211782406
1569227297.105,31.50799819,120.4015123,12.6296,0.01977324414872158,1.0536829403534764,95.67481446923996,6.22919998576,-6.76404531616,0.000602933122618,-0.8325436492574843,-2.050802449547362,-89.99319025419686
1569227297.238,31.50799594,120.4015187,12.6296,-0.036621021804998634,0.8781219914452606,95.80383865910986,6.20207769568,-7.30019309623,-0.000205433022025,-0.8910151098305769,-1.9965915508670264,-90.0861410425784
1569227297.372,31.50799381,120.40152459,12.6271,0.12289457971552399,0.9591257231931469,95.95164383545014,6.17046117742,-7.82984790772,-0.00191835526707,-0.7136385210249897,-1.823832050285333,-90.19719724651213
1569227297.505,31.50799169,120.40153046,12.6228,0.19467714778745848,1.0852034019182717,95.9848285247853,6.13899831517,-8.34967142444,-0.000100139806883,-0.6600526000764888,-2.142361696442423,-90.2374944612115
1569227297.638,31.5079892,120.40153679,12.6001,0.09092736847762231,0.9607909722672994,95.99993168981196,6.10981888453,-8.87319916889,-0.000203013633319,-0.6925508243991081,-1.9032928868468164,-90.1731181197107
1569227297.771,31.50798711,120.40154269,12.5982,0.09545186527686714,0.8875219069270849,96.0322768180131,6.08616239656,-9.39446693286,0.00316148119687,-0.7487586089309507,-1.8292120662056386,-90.19771553575
1569227297.905,31.50798479,120.40154903,12.5941,0.29966969066322285,0.7632206887238875,96.00116531859284,6.05273979184,-9.91953193327,0.00182680837874,-0.5063662919894187,-1.7797119693032675,-90.13269068109723
1569227298.038,31.50798254,120.40155535,12.5933,0.3147232489698448,0.7463398873050042,95.96033620492493,6.02513235358,-10.446395324,0.00164203888145,-0.4416862671565948,-1.681823203109463,-90.07958337141496
1569227298.171,31.50798052,120.4015612,12.5918,0.04967302293440493,0.8007024953618161,95.94244960566456,6.00776287467,-10.9676144232,0.0018657377327,-0.7160860688606101,-1.7247506859084245,-90.00884360497498
1569227298.305,31.5079785,120.40156707,12.5875,-0.16059887357888916,0.8276365230575141,95.8438339369948,5.99346252517,-11.4906445657,0.00149499792911,-0.9918022227514163,-1.8329769547383072,-89.91498460851803
1569227298.438,31.50797639,120.40157293,12.5816,0.037114052130401726,0.7445268954034051,95.70724682512397,5.97482468855,-12.0206978877,-0.00643165730893,-0.8628056910426903,-1.5864267456618426,-89.73274290684404
1569227298.571,31.50797371,120.40157961,12.5555,0.3577864258562671,0.8506340777565905,95.57167634441838,5.95480043613,-12.5362313992,-0.010057060591,-0.5589113871819619,-1.763398144368486,-89.61098745373161
1569227298.704,31.50797168,120.40158546,12.5554,0.4536110154426685,0.8632164922820941,95.29647722598324,5.94001698746,-13.055079138,-0.0122195584331,-0.3947907694724093,-1.7427060311783895,-89.34065722000791
1569227298.838,31.50796974,120.40159131,12.5564,0.3494461071419744,0.7716725743825786,94.91458054784063,5.93738717926,-13.5737899176,-0.0105440806393,-0.4077486563078796,-1.7225557151335733,-88.9534452688274
1569227298.971,31.50796775,120.40159754,12.55,0.12283641029639931,1.0981098999751973,94.35374044854095,5.94823705263,-14.0773615873,-0.0168353757593,-0.7056596535035038,-1.864112842340364,-88.41731308973016
1569227299.104,31.50796587,120.40160336,12.5447,0.28062740024072824,1.1583795587268624,93.69857995986804,5.95321570981,-14.5795748659,-0.0286290701509,-0.6461841706529798,-2.044976162419294,-87.74341775637703
1569227299.237,31.50796414,120.40160875,12.5444,0.675109329162158,1.0199004011228059,92.98847763193189,5.95712630272,-15.0874221535,-0.0353059830012,-0.26077744572857003,-1.960109828845869,-86.96597020939018
1569227299.371,31.50796226,120.40161502,12.5428,0.9010029137813307,0.980676607774715,92.05796714030284,5.97564861485,-15.591846777,-0.0387122141365,0.06606785553788388,-1.8311845150380852,-86.08097774437526
1569227299.504,31.5079606,120.40162125,12.542,0.7702976492212361,1.0471501236527916,90.93892080125187,6.01971414813,-16.0934077604,-0.0433865576378,-0.1207462815885701,-1.9581672299920456,-85.02224416457764
1569227299.637,31.50795873,120.40162745,12.5203,0.7591707237751198,0.9419976575019547,89.69020563547389,6.08006411558,-16.5916274412,-0.0500029839057,-0.18753914269691108,-1.8389011295312796,-83.80336854566052
1569227299.771,31.50795724,120.40163364,12.5167,1.1421139264515883,0.9363532649444468,87.94287239622984,6.14484611687,-17.0800432662,-0.057315995602,0.12836702389146834,-1.8340562788913162,-82.20815708348066
1569227299.904,31.50795608,120.40163934,12.5123,1.4002285355966924,0.9823200918653848,85.926970987736,6.22974598558,-17.5751912672,-0.0667623465412,0.46095698560765225,-1.8637077076911426,-80.24028349029938
1569227300.037,31.50795523,120.40164497,12.5132,1.3210277058929143,0.8944520964280867,83.53243669635502,6.35325888955,-18.0595015696,-0.0706477878016,0.4210338350613708,-1.78624495130868,-77.85104523212588
1569227300.17,31.50795459,120.4016509,12.5136,1.3216113913638903,0.9233454100116099,80.46990691509343,6.50587216442,-18.5331898184,-0.0725456074333,0.35198527314918765,-1.7981593053185738,-75.0275512102615
1569227300.304,31.50795419,120.40165627,12.5122,1.6262358460143345,1.1356572289359648,77.25877137262478,6.67726569066,-19.0614199026,-0.0887517338896,0.6040477138342901,-1.8892592690308352,-71.76503234203186
1569227300.437,31.5079541,120.40166148,12.5137,1.7320843581888121,1.4077247496707344,73.87338942847964,6.88582440001,-19.4884679017,-0.0854683457801,0.800982550965742,-2.1901052938199763,-68.3218689919747
1569227300.57,31.50795396,120.40166694,12.4964,1.5858306839532013,1.4765358623168379,70.27771409143166,7.1336902925,-19.9244999998,-0.0824179109711,0.6543741586088425,-2.2414331442676283,-64.64988422466604
1569227300.704,31.50795453,120.40167209,12.5013,1.3778241127729098,1.5919296967318084,66.10867982787515,7.4116181706,-20.3620349792,-0.0819619597773,0.492108883415393,-2.295787875217349,-60.69591858124864
1569227300.837,31.50795523,120.40167625,12.5032,1.3837776047902226,1.8016635979848594,62.301136915180166,7.71663206939,-20.7616968299,-0.0856167579136,0.43923365733313247,-2.4672776676889328,-56.50873718133945
1569227300.97,31.50795631,120.40168082,12.5078,1.454882917463588,1.9863520983280727,57.4620206841848,8.04492658448,-21.128699172,-0.0867670087434,0.5477900390881699,-2.63734866337648,-51.92051121722069
1569227301.103,31.50795773,120.401685,12.5169,1.4235539439631006,1.8030611605133455,52.39390205834825,8.40546537655,-21.4511975325,-0.0850850387885,0.562075137230065,-2.510602276561418,-47.12906525823947
1569227301.237,31.50795933,120.40168847,12.5264,1.2199921464342915,1.5793885778085337,47.455381595459514,8.79719191712,-21.7526216274,-0.0806750256464,0.4072832107539664,-2.1912455008550418,-42.07327152918717
1569227301.37,31.50796126,120.40169171,12.5324,1.0028296761608502,1.4931652437995195,41.9984020759381,9.20324443833,-21.9821661801,-0.0831159209321,0.1934661879415461,-2.0486607550780658,-36.879043953091156
1569227301.503,31.5079632,120.40169435,12.5367,1.1186490917977678,1.3672081914256962,36.774524013070824,9.6242998008,-22.1743544346,-0.0863419799692,0.2648253943883594,-1.9121430758911795,-31.554122810366305
1569227301.637,31.50796501,120.40169709,12.518,1.2512447745218824,1.3144346400268794,31.464379266428413,10.0574044772,-22.3311575394,-0.0917577079683,0.4778526177212211,-1.8369822439633081,-26.104864052284483
1569227301.77,31.50796718,120.40169876,12.5246,1.1587195579392213,1.2963061342373459,26.0676217952301,10.5013534129,-22.4376425585,-0.0936355885422,0.4573391102748837,-1.7198482834879245,-20.579467177595497
1569227301.903,31.50796942,120.40169995,12.5309,0.9709766245728363,1.244917517231334,20.542339679817598,10.947119407,-22.4893763232,-0.0930727465161,0.25466618348086567,-1.672317981438755,-14.914670140058595
1569227302.036,31.50797183,120.40170075,12.5325,0.9342510774410022,1.3357818809694395,14.650388761156247,11.3839700562,-22.4910428131,-0.0977597481641,0.2642633564696131,-1.6924558785462647,-9.274929718613155
1569227302.17,31.50797405,120.40170106,12.5339,0.988429458306891,1.426671384113398,9.190307646811911,11.8168087138,-22.455677906,-0.104769142923,0.3189436165829117,-1.7750331865871334,-3.659828077004135
1569227302.303,31.5079764,120.40170093,12.5401,1.0294590395460304,1.483241705246311,3.3601202486720285,12.239725436,-22.3828836775,-0.108485129632,0.4438321505331943,-1.8416490249378317,1.9466674315221852
1569227302.436,31.50797849,120.40170032,12.5466,0.9377728767171173,1.4828611337882684,-1.9363162589628833,12.6365091701,-22.2549642778,-0.130963585274,0.383916143568125,-1.937846568313048,7.374621052946526
1569227302.569,31.50798049,120.40169996,12.5295,0.9573425835421772,1.5649251162242175,-7.246110160607913,13.0215299755,-22.099786796,-0.112464922131,0.44300746796222346,-1.9596910022093783,12.856031663638987
1569227302.703,31.50798242,120.40169852,12.5321,1.0593226584186666,1.7462767223323121,-12.927487625934202,13.3887758219,-21.9186411614,-0.119455994249,0.5640776823768651,-2.0831112283192783,18.32388696914056
1569227302.836,31.50798404,120.40169684,12.5372,1.1466694661168684,1.8412738507462947,-18.039442411420193,13.7285464835,-21.7036022039,-0.122607053752,0.7097016363715389,-2.2799841991149745,23.603517064638744
1569227302.969,31.50798543,120.40169483,12.5449,1.156644477442836,2.1303812355246907,-23.03444142633131,14.0367460896,-21.4605476255,-0.124251067459,0.7566822456930165,-2.560626203590347,28.769690508247535
1569227303.103,31.50798667,120.40169232,12.5538,0.8975841169568596,2.2010739942415367,-28.37491335936901,14.3247619697,-21.1953911407,-0.124115271375,0.5998291756749969,-2.6970295428750006,33.89859451977779
1569227303.236,31.50798754,120.40168974,12.561,0.6235905138572634,2.2424921646394895,-33.1711200896993,14.58248668,-20.9095007478,-0.127054873314,0.3069047615709169,-2.7861696834535326,38.884509061220925
1569227303.369,31.50798821,120.40168675,12.5659,0.38509374593932594,2.487522491547548,-38.33318066455593,14.804552814,-20.6088060528,-0.129171801138,0.07714533713938747,-2.920405279199147,43.81227755628966
1569227303.502,31.50798869,120.40168375,12.5728,0.34520953190153114,2.5884907675195237,-43.113992813194166,15.0054904288,-20.2926664879,-0.131286028972,-0.0038787560127853155,-3.2534004285595657,48.749545370216445
1569227303.636,31.50798934,120.40168093,12.5628,0.2953374945015547,2.4745787004856745,-47.775454352766346,15.1835038478,-19.9560414464,-0.131063672123,-0.028729538586526195,-2.9714248528212854,53.57922292489073
1569227303.769,31.50798937,120.40167749,12.5725,0.0866285603694275,2.3672297587108986,-52.410682906561036,15.3330853314,-19.6037543168,-0.128577923765,-0.18634718757736193,-3.0623972383169025,58.35196496909898
1569227303.902,31.50798918,120.40167388,12.5825,-0.1372410248057579,2.3338543867787904,-56.59343904363617,15.4311325272,-19.2384213759,-0.0938018288272,-0.44018787709709634,-2.878322767751362,62.71002827253243
1569227304.036,31.50798881,120.40166976,12.5921,-0.39830309061082875,2.2383189878144476,-60.88366443884001,15.5463112882,-18.8591657469,-0.125913759468,-0.7207863461808531,-2.9561554760935493,66.86550082905248
1569227304.169,31.50798832,120.40166579,12.5972,-0.41168289725319696,2.1118746232502716,-64.52980617903188,15.64645044,-18.4638238672,-0.116933106841,-0.7517476290751949,-2.8194343799453065,70.70429114361043
1569227304.302,31.50798762,120.40166133,12.6018,-0.4401705276632834,2.0972910315124595,-68.32914020309005,15.7132385636,-18.0591869523,-0.117450163406,-0.8007924283715946,-2.7945638846387824,74.38394790872435
1569227304.435,31.50798676,120.40165701,12.6117,-0.5893116560237185,2.0179551174113026,-71.40282193781194,15.7744008605,-17.6380705314,-0.109733316171,-0.9240118044990357,-2.7770009178026838,77.6762393659849
1569227304.569,31.50798625,120.40165253,12.5987,-0.8866364689169203,2.060353342157285,-74.3494616037329,15.8002194924,-17.2034861148,-0.105572110303,-1.2463392519925933,-2.8121688071927804,80.74250915899952
1569227304.702,31.50798503,120.4016475,12.6054,-0.9661408582369726,2.00023868479323,-77.193286195373,15.8279332898,-16.7520476214,-0.0989569431636,-1.3899436624934518,-2.7585706521656737,83.57882575243609
1569227304.835,31.50798381,120.40164264,12.6079,-0.983821972207379,1.9540777864036496,-79.47383086443789,15.8189984152,-16.2929186569,-0.113555546316,-1.4796103951678636,-2.764533401121739,86.02783180783906
1569227304.969,31.50798237,120.40163717,12.6108,-1.0485620994567264,1.7438370825042244,-81.49078602073946,15.8329883714,-15.8067377903,-0.101658937759,-1.3858706103360092,-2.549735986862612,88.05695884005824
1569227305.102,31.50798092,120.40163192,12.6153,-1.182109869057642,1.6472468083612821,-83.00233833551243,15.834323277,-15.3088147702,-0.103847475515,-1.5742860056530146,-2.459449353359481,89.72448959602669
1569227305.235,31.50797942,120.40162652,12.6228,-1.2351373837203905,1.587085193337007,-84.27691959802439,15.820260536,-14.7977713976,-0.0957793013483,-1.6217956470233408,-2.3368248528787263,91.11745995622593
1569227305.368,31.50797787,120.40162097,12.6291,-1.1926299239534304,1.5501144148240187,-85.23345020514436,15.8006127566,-14.2726434595,-0.0898763748006,-1.596921335579722,-2.3465663239870165,92.17237118071907
1569227305.502,31.50797615,120.40161486,12.6318,-1.1423957679411094,1.6613313976559614,-86.02033420553619,15.7789217356,-13.7352058222,-0.0872775246965,-1.5421538961159613,-2.3878963611948474,92.98353640247382
1569227305.635,31.50797495,120.40160876,12.6121,-1.1697989714577897,1.7789072112489253,-86.49225828733846,15.7499075794,-13.1862245445,-0.087105474263,-1.574328770970907,-2.5415044156374016,93.53785345431608
1569227305.768,31.50797327,120.40160283,12.6159,-1.21325583154546,1.8019903454856832,-86.72833597467066,15.7183640565,-12.6244429086,-0.0831090167053,-1.60824838705759,-2.5397184264296833,93.86261374144198
1569227305.902,31.50797158,120.40159679,12.6232,-1.2545801602605995,1.8105179027773963,-86.79388740324188,15.6801500033,-12.0542891269,-0.0782555889618,-1.6737964872999191,-2.544130007692191,94.00114464097783
1569227306.035,31.50796974,120.40159022,12.6305,-1.3827414506720452,1.846957097802218,-86.75561844001066,15.6481974102,-11.475534351,-0.077510844633,-1.7710732124255275,-2.5432807319838764,94.00335579704758
1569227306.168,31.50796806,120.40158404,12.6366,-1.37230757171847,1.8564697269331922,-86.63428049800426,15.6173065751,-10.8880101655,-0.0770344851913,-1.8450304121678247,-2.599285017035927,93.92951117473814
1569227306.301,31.5079663,120.40157733,12.6428,-1.142708442306269,1.8355493476723643,-86.42759966410686,15.6028773045,-10.2920312633,-0.0805676062282,-1.606721936720233,-2.53071524564503,93.75900115942078
1569227306.435,31.50796463,120.40157105,12.6506,-1.0817479382748032,1.9077691051881098,-86.30554582359609,15.5916741131,-9.69626944952,-0.0821195931871,-1.5153915310449395,-2.6445465000820145,93.64966565590744
1569227306.568,31.50796328,120.40156429,12.6388,-1.2593846466638838,1.8664318445499999,-86.17844983744321,15.5787354587,-9.0997241532,-0.0851330462737,-1.637485428103152,-2.613679871527619,93.56573736981322
1569227306.701,31.50796153,120.4015579,12.6447,-1.438138063776261,1.8088543495353049,-86.07507035910996,15.5607195538,-8.49965187456,-0.0905418579342,-1.8530743705542763,-2.610686523911048,93.48704128159731
1569227306.834,31.5079597,120.401551,12.65,-1.4299958288649304,1.737781561588963,-85.91206869536896,15.5536075058,-7.89350806135,-0.0962907008198,-1.8157537240050945,-2.5556717463152627,93.39770351687558
1569227306.968,31.50795802,120.40154455,12.6577,-1.4126492238320545,1.6439486489728383,-85.58610517272193,15.5538526627,-7.2867300194,-0.0997249674266,-1.8274363767233812,-2.519393527667239,93.15615763626425
1569227307.101,31.50795626,120.40153758,12.6659,-1.305777544002916,1.5081944979659259,-85.06413031271738,15.5593719889,-6.67607077489,-0.101857749631,-1.7402070183478162,-2.367436344480548,92.71355877278418
1569227307.234,31.50795467,120.40153112,12.6702,-1.218645258953314,1.4941178233188515,-84.53551530290576,15.5728224879,-6.06807578934,-0.105246263764,-1.6848909176257911,-2.396476167611584,92.22383315016629
1569227307.368,31.50795315,120.40152462,12.6732,-0.9621069059903534,1.4622908848755154,-84.00459235006502,15.5960387194,-5.45713063378,-0.108264828208,-1.4123627554192506,-2.359590380450014,91.7165884712558
1569227307.501,31.5079515,120.40151758,12.6771,-0.8825119085531872,1.3166307931553491,-83.45899361282322,15.6255348231,-4.84310697782,-0.106467761805,-1.2911688605971758,-2.215287667199847,91.21591765209622
1569227307.634,31.50795038,120.40151062,12.6613,-0.8292137065776539,1.3168577443717706,-83.04439307424272,15.6527435814,-4.23049433224,-0.108307617059,-1.1903883343681017,-2.1482083241846537,90.78875509622367
1569227307.767,31.50794888,120.4015041,12.6662,-0.7375291860716916,1.411585361761056,-82.64613843539651,15.6860559667,-3.61918360213,-0.108001725327,-1.1068813552511783,-2.304315206362374,90.4207399002247
1569227307.901,31.50794743,120.40149761,12.6709,-0.4752647513889204,1.6397299476507465,-82.359245610604,15.7315406912,-3.01537929458,-0.103305003099,-0.8513292137300237,-2.409570720105275,90.13523626944325
1569227308.034,31.50794584,120.40149061,12.6732,-0.3853831980372294,1.8059514470478786,-81.99303932048146,15.7798008475,-2.41639423269,-0.106609635581,-0.7230210290855075,-2.696719676820922,89.83512478038453
1569227308.167,31.50794433,120.40148406,12.6765,-0.5053622704360553,1.7751238703179824,-81.72631363042343,15.8163806429,-1.80489114843,-0.110903194644,-0.819002326739191,-2.6747638201747654,89.54938339672505
1569227308.301,31.50794273,120.40147701,12.6814,-0.5087481587469024,1.5576745082978787,-81.4084065119952,15.8546470933,-1.19244794169,-0.111831560113,-0.8815635938746822,-2.488770721387001,89.31307056525601
1569227308.434,31.50794129,120.40147049,12.6895,-0.3621666130379491,1.4097467559172925,-81.13868021256867,15.9054869757,-0.582415994852,-0.110435503091,-0.698758213474818,-2.3293653729346415,89.02697868260138
1569227308.567,31.50794024,120.4014636,12.6755,-0.3184032831448527,1.3097363001239464,-80.89424462578523,15.954990783,0.0238971799641,-0.10535542568,-0.6350496603774852,-2.281997518273724,88.80310609163311
1569227308.7,31.50793862,120.40145664,12.678,-0.4093483551765075,1.3507252890496702,-80.6020434375106,16.0035910468,0.629063415166,-0.105633142956,-0.6937399712407594,-2.2563987738133435,88.56345989494288
1569227308.834,31.50793714,120.40145021,12.6784,-0.41113304741943846,1.3927007478049684,-80.35860047746999,16.0551562555,1.22683594068,-0.107385042993,-0.7306255676498993,-2.285992510187074,88.35625293870957
1569227308.967,31.50793569,120.40144377,12.6816,-0.3040010756067084,1.376344903154101,-80.12103434060546,16.1133550312,1.8248360074,-0.106732069202,-0.6286602189429181,-2.320076103669801,88.14794046458437
1569227309.1,31.50793422,120.40143735,12.6863,-0.2638876886200633,1.333215479871762,-79.84457191088232,16.1707391897,2.432731963,-0.103716189441,-0.5798428365682392,-2.2369369221334496,87.90226445707506
1569227309.233,31.5079326,120.40143048,12.6896,-0.3883149510945394,1.451212029984942,-79.56910506214777,16.2326580238,3.02646627487,-0.102703270845,-0.6758471219136063,-2.3755155380719106,87.66701220318905
1569227309.367,31.50793099,120.40142366,12.6934,-0.4067190813672462,1.6576400012367458,-79.32650477611114,16.2911712091,3.61191156186,-0.102914910314,-0.787739226607373,-2.48793472057931,87.48948980029404
1569227309.5,31.50792955,120.40141737,12.6982,-0.2598484758386795,1.791227198936776,-79.05462973975399,16.3609544328,4.19592720242,-0.0982846195135,-0.6572258809456136,-2.6627249473660846,87.2754317043996
1569227309.633,31.50792854,120.4014107,12.6826,-0.0813387856517369,1.8317234682975265,-78.82444535424749,16.4341305905,4.77573730813,-0.0936981653127,-0.4592181279096892,-2.7766929460567744,87.05067512736602
1569227309.767,31.50792704,120.40140444,12.6884,-0.12112253946127742,1.8851007919484064,-78.58887029259712,16.494896505,5.34136272662,-0.0925562435141,-0.46144877144757435,-2.7739976279836807,86.88201099919422
1569227309.9,31.50792554,120.40139819,12.6961,-0.1455395614690885,1.847484493043391,-78.352953373443,16.561091914,5.91469776877,-0.0866294596701,-0.49434549147475976,-2.8434348648840966,86.6391208716731
1569227310.033,31.50792396,120.40139149,12.704,-0.03984140567319856,1.665946799282065,-78.21331276668235,16.6285712057,6.47438169003,-0.0813645000624,-0.45064388757291046,-2.624552268336617,86.55362318717202
1569227310.166,31.50792246,120.40138529,12.7084,0.04439654523903793,1.6002316384087554,-78.11371426440259,16.7017471907,7.06535740366,-0.0805430732903,-0.3146344771095812,-2.599221475841755,86.43394991527074
1569227310.3,31.5079208,120.40137865,12.7148,0.15012436419507955,1.5404347833583723,-78.26797199209663,16.7658584695,7.63645419087,-0.0832584080546,-0.23919083222233398,-2.4777478030454128,86.59530099465553
1569227310.433,31.50791919,120.40137253,12.7229,0.2719181583756047,1.585257903714113,-78.62423917571225,16.825227686,8.19764867079,-0.0720775384395,-0.10968461220047616,-2.496214615704885,86.88750756554448
1569227310.566,31.50791793,120.40136608,12.7074,0.512997573487235,1.7341702700251318,-79.26293500277492,16.8714203158,8.76312715751,-0.0665223928039,0.11727174794247534,-2.6843126120855247,87.45141840474291
1569227310.7,31.50791592,120.40135951,12.7107,0.572953832342517,1.7896267194099036,-80.41665389096764,16.9105131884,9.31600925472,-0.0639049074828,0.2022477348623246,-2.715631359713489,88.50649521691147
1569227310.833,31.50791384,120.4013534,12.7131,0.5696310583930952,1.7387755278116652,-81.92116505617312,16.911461419,9.89139605064,-0.0610984094429,0.1680834600306653,-2.7084363789624084,89.94549776293272
1569227310.966,31.50791155,120.40134727,12.7195,0.6713417210050752,1.4982433800644874,-83.96735035036653,16.9072636491,10.4575455725,-0.0576297732134,0.2798116011138879,-2.5470204476884852,91.94310729716787
1569227311.099,31.50790897,120.40134119,12.7262,0.7204629728231973,1.2583416835777825,-86.40973565446289,16.8621445567,11.0129624326,-0.0543021430008,0.3471320125783397,-2.2108858898256822,94.40200722195085
1569227311.233,31.50790585,120.40133481,12.7349,0.7370101963885294,1.5196737037605599,-89.42294441639905,16.7860107549,11.5444548407,-0.0439283339512,0.3311083062400455,-2.33380744187174,97.23266937114128
1569227311.366,31.50790265,120.40132901,12.7428,0.8478237144838894,1.9000654455014205,-92.64435083999565,16.669033408,12.0260813496,-0.0309361706502,0.4701947154418893,-2.8249786230292195,100.43508692069537
1569227311.499,31.50789879,120.40132285,12.7482,0.8555243651106248,2.0938269038127206,-96.47933897699971,16.5217454588,12.5226517668,-0.022746762497,0.5236126998342532,-2.932314525880634,104.09731545658674
1569227311.633,31.50789527,120.40131698,12.7283,0.6442796714163394,2.480806844658979,-100.04910534996371,16.3198881606,12.9642183666,-0.0199527774044,0.30187807505992503,-3.3392838960698468,107.7584039305478
1569227311.766,31.50789097,120.40131159,12.7384,0.2706845077628923,2.62817139099479,-103.75723751997836,16.1038809944,13.4737384283,-0.000641442221871,0.0032160203619337993,-3.4899902982145123,111.58090883842412
1569227311.899,31.50788637,120.40130635,12.7565,0.028874098835075298,2.4644497129933547,-107.58228187442357,15.8327495052,13.8915048701,0.0112638428782,-0.37955837764817824,-3.3802851686029443,115.48018001632298
1569227312.032,31.50788161,120.4013013,12.7704,0.38521277062111825,2.3993684059306166,-111.53095762820553,15.5516546344,14.3498587608,0.0222736853166,-0.059404696311238854,-3.287010093883921,119.51001197880437
1569227312.166,31.50787615,120.40129617,12.7804,0.7102615378228668,2.47552611058362,-115.95566257440007,15.2460799704,14.7876630549,0.0343105594298,0.30866738094853124,-3.3692626296541244,123.68821775283581
1569227312.299,31.50787069,120.40129177,12.7922,0.5143457713667348,2.4804180149109247,-120.19627741297879,14.9042185771,15.1781606388,0.0414321200205,0.2346549526000833,-3.3464484164212056,128.04204431631825
1569227312.432,31.50786448,120.40128744,12.8063,0.1304592040682291,2.452988026734076,-124.84740165427063,14.5420081369,15.5433399643,0.0636439961755,-0.10192716779356996,-3.3922788626723883,132.45209602736278
1569227312.565,31.50785885,120.40128327,12.7975,-0.07739025983897248,2.458892623751315,-129.28095887774796,14.1540667941,15.871423166,0.0720372932615,-0.4254837855348318,-3.3272352317659593,137.02995083586453
1569227312.699,31.50785271,120.40127982,12.8047,0.15898283425963175,2.1867922926071897,-133.86766215591473,13.7588210847,16.1293768592,0.0810600443491,-0.21875697264495728,-3.2529533196518376,141.70852226721266
1569227312.832,31.50784582,120.40127655,12.8111,0.23446764735341585,1.7971086292741496,-138.81984572926768,13.3409050097,16.3352345294,0.0825928621417,-0.11383695757732046,-2.7479052985612027,146.47009602648893
1569227312.965,31.50783927,120.40127397,12.8195,0.18039091701747123,1.5696480553365528,-143.453792353241,12.9000784443,16.4935092551,0.0572009788128,-0.21645672669132993,-2.6683666572464424,151.1896697007659
1569227313.099,31.50783258,120.40127182,12.8296,0.026321553511096156,1.4701555867836327,-148.14350311330705,12.461304668,16.6642168516,0.0888584542904,-0.39082682396902313,-2.4849083293847505,156.0649471080086
1569227313.232,31.50782526,120.40126993,12.8359,0.06280402814439173,1.2570694107619638,-153.29713201766702,12.0202263641,16.7473645202,0.0929046944939,-0.3679158002915285,-2.2708789316072395,160.95320963403225
1569227313.365,31.50781841,120.40126855,12.8381,0.3298348977565561,1.1616873490571424,-158.1005079508751,11.5723150836,16.8115824214,0.082255290066,-0.24054394785972041,-2.2616586959523723,165.8887981642354
1569227313.498,31.50781152,120.4012676,12.8401,0.5009695478089262,1.2455181188360824,-162.8315874763277,11.1370210601,16.8259380454,0.0847938495494,0.002413381763971403,-2.2965802014543337,170.7387856314539
1569227313.632,31.50780415,120.40126647,12.8238,0.4684061065642875,1.2639408375425687,-167.8814413645991,10.6823984794,16.851085376,0.0788839788787,0.05406618370167847,-2.221589060481801,175.62374262719868
1569227313.765,31.50779725,120.40126643,12.8264,0.2904405974833239,1.2786729170318885,-172.5081105407625,10.2644538456,16.7729511688,0.0824938333101,-0.1535577055302075,-2.3747998858540753,-179.61041395709955
1569227313.898,31.50779039,120.40126676,12.8256,0.11602643573052475,1.418490463040958,-177.11031259679504,9.84962317092,16.6800885738,0.079041577475,-0.37034269208691595,-2.441244447532387,-174.8523907408361
1569227314.032,31.50778305,120.40126749,12.8276,-0.047882408080539805,1.3860031940139856,177.93658304894973,9.45349810629,16.5486174883,0.0832354766664,-0.5158031439734908,-2.468721566163054,-170.11224732330936
1569227314.165,31.50777632,120.4012685,12.8321,-0.021188443373677014,1.3761592112620415,173.4640000099021,9.06280251281,16.3970685419,0.0881304553186,-0.533653377464561,-2.4271212001979094,-165.4669778264621
1569227314.298,31.50776971,120.40126985,12.834,-0.10040662307096423,1.4064168656120408,169.03824855871574,8.6982068347,16.208096598,0.092692540778,-0.6795594099014517,-2.430297041349852,-160.8833200565882
1569227314.431,31.50776272,120.40127162,12.8388,-0.11233909949599123,1.3148117455153558,164.26037523766664,8.34961219769,15.9978548589,0.097970152528,-0.6543118625763434,-2.456805915962702,-156.3011361204415
1569227314.565,31.50775615,120.40127306,12.8223,-0.19536389627060466,1.3037312866562774,159.96721286718264,8.02216215085,15.7603974915,0.100031977461,-0.8018182399428349,-2.355277003144652,-151.8526213342657
1569227314.698,31.50774996,120.40127526,12.8193,-0.09200045588361724,1.29327097478294,155.60135418145813,7.71117608655,15.5090775605,0.103022297795,-0.7730939135557396,-2.3638928641822794,-147.38301559785359
1569227314.831,31.50774388,120.40127764,12.8173,0.2874352488034996,1.3273892205764979,151.30827975932553,7.4260661717,15.2437066998,0.104610484447,-0.3898063603887789,-2.3758560447769734,-142.91248289139915
1569227314.964,31.50773754,120.40128054,12.8216,0.4266041120730644,1.1789209308029762,146.88579294663433,7.16283010416,14.9531673538,0.107010079705,-0.21633538317018597,-2.281635272331558,-138.69057075948726
1569227315.098,31.50773192,120.40128357,12.8248,0.018480903041867985,0.9132382823184453,142.7207499135211,6.9351371972,14.6328786135,0.106387602196,-0.5895120354313507,-2.0067279675381178,-134.38865576143425
1569227315.231,31.50772657,120.40128672,12.8234,-0.2827271570909879,1.1058611607427749,138.63972274138553,6.73438995093,14.3047439993,0.100039135641,-0.9864373142071496,-2.0568893693780255,-130.1586141339816
1569227315.364,31.5077209,120.40129021,12.8233,-0.15265284728795672,1.2166664715134212,134.24824412126915,6.56745806101,13.9835208781,0.096213653239,-0.9763503237246185,-2.348535760702074,-125.96571692027493
1569227315.498,31.50771575,120.40129361,12.8246,0.015188851769318099,1.117274335987906,130.52990575536293,6.39061278805,13.6442361955,0.0908449938979,-0.7330970802766954,-2.149428240072764,-122.01843592350272
1569227315.631,31.50770993,120.40129714,12.8052,0.21461858457604208,0.9533517963311138,126.79481051994085,6.24102057286,13.3008986243,0.0884070008248,-0.5736132720711733,-2.0918155153626934,-118.39397019824065
1569227315.764,31.50770515,120.40130079,12.8044,0.22413481128481247,0.9140806373748201,123.47323713376483,6.11470176044,12.9493846954,0.0851467097787,-0.5255409634727424,-2.031622159914579,-114.89945143254485
1569227315.897,31.50770055,120.40130457,12.8018,0.03981405194156548,0.9465968413829485,120.51198773112546,6.01504561585,12.5938720389,0.0795566976179,-0.6526009821239399,-1.9842809787717446,-111.76959698874919
1569227316.031,31.50769574,120.40130873,12.802,-0.2003954328845483,0.8834786338578717,117.57174669256311,5.9323151215,12.2315673636,0.0779782328389,-0.9712900803139486,-1.9944070029895222,-108.88485260869487
1569227316.164,31.50769132,120.40131261,12.8007,-0.10363509338724264,0.9527478152606583,115.06642151829612,5.85131589207,11.871036798,0.0746156811812,-0.9549512218004708,-1.996033772490413,-106.21761619605574
1569227316.297,31.50768693,120.40131654,12.8025,0.19259008009602976,0.8290931340041076,112.88187385152514,5.76822878987,11.5034074078,0.0742698350923,-0.6579111187388795,-1.9320592945034856,-103.87605301973447
1569227316.43,31.50768265,120.40132054,12.8025,0.3841581284554586,0.6952807219109534,110.97584202024137,5.70092149188,11.1396078541,0.0732262375245,-0.4133682110510003,-1.7970374596136414,-101.84765431493776
1569227316.564,31.50767766,120.40132495,12.779,0.2549998115235168,0.63067884003892,109.2710535605811,5.64031139884,10.7676346233,0.069905376242,-0.518447953750691,-1.7128869159843771,-100.09680168679928
1569227316.697,31.50767357,120.40132901,12.7767,0.12786081554203826,0.7016456100328525,108.04882854388416,5.58658730964,10.4019691387,0.0663983224703,-0.6274274592626704,-1.7624311467227691,-98.73356118752625
1569227316.83,31.50766949,120.40133309,12.775,0.12401555367229058,0.7188242046034542,107.03105714214666,5.53850851928,10.0427250644,0.0643693309635,-0.6560382198772358,-1.7753965167008423,-97.61623007095076
1569227316.964,31.50766512,120.40133749,12.7738,0.11653591889501842,0.7036683031521439,106.2036245228766,5.48865274797,9.68466574795,0.0630130711015,-0.6302821883002829,-1.8030650327411075,-96.74976954378911
1569227317.097,31.50766108,120.40134159,12.7728,0.07228201944935626,0.7016513400404527,105.71288191902397,5.4413471221,9.32759979385,0.0611401187345,-0.6882389318430406,-1.7847226334484132,-96.12364355471708
1569227317.23,31.50765701,120.40134568,12.7706,0.10817837068720557,0.672198046370659,105.55724187039853,5.39311116807,8.97238117895,0.0583911476616,-0.6760613333198309,-1.7927950769187397,-95.87487796950812
1569227317.363,31.50765256,120.40135004,12.7659,0.3829262968622919,0.7654107282739283,105.60040414740125,5.33098467255,8.61067981788,0.0499573618424,-0.45684097751748604,-1.827633743348052,-95.84600684726404
1569227317.497,31.50764842,120.40135408,12.766,0.6312540923955429,0.7798849582808468,105.73278909245208,5.26334041322,8.25408555984,0.045089543517,-0.12346858022543186,-1.9574258947839902,-95.91572767760387
1569227317.63,31.50764387,120.40135842,12.746,0.4362110701045282,0.7732460594867374,106.03396525089492,5.20374939579,7.89739622306,0.042549381747,-0.24064025519707993,-1.8983209305800333,-96.13023393302451
1569227317.763,31.50763949,120.4013628,12.7426,0.07908764105724651,0.7745456463125509,106.43262646834754,5.14708134953,7.53980177136,0.0386971232654,-0.5904847446096201,-1.9406463657183233,-96.44465873760626
1569227317.897,31.50763531,120.40136682,12.74,0.21440933373876725,0.730074557264059,106.81849244484124,5.07941093137,7.18575749243,0.0330636680207,-0.5374912150694036,-1.884945550909818,-96.78838380132137
1569227318.03,31.50763112,120.40137077,12.7406,0.2834572547900224,0.7356143663745904,107.21320774223835,5.01009467183,6.83550197121,0.0324931501201,-0.45126426934959424,-1.8623636668503656,-97.18151139126802
1569227318.163,31.50762667,120.40137493,12.74,0.31651567528549907,0.885963275062778,107.47505795529133,4.94692031305,6.48844004395,0.0334593867076,-0.4108010382586905,-1.9823032046287927,-97.43182574657084
1569227318.296,31.50762252,120.40137871,12.7391,0.4745051135455455,0.9431173685420279,107.65764203449606,4.88052782009,6.14636193351,0.0322348188042,-0.35077217169809005,-2.0706213482775766,-97.59628061094772
1569227318.43,31.50761803,120.40138269,12.7397,0.9045129868684694,0.8598471195486321,107.67653763222202,4.81124452678,5.81063914738,0.0320401616208,0.055321380151658515,-1.9946870221180595,-97.65267575245842
1569227318.563,31.50761357,120.40138666,12.7169,0.8834630002567778,0.791096504093519,107.39861364597759,4.75713473015,5.47920388185,0.0302567167705,0.11428287799157898,-1.944508189843788,-97.43483505123275
1569227318.696,31.50760969,120.40139028,12.7135,0.6296254190961783,0.7668535649881798,106.8465734266734,4.721398315,5.1532496874,0.0244821297333,-0.10249476231559207,-1.8588147195774403,-96.9109352020192
1569227318.83,31.50760554,120.40139408,12.7107,0.6454822668737736,0.7432960783174241,106.13375463997686,4.69075786816,4.83455118377,0.0170294554422,-0.2239304684414135,-1.8452581358402358,-96.26203440970328
1569227318.963,31.50760171,120.4013975,12.7137,0.8436902381836324,0.7455308023312782,105.24350268559733,4.65896370009,4.52845911131,0.0150426413354,0.008556272521328338,-1.809689903461565,-95.37910415137146
1569227319.096,31.50759803,120.40140087,12.7177,0.8116355624235694,0.6737336791853694,104.34425637688346,4.64278382983,4.23458644837,0.0169346402513,0.028667445075880073,-1.7827072149348786,-94.45936628968647
1569227319.229,31.50759445,120.40140414,12.7183,0.5980490299676464,0.7216181675479144,103.2979949822056,4.64084854944,3.95355723812,0.0166455857098,-0.1876753769647964,-1.7767314896569806,-93.38478134605892
1569227319.363,31.50759063,120.40140756,12.7172,0.5413037475914754,0.716156303928807,102.23813102865472,4.64215637882,3.67683237331,0.0152880586068,-0.3018877342340383,-1.768822905421861,-92.31235212508594
1569227319.496,31.50758709,120.40141061,12.7181,0.6807075096428499,0.7060794920166177,101.32620892517933,4.63837984675,3.4148129236,0.0154492382697,-0.2081854751732733,-1.7481194913684088,-91.33885522050547
1569227319.629,31.5075829,120.40141403,12.6992,0.6989391100931558,0.6112097366520036,100.49528854104204,4.63669331793,3.166810031,0.0177356898301,-0.09265614196780451,-1.6142859126500677,-90.46653192924423
1569227319.762,31.50757954,120.40141672,12.6975,0.5224285174654855,0.6785835316759455,99.90923194947067,4.64471549707,2.94239705219,0.0169875068161,-0.27952627290064797,-1.6404549011297764,-89.79896989249676
1569227319.896,31.50757617,120.40141919,12.6944,0.4272558569278704,0.8428650675802003,99.42948802592568,4.6477461916,2.73727038999,0.0117478882485,-0.4119504067531567,-1.7357628108480272,-89.22827344901701
1569227320.029,31.50757279,120.40142147,12.6951,0.5277215542312554,0.9005158797162341,99.2030387823973,4.64624541634,2.55597632165,0.0104482297018,-0.33407622886478544,-1.815549175607138,-88.91800990012112
1569227320.162,31.50756917,120.4014237,12.6979,0.6680996554275869,0.9470724612945363,99.02542058700604,4.64071456769,2.39385455495,0.0112437784261,-0.19924407811101577,-1.8981663445015902,-88.71686512242091
1569227320.296,31.50756586,120.40142558,12.6994,0.6809839826992082,0.9140244803649165,98.93583675439771,4.63644943169,2.2501670742,0.00989106712737,-0.13451801384062811,-1.8355176503259165,-88.5513673874648
1569227320.429,31.5075626,120.40142725,12.7008,0.6595488341793199,0.8508208825891992,98.90298806378158,4.63432494476,2.13012717486,0.00793057909537,-0.16196198828927955,-1.8217332156278012,-88.48070961535784
1569227320.562,31.50755864,120.40142915,12.6808,0.6766210827021967,0.8659796093600309,98.85473068626877,4.63307547342,2.02527198693,0.00670232676369,-0.14021375384100682,-1.771417356100517,-88.39043954291601
1569227320.695,31.50755543,120.40143038,12.6817,0.6966567466438014,0.9131156537756832,98.87132688492667,4.63144252642,1.9434486022,0.00649343413531,-0.12072421491732391,-1.8283243255013681,-88.3691052411647
1569227320.829,31.50755224,120.40143143,12.6828,0.6902179711307027,0.9381800988174998,98.8465637100617,4.63433261414,1.87503108851,0.00469692302396,-0.1376634871299214,-1.8435830248930205,-88.33180647414333
1569227320.962,31.50754885,120.40143235,12.6839,0.6816286948068031,0.9306126118658096,98.8551529863856,4.63725633513,1.82654511934,0.00431292626888,-0.14790066574724997,-1.8199295274873408,-88.30794495365764
1569227321.095,31.50754572,120.40143302,12.685,0.6992909331456822,0.9453441849158271,98.88770240473629,4.63768733342,1.79537452351,0.00380870885639,-0.1351824227613432,-1.8458158609189896,-88.31268626474072
1569227321.229,31.50754261,120.40143353,12.6863,0.7168332462951392,0.9601571918977824,98.90409728093839,4.64029480029,1.7808015908,0.00358487760304,-0.11349037448095171,-1.8311896787276989,-88.29884733145026
1569227321.362,31.50753953,120.40143394,12.688,0.7048439486463942,1.0095947118790214,98.94532541203942,4.64062110746,1.78050497824,0.00541859111006,-0.14306890699743557,-1.871416667045398,-88.31081204505902
1569227321.495,31.5075362,120.40143441,12.6901,0.6989579975708811,1.1400354898268363,98.96222652245737,4.64219914639,1.78041427896,0.00704941405646,-0.1658873646275389,-1.9917096555638585,-88.30027809384616
1569227321.628,31.50753268,120.40143524,12.6704,0.6994169462160876,1.1397776077838044,99.01069948221244,4.64206494088,1.77915464591,0.0076958710467,-0.16476895241368025,-1.9916799514383405,-88.31328722752009
1569227321.762,31.50752958,120.40143571,12.6719,0.7070100461957866,1.1309752478602586,99.02687663868491,4.6415448628,1.77848456457,0.00692886001375,-0.15737756725426258,-2.00976806646752,-88.30100958150945
1569227321.895,31.50752626,120.40143621,12.6738,0.6987255220563312,1.1232353823515693,99.06777697372797,4.64215717248,1.77812382093,0.00716879805143,-0.16873579857613688,-1.981928632094325,-88.31001119595004
1569227322.028,31.50752317,120.40143667,12.6752,0.7075965862501215,1.1305867068085032,99.08406512688528,4.64231887711,1.77882154314,0.00743338479264,-0.16254707872189228,-2.005236772244206,-88.30409312066988
1569227322.161,31.50751985,120.40143716,12.6769,0.71546468938683,1.1215631706591456,99.12511942855984,4.642617244,1.77872629282,0.00757784274264,-0.16801815620546318,-1.9773222100848067,-88.30953875227749
1569227322.295,31.50751677,120.40143762,12.6783,0.724490267207865,1.128818215303379,99.15756460930903,4.64247481252,1.77947929193,0.00768783135794,-0.15894576450433456,-1.9833747949154141,-88.30204166059026
1569227322.428,31.5075137,120.40143807,12.6797,0.7173641867263467,1.1373661252627703,99.189857430685,4.64297492755,1.7799326486,0.00790490896832,-0.1689890145428937,-1.981657612304816,-88.309637661186
1569227322.561,31.50750996,120.40143893,12.6596,0.7338231535238627,1.1358876032309229,99.22231935949144,4.64281678358,1.78055615839,0.00783404668717,-0.15759874175187463,-1.970295580548753,-88.3055814445979
1569227322.695,31.50750688,120.40143939,12.6611,0.7341090038661054,1.1356675442025101,99.24720453800117,4.64299714279,1.78124188587,0.0081158190575,-0.166254170137219,-1.9917464841997423,-88.3108228702992
1569227322.828,31.50750381,120.40143984,12.6624,0.734412426117623,1.1354864539729461,99.27951411254755,4.64299238491,1.78180181285,0.00785727282363,-0.16078172104651245,-1.9728204572320294,-88.30798980675632
1569227322.961,31.5075005,120.40144032,12.664,0.734715703058529,1.135305363754727,99.31182220612055,4.64287812574,1.78239787006,0.00823440153597,-0.16242084180657115,-1.996804588657424,-88.31205489669773
1569227323.094,31.50749743,120.40144076,12.6654,0.7437386238198034,1.1425031356117774,99.33684703279016,4.64302673522,1.78284503819,0.0081393774368,-0.16175558590545974,-1.9825162211113372,-88.31082630558754
1569227323.228,31.50749437,120.4014412,12.6669,0.7353044654849811,1.1349042145775425,99.36902009273442,4.64340752833,1.783445181,0.00809937303869,-0.16605032232322484,-2.000581423555849,-88.31529620987168
1569227323.361,31.50749106,120.40144168,12.6685,0.7443483790084394,1.142136369731768,99.40146104791272,4.64338881589,1.78386597357,0.00811342110926,-0.16206494853832035,-1.9927070896254275,-88.31480768193508
1569227323.494,31.507488,120.40144211,12.67,0.7520462336211251,1.1331723969109588,99.42637260960863,4.64336838849,1.78427238803,0.00807243392846,-0.16687062014916398,-2.0012148697634307,-88.31457748611463
1569227323.628,31.50748451,120.40144292,12.6499,0.7449405876540085,1.1417306350315377,99.45866202347844,4.64340240839,1.78468003071,0.00819899421629,-0.168554743654878,-1.996981146155914,-88.31290943025449
1569227323.761,31.50748122,120.40144339,12.6513,0.7526499809653947,1.1328010476586834,99.4909827314066,4.64337800717,1.78502936152,0.0081387683342,-0.1641751000490752,-1.9880993976829555,-88.31304732878233
1569227323.894,31.50747816,120.40144382,12.6526,0.7455493168488585,1.141363869250097,99.52326927553374,4.64351740477,1.78543035596,0.00814740307276,-0.1712399163649671,-1.9976075675639504,-88.31016132160539
1569227324.027,31.5074751,120.40144425,12.6539,0.7545875245906051,1.148543317944381,99.54830625832719,4.6434518183,1.7855453491,0.00808995972658,-0.1666334302334316,-1.9820791115776053,-88.31077289621895
1569227324.161,31.50747181,120.40144471,12.6552,0.7548934755266395,1.148357642320407,99.58060872828158,4.6434673977,1.78593814717,0.00816446569044,-0.1643316475439259,-1.9939302720633563,-88.31552446965092
1569227324.294,31.50746876,120.40144513,12.6565,0.7551992767371329,1.1481719667084944,99.61290966964684,4.64358100719,1.78613158062,0.0081287037724,-0.17178766031260806,-1.9931495189649457,-88.31346193543204
1569227324.427,31.50746571,120.40144555,12.6577,0.7628825720915405,1.1391919290962893,99.63783143340328,4.64360491814,1.78640828581,0.00809071511965,-0.16997777738265035,-2.000399358802933,-88.31609000170042
1569227324.561,31.507462,120.40144638,12.6376,0.7719440177449168,1.146396587546453,99.67026871930611,4.64362261452,1.78669868707,0.00817588812704,-0.1701491544269032,-2.0001813528710533,-88.31353449089139
1569227324.694,31.50745895,120.4014468,12.6388,0.7634882891484481,1.13881599450246,99.70243076358081,4.64357948027,1.78681388202,0.00803615374045,-0.17278951859129202,-1.9946367871486979,-88.31092579513293
1569227324.827,31.5074559,120.40144721,12.6401,0.7651512129681706,1.1547393892153008,99.72746299804878,4.64339241962,1.78702791099,0.00810458990421,-0.16963621808337717,-2.001550279820021,-88.3137675281427
