1571103792893753088,3.40936,0.00517,-0.53689,0.99789,0.00269,0.06421,-0.00951,
1571103793027033088,3.72571,-0.00174,-0.56955,0.99791,0.00205,0.06379,-0.01023,
1571103793160313088,4.04554,-0.00550,-0.61603,0.99795,0.00095,0.06316,-0.01074,
1571103793293592832,4.37923,-0.01575,-0.66435,0.99800,0.00035,0.06220,-0.01159,
1571103793426873088,4.72559,-0.02562,-0.70580,0.99813,-0.00135,0.05975,-0.01249,
1571103793560153088,5.08854,-0.03589,-0.75915,0.99825,-0.00396,0.05768,-0.01272,
1571103793693433088,5.46140,-0.04290,-0.76951,0.99844,-0.00771,0.05369,-0.01341,
1571103793826713088,5.84698,-0.05471,-0.81785,0.99848,-0.00979,0.05229,-0.01412,
1571103793959993088,6.23982,-0.05813,-0.87401,0.99846,-0.01004,0.05248,-0.01503,
1571103794093263104,6.65067,-0.06465,-0.88549,0.99850,-0.01253,0.05088,-0.01569,
1571103794226542848,7.06977,-0.07510,-0.89861,0.99857,-0.01536,0.04884,-0.01552,
1571103794359843072,7.49595,-0.08643,-0.91731,0.99865,-0.01591,0.04668,-0.01650,
1571103794493123072,7.92784,-0.09140,-0.93978,0.99866,-0.01917,0.04513,-0.01650,
1571103794626403072,8.38621,-0.09280,-0.99087,0.99862,-0.02302,0.04425,-0.01653,
1571103794759683072,8.81694,-0.09810,-0.98905,0.99863,-0.02198,0.04453,-0.01633,
1571103794892962816,9.26804,-0.11066,-1.03259,0.99867,-0.01741,0.04532,-0.01710,
1571103795026243072,9.73316,-0.11704,-1.06881,0.99863,-0.01776,0.04597,-0.01757,
1571103795159523072,10.20883,-0.10642,-1.10554,0.99854,-0.01824,0.04784,-0.01711,
1571103795292803072,10.68508,-0.11082,-1.13206,0.99859,-0.01668,0.04706,-0.01790,
1571103795426073088,11.16865,-0.11598,-1.16805,0.99860,-0.01498,0.04761,-0.01755,
1571103795559353088,11.66562,-0.10858,-1.20504,0.99856,-0.01498,0.04833,-0.01755,
1571103795692633088,12.16724,-0.10620,-1.21527,0.99872,-0.01400,0.04527,-0.01759,
1571103795825912832,12.66265,-0.11816,-1.21989,0.99886,-0.01360,0.04243,-0.01727,
1571103795959193088,13.17567,-0.12562,-1.24704,0.99887,-0.01044,0.04323,-0.01693,
1571103796092473088,13.68250,-0.13661,-1.27236,0.99884,-0.00986,0.04366,-0.01767,
1571103796225753088,14.19711,-0.14066,-1.30622,0.99883,-0.01118,0.04381,-0.01732,
1571103796359033088,14.72270,-0.14426,-1.33674,0.99869,-0.01228,0.04660,-0.01727,
1571103796492313088,15.25876,-0.15649,-1.36774,0.99868,-0.00992,0.04726,-0.01758,
1571103796625582848,15.79800,-0.16886,-1.39339,0.99875,-0.00746,0.04597,-0.01812,
1571103796758862848,16.32693,-0.17750,-1.40814,0.99883,-0.00823,0.04426,-0.01784,
1571103796892143104,16.87615,-0.18737,-1.42894,0.99886,-0.00810,0.04345,-0.01815,
1571103797025423104,17.43122,-0.19616,-1.46104,0.99883,-0.00720,0.04422,-0.01821,
1571103797158703104,17.97468,-0.20841,-1.49766,0.99882,-0.00613,0.04471,-0.01801,
1571103797291983104,18.53068,-0.21838,-1.52824,0.99879,-0.00592,0.04507,-0.01859,
1571103797425262848,19.07394,-0.23307,-1.56963,0.99870,-0.00594,0.04716,-0.01839,
1571103797558542848,19.61698,-0.24756,-1.61162,0.99871,-0.00552,0.04679,-0.01893,
1571103797691823104,20.15599,-0.24720,-1.64438,0.99876,-0.00740,0.04546,-0.01875,
1571103797825103104,20.68948,-0.26079,-1.66381,0.99876,-0.00606,0.04578,-0.01881,
1571103797958373120,21.20663,-0.26594,-1.71131,0.99865,-0.00731,0.04779,-0.01908,
1571103798091653120,21.72110,-0.26849,-1.75923,0.99861,-0.00877,0.04864,-0.01842,
1571103798224933120,22.21571,-0.27601,-1.79169,0.99852,-0.01121,0.04985,-0.01850,
1571103798358212864,22.71598,-0.28526,-1.81369,0.99847,-0.01250,0.05072,-0.01823,
1571103798491492864,23.21088,-0.29363,-1.84226,0.99851,-0.01073,0.05033,-0.01817,
1571103798624773120,23.71178,-0.31499,-1.87332,0.99856,-0.01048,0.04915,-0.01871,
1571103798758053120,24.21229,-0.32566,-1.90374,0.99857,-0.01201,0.04873,-0.01838,
1571103798891333120,24.73476,-0.33576,-1.93011,0.99848,-0.01369,0.04985,-0.01914,
1571103799024613120,25.21878,-0.34571,-1.95597,0.99840,-0.01354,0.05150,-0.01913,
1571103799157882880,25.71609,-0.36179,-1.97677,0.99850,-0.01047,0.04994,-0.01960,
1571103799291162880,26.21048,-0.36984,-1.98712,0.99864,-0.01180,0.04662,-0.02006,
1571103799424442880,26.67493,-0.37439,-2.00503,0.99866,-0.01373,0.04557,-0.02028,
1571103799557723136,27.16327,-0.37803,-2.02576,0.99860,-0.01530,0.04610,-0.02087,
1571103799691003136,27.63548,-0.38795,-2.03976,0.99861,-0.01761,0.04483,-0.02125,
1571103799824283136,28.11352,-0.40230,-2.05596,0.99864,-0.01716,0.04432,-0.02144,
1571103799957562880,28.59570,-0.42059,-2.07940,0.99856,-0.01728,0.04541,-0.02270,
1571103800090842880,29.04450,-0.41999,-2.09665,0.99849,-0.01880,0.04655,-0.02231,
1571103800224122880,29.53246,-0.43787,-2.13243,0.99853,-0.01649,0.04628,-0.02275,
1571103800357393152,30.02393,-0.43873,-2.14688,0.99853,-0.01615,0.04594,-0.02360,
1571103800490673152,30.51870,-0.47063,-2.16885,0.99856,-0.01519,0.04578,-0.02355,
1571103800623953152,31.01881,-0.48594,-2.19774,0.99861,-0.01407,0.04483,-0.02385,
1571103800757233152,31.54898,-0.49017,-2.21824,0.99870,-0.01189,0.04351,-0.02372,
1571103800890512896,32.04545,-0.50560,-2.23597,0.99876,-0.01065,0.04227,-0.02386,
1571103801023792896,32.55880,-0.52417,-2.26596,0.99875,-0.01144,0.04266,-0.02355,
1571103801157072896,33.07269,-0.51671,-2.27926,0.99878,-0.01172,0.04203,-0.02329,
1571103801290353152,33.58268,-0.53045,-2.29747,0.99883,-0.01281,0.04042,-0.02314,
1571103801423633152,34.07422,-0.53061,-2.31466,0.99886,-0.01222,0.04016,-0.02265,
1571103801556913152,34.58020,-0.55645,-2.35071,0.99882,-0.01298,0.04107,-0.02255,
1571103801690192896,35.08728,-0.55072,-2.37481,0.99887,-0.01129,0.04061,-0.02200,
1571103801823462912,35.57433,-0.56385,-2.39453,0.99889,-0.01069,0.04023,-0.02185,
1571103801956742912,36.09073,-0.56073,-2.42245,0.99890,-0.01241,0.04029,-0.02065,
1571103802090023168,36.58971,-0.55276,-2.44909,0.99892,-0.01228,0.04026,-0.01961,
1571103802223303168,37.08430,-0.55317,-2.46250,0.99901,-0.00960,0.03921,-0.01879,
1571103802356583168,37.59500,-0.54538,-2.49998,0.99908,-0.00642,0.03886,-0.01678,
1571103802489862912,38.08163,-0.53465,-2.51708,0.99910,-0.00489,0.03900,-0.01581,
1571103802623142912,38.55512,-0.51782,-2.53336,0.99917,-0.00614,0.03779,-0.01388,
1571103802756422912,39.03632,-0.50896,-2.56529,0.99924,-0.00373,0.03683,-0.01183,
1571103802889702912,39.51209,-0.48982,-2.57198,0.99927,-0.00007,0.03696,-0.00971,
1571103803022983168,39.99469,-0.46329,-2.57963,0.99936,0.00290,0.03513,-0.00668,
1571103803156253184,40.49359,-0.43621,-2.59462,0.99935,0.00338,0.03586,-0.00293,
1571103803289533184,40.99247,-0.40135,-2.62415,0.99929,0.00459,0.03722,0.00211,
1571103803422812928,41.47526,-0.33962,-2.66439,0.99919,0.00404,0.03920,0.00780,
1571103803556092928,41.97811,-0.27209,-2.69942,0.99903,0.00228,0.04093,0.01580,
1571103803689372928,42.44405,-0.18446,-2.73097,0.99878,0.00281,0.04215,0.02554,
1571103803822652928,42.90802,-0.07092,-2.76197,0.99837,0.00407,0.04389,0.03637,
1571103803955933184,43.39749,0.05667,-2.80058,0.99782,0.00413,0.04320,0.04967,
1571103804089213184,43.85238,0.22705,-2.82523,0.99697,0.00301,0.04220,0.06527,
1571103804222492928,44.28265,0.41700,-2.85507,0.99573,0.00101,0.04111,0.08262,
1571103804355762944,44.71332,0.61838,-2.89982,0.99395,0.00199,0.04266,0.10119,
1571103804489042944,45.11344,0.84059,-2.92387,0.99205,0.00550,0.04162,0.11862,
1571103804622322944,45.51178,1.07929,-2.92528,0.98961,0.00888,0.03896,0.13813,
1571103804755603200,45.86495,1.34174,-2.95265,0.98638,0.01113,0.03902,0.15939,
1571103804888883200,46.22544,1.62757,-2.96096,0.98263,0.01209,0.03616,0.18160,
1571103805022163200,46.58185,1.94126,-2.94895,0.97820,0.01510,0.03150,0.20472,
1571103805155442944,46.90710,2.25810,-2.95543,0.97301,0.01608,0.03030,0.22819,
1571103805288722944,47.23112,2.60636,-2.93559,0.96749,0.01590,0.02557,0.25109,
1571103805422002944,47.53225,2.96360,-2.91669,0.96129,0.01560,0.02134,0.27425,
1571103805555282944,47.81157,3.32851,-2.90414,0.95427,0.01800,0.01916,0.29780,
1571103805688553216,48.07666,3.70814,-2.88952,0.94667,0.02129,0.01717,0.32105,
1571103805821833216,48.31349,4.10870,-2.87555,0.93830,0.02097,0.01415,0.34488,
1571103805955112960,48.52621,4.52614,-2.85765,0.92933,0.01809,0.01005,0.36867,
1571103806088392960,48.71667,4.94684,-2.84254,0.91994,0.01530,0.00700,0.39169,
1571103806221672960,48.89230,5.36874,-2.82688,0.91032,0.01430,0.00378,0.41365,
1571103806354952960,49.06695,5.79044,-2.81346,0.90106,0.01594,0.00183,0.43340,
1571103806488233216,49.22841,6.22239,-2.80200,0.89140,0.01625,0.00065,0.45293,
1571103806621513216,49.36159,6.64769,-2.79775,0.88125,0.01586,0.00109,0.47239,
1571103806754792960,49.47008,7.05135,-2.78960,0.87128,0.01686,0.00144,0.49049,
1571103806888062976,49.56178,7.45768,-2.77010,0.86121,0.01790,-0.00035,0.50794,
1571103807021342976,49.63585,7.86751,-2.74685,0.85029,0.01725,-0.00249,0.52602,
1571103807154622976,49.69509,8.30627,-2.75003,0.83955,0.01600,-0.00316,0.54303,
1571103807287902976,49.74284,8.71701,-2.73918,0.82873,0.01643,-0.00329,0.55939,
1571103807421183232,49.77421,9.13382,-2.72444,0.81778,0.01609,-0.00556,0.57528,
1571103807554463232,49.79551,9.55239,-2.71526,0.80774,0.01481,-0.00709,0.58931,
1571103807687742976,49.82155,9.97399,-2.71039,0.79839,0.01457,-0.00494,0.60195,
1571103807821022976,49.84314,10.37803,-2.70336,0.78966,0.01425,-0.00419,0.61337,
1571103807954302976,49.85288,10.77304,-2.69466,0.78137,0.01434,-0.00548,0.62388,
1571103808087582976,49.84458,11.17391,-2.68908,0.77337,0.01386,-0.00589,0.63378,
1571103808220852992,49.84756,11.55779,-2.67999,0.76542,0.01418,-0.00438,0.64336,
1571103808354133248,49.83660,11.94145,-2.67119,0.75777,0.01488,-0.00413,0.65233,
1571103808487412992,49.80582,12.31201,-2.66590,0.75046,0.01571,-0.00298,0.66072,
1571103808620692992,49.77006,12.68036,-2.65682,0.74323,0.01493,-0.00334,0.66886,
1571103808753972992,49.73362,13.05438,-2.65357,0.73610,0.01325,-0.00538,0.67672,
1571103808887252992,49.69229,13.42954,-2.65243,0.72949,0.01283,-0.00534,0.68385,
1571103809020532992,49.65589,13.79465,-2.64277,0.72312,0.01434,-0.00267,0.69057,
1571103809153813248,49.61071,14.14782,-2.64050,0.71727,0.01495,-0.00225,0.69663,
1571103809287092992,49.56838,14.50579,-2.63275,0.71217,0.01482,-0.00280,0.70184,
1571103809420363008,49.52416,14.86749,-2.62673,0.70790,0.01524,-0.00263,0.70614,
1571103809553643008,49.49064,15.21453,-2.61878,0.70505,0.01429,-0.00273,0.70901,
1571103809686903040,49.45592,15.55881,-2.60570,0.70271,0.01302,-0.00614,0.71133,
1571103809820183040,49.42068,15.91249,-2.59332,0.70191,0.01311,-0.00809,0.71210,
1571103809953463040,49.41708,16.26021,-2.59354,0.70178,0.01484,-0.00523,0.71222,
1571103810086743040,49.39409,16.60094,-2.58599,0.70125,0.01661,-0.00424,0.71271,
1571103810220023040,49.36733,16.94515,-2.57859,0.70088,0.01626,-0.00566,0.71307,
1571103810353303040,49.34437,17.27317,-2.56941,0.70029,0.01633,-0.00649,0.71364,
1571103810486583040,49.32410,17.60656,-2.56616,0.69979,0.01713,-0.00593,0.71411,
1571103810619853056,49.30265,17.93656,-2.55753,0.69960,0.01739,-0.00647,0.71430,
1571103810753133056,49.27326,18.27014,-2.55205,0.69903,0.01524,-0.00691,0.71490,
1571103810886413056,49.25286,18.60053,-2.54944,0.69860,0.01517,-0.00767,0.71531,
1571103811019693056,49.23084,18.95889,-2.54910,0.69854,0.01575,-0.00600,0.71538,
1571103811152973056,49.21079,19.31758,-2.55196,0.69833,0.01614,-0.00443,0.71558,
1571103811286253056,49.18978,19.68688,-2.54222,0.69839,0.01726,-0.00358,0.71550,
1571103811419533056,49.16527,20.06447,-2.53674,0.69830,0.01762,-0.00426,0.71557,
1571103811552813056,49.13637,20.45817,-2.53393,0.69819,0.01512,-0.00408,0.71574,
1571103811686093056,49.12363,20.86757,-2.51640,0.69842,0.01771,-0.00373,0.71545,
1571103811819373056,49.09453,21.27972,-2.51348,0.69828,0.01752,-0.00464,0.71560,
1571103811952653056,49.06801,21.70513,-2.50613,0.69849,0.01705,-0.00694,0.71538,
1571103812085923072,49.04891,22.14601,-2.49563,0.69827,0.01712,-0.00714,0.71560,
1571103812219203072,49.02595,22.59735,-2.48380,0.69873,0.01701,-0.00725,0.71515,
1571103812352483072,48.99968,23.07181,-2.48911,0.69868,0.01617,-0.00790,0.71521,
1571103812485763072,48.98543,23.54570,-2.47748,0.69882,0.01720,-0.00708,0.71505,
1571103812619043072,48.95201,24.05468,-2.47531,0.69902,0.01612,-0.00653,0.71489,
1571103812752323072,48.91581,24.56301,-2.46917,0.69877,0.01454,-0.00781,0.71515,
1571103812885603072,48.89236,25.09270,-2.46904,0.69884,0.01381,-0.00827,0.71510,
1571103813018883072,48.86390,25.63507,-2.45839,0.69862,0.01509,-0.00664,0.71530,
1571103813152163072,48.83368,26.18657,-2.46060,0.69847,0.01413,-0.00597,0.71547,
1571103813285433088,48.80491,26.73538,-2.45515,0.69851,0.01388,-0.00587,0.71544,
1571103813418713088,48.76687,27.29466,-2.45072,0.69814,0.01317,-0.00698,0.71581,
1571103813551993088,48.74355,27.86967,-2.43218,0.69783,0.01378,-0.00642,0.71610,
1571103813685272832,48.71356,28.44739,-2.43449,0.69761,0.01378,-0.00637,0.71632,
1571103813818553088,48.68142,29.01836,-2.43604,0.69739,0.01474,-0.00504,0.71653,
1571103813951833088,48.63941,29.61216,-2.43244,0.69701,0.01379,-0.00435,0.71691,
1571103814085113088,48.61467,30.20515,-2.42787,0.69697,0.01205,-0.00513,0.71698,
1571103814218393088,48.58034,30.81316,-2.42548,0.69643,0.01160,-0.00562,0.71751,
1571103814351673088,48.54758,31.40032,-2.41745,0.69602,0.01231,-0.00422,0.71790,
1571103814484952832,48.51454,31.98215,-2.40876,0.69549,0.01288,-0.00466,0.71840,
1571103814618222848,48.48078,32.57647,-2.40378,0.69530,0.01290,-0.00513,0.71859,
1571103814751503104,48.45444,33.14302,-2.39876,0.69494,0.01349,-0.00456,0.71893,
1571103814884783104,48.40659,33.70403,-2.39082,0.69463,0.01333,-0.00404,0.71923,
1571103815018063104,48.36878,34.26480,-2.38571,0.69451,0.01295,-0.00473,0.71935,
1571103815151343104,48.32272,34.83099,-2.37611,0.69404,0.01308,-0.00448,0.71981,
1571103815284623104,48.26974,35.41739,-2.37621,0.69375,0.01464,-0.00381,0.72006,
1571103815417902848,48.23111,35.98456,-2.36974,0.69362,0.01567,-0.00203,0.72016,
1571103815551183104,48.18600,36.55265,-2.36133,0.69354,0.01509,-0.00378,0.72025,
1571103815684463104,48.15000,37.09655,-2.34376,0.69316,0.01548,-0.00462,0.72061,
1571103815817733120,48.10006,37.66775,-2.34142,0.69285,0.01589,-0.00246,0.72090,
1571103815951013120,48.05572,38.20294,-2.32517,0.69230,0.01696,-0.00228,0.72141,
1571103816084293120,48.00936,38.72966,-2.31388,0.69136,0.01774,-0.00239,0.72228,
1571103816217572864,47.95304,39.28784,-2.30996,0.69016,0.01620,-0.00138,0.72347,
1571103816350852864,47.88645,39.84502,-2.30537,0.68760,0.01698,-0.00097,0.72589,
1571103816484133120,47.80857,40.38992,-2.29864,0.68500,0.01514,-0.00127,0.72838,
1571103816617413120,47.72124,40.91579,-2.28782,0.68095,0.01382,-0.00047,0.73220,
1571103816750693120,47.61970,41.47082,-2.27463,0.67606,0.01606,0.00034,0.73667,
1571103816883973120,47.49935,42.01628,-2.26717,0.66982,0.01651,-0.00003,0.74234,
1571103817017252864,47.35686,42.57872,-2.25431,0.66187,0.01569,-0.00002,0.74946,
1571103817150522880,47.18350,43.12259,-2.25420,0.65303,0.01506,-0.00165,0.75718,
1571103817283802880,47.00553,43.65758,-2.24826,0.64296,0.01497,-0.00145,0.76575,
1571103817417083136,46.80064,44.20554,-2.24252,0.63211,0.01264,-0.00299,0.77477,
1571103817550363136,46.56524,44.71922,-2.23990,0.61998,0.01042,-0.00477,0.78453,
1571103817683643136,46.32021,45.18570,-2.23742,0.60661,0.00968,-0.00325,0.79493,
1571103817816942848,46.05982,45.63704,-2.23574,0.59281,0.00896,-0.00158,0.80529,
1571103817950222848,45.77481,46.07685,-2.22892,0.57790,0.00824,-0.00040,0.81606,
1571103818083503104,45.45650,46.57636,-2.23439,0.56167,0.00611,-0.00121,0.82734,
1571103818216783104,45.12705,47.01295,-2.22507,0.54416,0.00659,-0.00017,0.83896,
1571103818350053120,44.76794,47.40935,-2.23353,0.52542,0.00787,0.00108,0.85080,
1571103818483343104,44.39424,47.79752,-2.22947,0.50620,0.00808,0.00137,0.86238,
1571103818616613120,43.99894,48.15785,-2.23868,0.48648,0.00652,-0.00024,0.87367,
1571103818749892864,43.59825,48.49106,-2.23451,0.46662,0.00865,0.00086,0.88442,
1571103818883172864,43.18669,48.80994,-2.23211,0.44647,0.01092,0.00295,0.89473,
1571103819016453120,42.76520,49.10087,-2.23031,0.42668,0.01192,0.00394,0.90431,
1571103819149733120,42.33157,49.36645,-2.22679,0.40659,0.01206,0.00404,0.91352,
1571103819283013120,41.88590,49.61562,-2.22447,0.38663,0.01120,0.00316,0.92216,
1571103819416293120,41.42976,49.84964,-2.21568,0.36593,0.01261,0.00236,0.93055,
1571103819549572864,40.97600,50.06480,-2.20294,0.34574,0.01497,0.00339,0.93820,
1571103819682842880,40.51310,50.26412,-2.19995,0.32580,0.01416,0.00558,0.94532,
1571103819816123136,40.04699,50.42816,-2.19831,0.30568,0.01268,0.00358,0.95204,
1571103819949403136,39.57398,50.57714,-2.19705,0.28531,0.01266,0.00156,0.95835,
1571103820082683136,39.10447,50.70399,-2.20133,0.26520,0.01143,0.00221,0.96412,
1571103820215963136,38.63705,50.81314,-2.19845,0.24484,0.01094,0.00335,0.96949,
1571103820349242880,38.17370,50.90584,-2.19686,0.22450,0.01181,0.00714,0.97438,
1571103820482522880,37.70424,50.97771,-2.19485,0.20481,0.01079,0.00570,0.97873,
1571103820615802880,37.24129,51.01282,-2.19690,0.18431,0.00973,0.00216,0.98282,
1571103820749083136,36.79694,51.03266,-2.19589,0.16421,0.01121,0.00289,0.98636,
1571103820882353152,36.34530,51.05565,-2.18994,0.14563,0.01132,0.00462,0.98926,
1571103821015633152,35.89974,51.06614,-2.18477,0.12838,0.01071,0.00474,0.99166,
1571103821148913152,35.46022,51.08381,-2.17648,0.11443,0.01136,0.00488,0.99335,
1571103821282192896,35.02257,51.09192,-2.17449,0.10148,0.01226,0.00257,0.99476,
1571103821415472896,34.58018,51.09859,-2.18091,0.08868,0.01226,0.00164,0.99598,
1571103821548752896,34.15634,51.09944,-2.18068,0.07810,0.01095,0.00347,0.99688,
1571103821682033152,33.72328,51.10140,-2.17727,0.06730,0.00929,0.00296,0.99769,
1571103821815313152,33.29282,51.10113,-2.17060,0.05881,0.00974,0.00148,0.99822,
1571103821948593152,32.86451,51.10170,-2.17410,0.05182,0.00793,0.00016,0.99862,
1571103822081872896,32.43913,51.11223,-2.17488,0.04734,0.00799,-0.00140,0.99885,
1571103822215142912,32.01451,51.13059,-2.17231,0.04355,0.00899,-0.00008,0.99901,
1571103822348422912,31.58784,51.15064,-2.16833,0.04072,0.00857,0.00072,0.99913,
1571103822481703168,31.17052,51.16610,-2.15346,0.03866,0.01163,0.00039,0.99918,
1571103822614983168,30.74957,51.17862,-2.15316,0.03655,0.01150,-0.00023,0.99927,
1571103822748263168,30.33445,51.20118,-2.15936,0.03549,0.01144,0.00070,0.99930,
1571103822881542912,29.91868,51.21481,-2.15879,0.03375,0.01142,0.00043,0.99937,
1571103823014822912,29.50937,51.22999,-2.14807,0.03239,0.01188,-0.00058,0.99940,
1571103823148102912,29.09980,51.23785,-2.14449,0.03153,0.01105,-0.00207,0.99944,
1571103823281382912,28.68944,51.25508,-2.15012,0.03188,0.00795,-0.00157,0.99946,
1571103823414663168,28.28161,51.28040,-2.15543,0.03258,0.00737,0.00002,0.99944,
1571103823547933184,27.88122,51.31480,-2.15650,0.03332,0.00784,0.00051,0.99941,
1571103823681213184,27.47464,51.33955,-2.15514,0.03449,0.00715,0.00046,0.99938,
1571103823814492928,27.06984,51.36512,-2.15021,0.03544,0.00666,-0.00042,0.99935,
1571103823947772928,26.66854,51.38400,-2.14740,0.03561,0.00609,-0.00203,0.99935,
1571103824081052928,26.27298,51.40745,-2.13589,0.03601,0.00867,-0.00127,0.99931,
1571103824214333184,25.86966,51.43235,-2.12109,0.03594,0.01179,0.00015,0.99928,
1571103824347613184,25.44906,51.46044,-2.11860,0.03615,0.01164,0.00148,0.99928,
1571103824480893184,25.02112,51.47792,-2.11697,0.03580,0.01120,0.00008,0.99930,
1571103824614172928,24.58204,51.49532,-2.11050,0.03573,0.01161,-0.00096,0.99929,
1571103824747442944,24.13416,51.51484,-2.10379,0.03584,0.01200,-0.00083,0.99928,
1571103824880722944,23.67142,51.53863,-2.10521,0.03577,0.01117,0.00007,0.99930,
1571103825014002944,23.19709,51.56388,-2.10991,0.03576,0.01015,0.00139,0.99931,
1571103825147283200,22.71130,51.58702,-2.10974,0.03546,0.01042,0.00031,0.99932,
1571103825280563200,22.21348,51.60507,-2.10332,0.03543,0.01131,-0.00189,0.99931,
1571103825413843200,21.69952,51.62723,-2.10163,0.03490,0.01031,-0.00135,0.99934,
1571103825547122944,21.17385,51.65481,-2.10580,0.03468,0.01011,0.00135,0.99935,
1571103825680402944,20.63702,51.67853,-2.10448,0.03449,0.01110,0.00268,0.99934,
1571103825813682944,20.08279,51.69779,-2.09979,0.03444,0.01176,-0.00046,0.99934,
1571103825946962944,19.52026,51.71532,-2.10245,0.03404,0.01044,-0.00253,0.99936,
1571103826080233216,18.94753,51.74149,-2.10635,0.03370,0.01003,-0.00123,0.99938,
1571103826213513216,18.36971,51.76905,-2.10523,0.03306,0.01053,0.00034,0.99940,
1571103826346792960,17.78118,51.79376,-2.09967,0.03309,0.01022,-0.00081,0.99940,
1571103826480072960,17.18328,51.81355,-2.09625,0.03260,0.00985,-0.00167,0.99942,
1571103826613352960,16.56891,51.84271,-2.09303,0.03214,0.01097,-0.00035,0.99942,
1571103826746632960,15.95570,51.86943,-2.09592,0.03224,0.01041,0.00017,0.99943,
1571103826879913216,15.32769,51.89289,-2.09337,0.03163,0.00917,-0.00089,0.99946,
1571103827013193216,14.69770,51.91772,-2.08466,0.03123,0.01005,-0.00118,0.99946,
1571103827146472960,14.05640,51.94768,-2.07672,0.03092,0.01122,0.00065,0.99946,
1571103827279752960,13.41092,51.97570,-2.06607,0.03069,0.01287,0.00182,0.99944,
1571103827413022976,12.75932,52.00041,-2.05612,0.03058,0.01344,0.00173,0.99944,
1571103827546302976,12.09239,52.02967,-2.05884,0.03054,0.01304,0.00181,0.99945,
1571103827679582976,11.43113,52.05419,-2.06638,0.03001,0.01134,0.00079,0.99948,
1571103827812863232,10.76299,52.07953,-2.07772,0.03001,0.00860,0.00116,0.99951,
1571103827946143232,10.09080,52.10371,-2.07978,0.02955,0.00707,0.00192,0.99954,
1571103828079422976,9.41154,52.13546,-2.07161,0.02931,0.00922,0.00297,0.99952,
1571103828212702976,8.72027,52.16486,-2.06184,0.02955,0.01081,0.00122,0.99950,
1571103828345982976,8.03811,52.18914,-2.05520,0.02903,0.01312,-0.00122,0.99949,
1571103828479262976,7.35655,52.21772,-2.06022,0.02884,0.01176,-0.00002,0.99951,
1571103828612532992,6.66764,52.24715,-2.06450,0.02885,0.01020,0.00027,0.99953,
1571103828745813248,5.97656,52.26943,-2.06398,0.02889,0.00999,-0.00060,0.99953,
1571103828879092992,5.28053,52.29536,-2.06052,0.02885,0.01012,-0.00167,0.99953,
1571103829012372992,4.59016,52.32336,-2.05609,0.02883,0.01161,-0.00012,0.99952,
1571103829145652992,3.87593,52.35791,-2.06265,0.02920,0.00971,-0.00045,0.99953,
1571103829278932992,3.16868,52.38935,-2.06356,0.02950,0.00851,0.00050,0.99953,
1571103829412212992,2.44921,52.42108,-2.05197,0.02957,0.00972,0.00041,0.99952,
1571103829545493248,1.72537,52.45265,-2.03311,0.02965,0.01201,0.00055,0.99949,
1571103829678772992,0.99405,52.48043,-2.03460,0.02974,0.01192,-0.00056,0.99949,
1571103829812043008,0.26711,52.50671,-2.04168,0.02938,0.00871,-0.00116,0.99953,
1571103829945323008,-0.45473,52.53402,-2.03485,0.02965,0.00811,0.00089,0.99953,
1571103830078603008,-1.19714,52.56878,-2.02487,0.02972,0.00956,0.00008,0.99951,
1571103830211883008,-1.91648,52.60671,-2.02235,0.03094,0.01141,-0.00045,0.99946,
1571103830345163008,-2.62355,52.64153,-2.02379,0.03174,0.01053,-0.00027,0.99944,
1571103830478443264,-3.35280,52.68924,-2.02307,0.03231,0.00946,0.00165,0.99943,
1571103830611723008,-4.07203,52.72643,-2.02061,0.03288,0.01058,0.00332,0.99940,
1571103830745003008,-4.79227,52.75374,-2.02381,0.03308,0.01022,0.00131,0.99940,
1571103830878283008,-5.51930,52.79318,-2.02870,0.03319,0.00974,0.00120,0.99940,
1571103831011563008,-6.24611,52.83665,-2.03154,0.03282,0.00880,0.00324,0.99942,
1571103831144833024,-6.97170,52.87554,-2.03572,0.03305,0.00839,0.00315,0.99941,
1571103831278113024,-7.68576,52.89850,-2.04472,0.03286,0.00803,0.00199,0.99943,
1571103831411393024,-8.39785,52.92061,-2.04594,0.03253,0.00818,0.00117,0.99944,
1571103831544673024,-9.11276,52.94677,-2.03903,0.03252,0.00987,0.00184,0.99942,
1571103831677953024,-9.83177,52.97782,-2.03997,0.03237,0.01026,0.00086,0.99942,
1571103831811233024,-10.55022,53.00057,-2.04071,0.03221,0.01008,0.00076,0.99943,
1571103831944513024,-11.27316,53.02775,-2.04246,0.03210,0.00799,0.00103,0.99945,
1571103832077793024,-11.97148,53.05579,-2.03565,0.03183,0.00928,0.00065,0.99945,
1571103832211073024,-12.67388,53.08359,-2.02701,0.03169,0.01024,0.00136,0.99944,
1571103832344343040,-13.38204,53.11089,-2.02627,0.03126,0.00921,0.00128,0.99947,
1571103832477623040,-14.09234,53.14043,-2.03297,0.03101,0.00791,0.00138,0.99949,
1571103832610903040,-14.78433,53.16511,-2.03657,0.03075,0.00631,0.00141,0.99951,
1571103832744183040,-15.47598,53.19335,-2.02820,0.03078,0.00807,0.00153,0.99949,
1571103832877463040,-16.19490,53.22515,-2.02333,0.03053,0.00876,0.00216,0.99949,
1571103833010743040,-16.87809,53.25205,-2.01359,0.03067,0.01040,0.00120,0.99947,
1571103833144023040,-17.55839,53.28225,-2.00666,0.03069,0.01005,0.00224,0.99948,
1571103833277303040,-18.23966,53.31284,-2.00621,0.03082,0.00980,0.00348,0.99947,
1571103833410583040,-18.90725,53.33685,-2.00016,0.03109,0.01050,0.00206,0.99946,
1571103833543863040,-19.59924,53.36207,-1.99852,0.03112,0.00958,0.00059,0.99947,
1571103833677133056,-20.27980,53.38773,-1.98638,0.03107,0.01121,0.00167,0.99945,
1571103833810413056,-20.95805,53.41439,-1.97655,0.03123,0.01181,0.00274,0.99944,
1571103833943692800,-21.64455,53.43560,-1.97797,0.03114,0.01119,0.00152,0.99945,
1571103834076973056,-22.31850,53.45750,-1.97996,0.03139,0.01006,0.00063,0.99946,
1571103834210253056,-23.02399,53.49273,-1.98296,0.03125,0.00778,0.00242,0.99948,
1571103834343533056,-23.69104,53.52190,-1.98141,0.03146,0.00851,0.00356,0.99946,
1571103834476813056,-24.36172,53.54545,-1.97898,0.03131,0.00967,0.00102,0.99946,
1571103834610093056,-25.02642,53.56938,-1.97428,0.03124,0.01066,0.00159,0.99945,
1571103834743373056,-25.69488,53.59640,-1.96879,0.03115,0.01087,0.00289,0.99945,
1571103834876653056,-26.36905,53.62764,-1.96730,0.03165,0.01025,0.00405,0.99944,
1571103835009923072,-27.02592,53.65060,-1.98058,0.03195,0.00772,0.00220,0.99946,
1571103835143203072,-27.67855,53.67848,-1.98788,0.03168,0.00640,0.00151,0.99948,
1571103835276483072,-28.30135,53.70905,-1.99232,0.03192,0.00556,0.00267,0.99947,
1571103835409763072,-28.89302,53.73689,-1.99841,0.03170,0.00524,0.00271,0.99948,
1571103835543043072,-29.47404,53.76514,-1.99532,0.03211,0.00702,0.00386,0.99945,
1571103835676322816,-30.04822,53.78569,-1.98833,0.03207,0.00791,0.00271,0.99945,
1571103835809603072,-30.59532,53.80476,-1.98811,0.03220,0.00810,0.00206,0.99945,
1571103835942883072,-31.13768,53.83561,-1.98403,0.03209,0.00957,0.00311,0.99943,
1571103836076163072,-31.63885,53.85027,-1.98262,0.03199,0.00925,0.00420,0.99944,
1571103836209443072,-32.15410,53.86731,-1.98078,0.03202,0.00818,0.00350,0.99945,
1571103836342713088,-32.66581,53.88001,-1.98556,0.03171,0.00739,0.00139,0.99947,
1571103836475993088,-33.15963,53.89525,-1.98862,0.03148,0.00808,0.00144,0.99947,
1571103836609272832,-33.66980,53.91851,-1.98221,0.03078,0.00833,0.00315,0.99949,
1571103836742553088,-34.15719,53.92654,-1.98257,0.02883,0.00746,0.00493,0.99954,
1571103836875833088,-34.65540,53.91307,-1.98412,0.02499,0.00705,0.00429,0.99965,
1571103837009113088,-35.15685,53.88212,-1.97825,0.01834,0.00870,0.00344,0.99979,
1571103837142393088,-35.66930,53.83350,-1.97157,0.00944,0.00869,0.00489,0.99991,
1571103837275673088,-36.15631,53.75230,-1.96620,-0.00345,0.00825,0.00710,0.99993,
1571103837408952832,-36.66244,53.63589,-1.96719,-0.01957,0.00889,0.00842,0.99973,
1571103837542223104,-37.19955,53.49318,-1.97033,-0.03764,0.00958,0.00762,0.99922,
1571103837675503104,-37.67829,53.32130,-1.96931,-0.05795,0.00919,0.01067,0.99822,
1571103837808783104,-38.15538,53.11760,-1.97686,-0.08034,0.00697,0.01448,0.99664,
1571103837942063104,-38.62545,52.86919,-1.98172,-0.10534,0.00535,0.01334,0.99433,
1571103838075343104,-39.07283,52.58670,-1.96927,-0.13187,0.00738,0.01080,0.99118,
1571103838208622848,-39.47956,52.27776,-1.95793,-0.16069,0.00830,0.01196,0.98690,
1571103838341902848,-39.84844,51.94371,-1.95185,-0.19096,0.00773,0.01531,0.98145,
1571103838475183104,-40.17488,51.57278,-1.94359,-0.22395,0.00842,0.01715,0.97441,
1571103838608463104,-40.46368,51.17429,-1.93578,-0.25697,0.00930,0.01565,0.96625,
1571103838741743104,-40.71743,50.75090,-1.92775,-0.29089,0.01016,0.01249,0.95662,
1571103838875013120,-40.93637,50.31960,-1.91447,-0.32575,0.01076,0.01483,0.94528,
1571103839008293120,-41.11325,49.88173,-1.90535,-0.35954,0.01026,0.01575,0.93294,
1571103839141572864,-41.25852,49.42948,-1.89534,-0.39291,0.00941,0.01464,0.91941,
1571103839274852864,-41.36937,48.97562,-1.87743,-0.42548,0.01107,0.01408,0.90479,
1571103839408133120,-41.44305,48.51918,-1.85988,-0.45791,0.01355,0.01377,0.88879,
1571103839541413120,-41.47016,48.06734,-1.85435,-0.49023,0.01405,0.01213,0.87139,
1571103839674693120,-41.46719,47.62597,-1.84858,0.52080,-0.01199,-0.01133,-0.85352,
1571103839807973120,-41.44123,47.18910,-1.83884,0.55067,-0.01190,-0.01284,-0.83454,
1571103839941252864,-41.37843,46.76376,-1.82783,0.57944,-0.01232,-0.01377,-0.81480,
1571103840074522880,-41.28530,46.34986,-1.82465,0.60781,-0.01151,-0.01253,-0.79390,
1571103840207803136,-41.17663,45.94834,-1.82144,0.63402,-0.00902,-0.01369,-0.77314,
1571103840341083136,-41.03788,45.55946,-1.82951,0.66037,-0.00570,-0.01514,-0.75077,
1571103840474363136,-40.87025,45.18509,-1.83750,0.68520,-0.00547,-0.01390,-0.72820,
1571103840607643136,-40.68117,44.82753,-1.83790,0.70914,-0.00653,-0.01260,-0.70493,
1571103840740922880,-40.47524,44.48494,-1.83867,0.73196,-0.00559,-0.01362,-0.68119,
1571103840874202880,-40.24981,44.15216,-1.84643,0.75354,-0.00345,-0.01232,-0.65728,
1571103841007482880,-40.00781,43.84781,-1.85622,0.77441,-0.00014,-0.01288,-0.63256,
1571103841140763136,-39.75130,43.55941,-1.86030,0.79381,0.00126,-0.01281,-0.60803,
1571103841274033152,-39.47581,43.29621,-1.85760,0.81230,0.00074,-0.01274,-0.58311,
1571103841407313152,-39.18682,43.05153,-1.85127,0.83038,0.00088,-0.01304,-0.55705,
1571103841540593152,-38.89143,42.82432,-1.84331,0.84705,0.00239,-0.01440,-0.53131,
1571103841673872896,-38.58342,42.62330,-1.83614,0.86267,0.00205,-0.01485,-0.50555,
1571103841807152896,-38.26294,42.43481,-1.83580,0.87721,0.00009,-0.01496,-0.47987,
1571103841940433152,-37.94996,42.25633,-1.83424,0.88953,-0.00179,-0.01652,-0.45658,
1571103842073713152,-37.63643,42.09434,-1.83480,0.90145,-0.00138,-0.01633,-0.43257,
1571103842206993152,-37.32668,41.94416,-1.83300,0.91149,-0.00217,-0.01584,-0.41100,
1571103842340273152,-37.00278,41.80191,-1.83292,0.92110,-0.00344,-0.01459,-0.38905,
1571103842473552896,-36.68826,41.67984,-1.83491,0.92965,-0.00451,-0.01264,-0.36820,
1571103842606822912,-36.38106,41.55666,-1.83093,0.93661,-0.00447,-0.01234,-0.35012,
1571103842740102912,-36.09449,41.43253,-1.81608,0.94227,-0.00302,-0.01428,-0.33453,
1571103842873383168,-35.81404,41.31051,-1.80141,0.94658,-0.00356,-0.01447,-0.32212,
1571103843006663168,-35.52849,41.18910,-1.79392,0.95019,-0.00634,-0.01426,-0.31127,
1571103843139943168,-35.24903,41.06031,-1.78465,0.95307,-0.00884,-0.01475,-0.30225,
1571103843273222912,-34.96906,40.91932,-1.77641,0.95493,-0.00940,-0.01571,-0.29627,
1571103843406502912,-34.69735,40.77809,-1.76709,0.95683,-0.00756,-0.01803,-0.28998,
1571103843539782912,-34.42671,40.64195,-1.76023,0.95846,-0.00643,-0.01902,-0.28451,
1571103843673062912,-34.14988,40.51181,-1.75975,0.96004,-0.00761,-0.01719,-0.27925,
1571103843806333184,-33.88001,40.38215,-1.75578,0.96156,-0.00717,-0.01560,-0.27405,
1571103843939613184,-33.61527,40.24600,-1.74842,0.96249,-0.00701,-0.01573,-0.27076,
1571103844072893184,-33.35105,40.10616,-1.74484,0.96306,-0.00715,-0.01528,-0.26875,
1571103844206172928,-33.09242,39.96053,-1.74227,0.96312,-0.00806,-0.01362,-0.26861,
1571103844339452928,-32.83391,39.81526,-1.73793,0.96343,-0.00732,-0.01249,-0.26757,
1571103844472732928,-32.58099,39.67027,-1.72958,0.96365,-0.00576,-0.01258,-0.26682,
1571103844606013184,-32.32691,39.52757,-1.71936,0.96379,-0.00609,-0.01335,-0.26625,
1571103844739293184,-32.06893,39.39500,-1.71240,0.96414,-0.00904,-0.01353,-0.26491,
1571103844872573184,-31.80123,39.25831,-1.71401,0.96460,-0.00898,-0.01233,-0.26328,
1571103845005852928,-31.54797,39.11602,-1.70890,0.96496,-0.00654,-0.01236,-0.26204,
1571103845139132928,-31.27142,38.97423,-1.70054,0.96539,-0.00611,-0.01319,-0.26039,
1571103845272402944,-31.00997,38.84696,-1.69973,0.96589,-0.00695,-0.01346,-0.25850,
1571103845405682944,-30.71476,38.69603,-1.69878,0.96641,-0.00715,-0.01265,-0.25659,
1571103845538963200,-30.43311,38.55379,-1.69845,0.96688,-0.00618,-0.01263,-0.25484,
1571103845672243200,-30.14511,38.41422,-1.69268,0.96740,-0.00699,-0.01215,-0.25285,
1571103845805522944,-29.85236,38.27958,-1.68148,0.96783,-0.00968,-0.01309,-0.25109,
1571103845938802944,-29.55130,38.14021,-1.67107,0.96853,-0.01105,-0.01488,-0.24822,
1571103846072082944,-29.24590,37.99031,-1.66810,0.96907,-0.00854,-0.01457,-0.24620,
1571103846205362944,-28.93091,37.83864,-1.66498,0.96951,-0.00788,-0.01390,-0.24455,
1571103846338643200,-28.61394,37.68735,-1.65534,0.96997,-0.00864,-0.01561,-0.24256,
1571103846471913216,-28.26919,37.52898,-1.64885,0.97031,-0.00936,-0.01474,-0.24123,
1571103846605193216,-27.93198,37.37130,-1.63805,0.97062,-0.00903,-0.01495,-0.24000,
1571103846738472960,-27.57172,37.19772,-1.63341,0.97090,-0.00802,-0.01478,-0.23889,
1571103846871752960,-27.21213,37.02153,-1.62742,0.97111,-0.00623,-0.01539,-0.23806,
1571103847005032960,-26.83947,36.84286,-1.63013,0.97133,-0.00688,-0.01493,-0.23716,
1571103847138312960,-26.45788,36.66280,-1.63240,0.97152,-0.00800,-0.01377,-0.23644,
1571103847271593216,-26.06916,36.47564,-1.62450,0.97166,-0.00763,-0.01427,-0.23583,
1571103847404873216,-25.67197,36.28209,-1.61794,0.97179,-0.00592,-0.01409,-0.23537,
1571103847538152960,-25.26937,36.08380,-1.61203,0.97195,-0.00324,-0.01410,-0.23475,
1571103847671432960,-24.85734,35.88552,-1.60589,0.97205,-0.00379,-0.01403,-0.23434,
1571103847804702976,-24.43235,35.69465,-1.60626,0.97222,-0.00838,-0.01409,-0.23350,
1571103847937982976,-24.00221,35.49644,-1.60836,0.97239,-0.00912,-0.01239,-0.23285,
1571103848071262976,-23.56883,35.29200,-1.60743,0.97258,-0.00804,-0.01162,-0.23216,
1571103848204543232,-23.13541,35.08468,-1.60873,0.97283,-0.00620,-0.01141,-0.23117,
1571103848337823232,-22.69867,34.87616,-1.60909,0.97291,-0.00530,-0.01097,-0.23087,
1571103848471102976,-22.26096,34.67154,-1.60702,0.97300,-0.00662,-0.01094,-0.23044,
1571103848604382976,-21.81679,34.46575,-1.60449,0.97308,-0.00792,-0.01097,-0.23009,
1571103848737662976,-21.37608,34.25550,-1.60259,0.97311,-0.00753,-0.01061,-0.22997,
1571103848870942976,-20.93209,34.04748,-1.60106,0.97319,-0.00667,-0.01112,-0.22963,
1571103849004223232,-20.48804,33.83861,-1.59849,0.97322,-0.00774,-0.01133,-0.22949,
1571103849137493248,-20.04583,33.62999,-1.59056,0.97306,-0.00884,-0.01199,-0.23009,
1571103849270772992,-19.61018,33.41763,-1.57007,0.97274,-0.00996,-0.01454,-0.23122,
1571103849404052992,-19.17270,33.19512,-1.55935,0.97236,-0.00901,-0.01559,-0.23279,
1571103849537332992,-18.73682,32.97300,-1.55513,0.97192,-0.00884,-0.01708,-0.23451,
1571103849670612992,-18.29487,32.75143,-1.55469,0.97151,-0.01093,-0.01575,-0.23622,
1571103849803892992,-17.85270,32.53108,-1.54701,0.97124,-0.01120,-0.01617,-0.23728,
1571103849937173248,-17.43193,32.32072,-1.53725,0.97100,-0.01098,-0.01414,-0.23840,
1571103850070452992,-17.00239,32.09093,-1.53559,0.97074,-0.00947,-0.01451,-0.23951,
1571103850203732992,-16.58519,31.87371,-1.53021,0.97049,-0.00940,-0.01454,-0.24052,
1571103850337003008,-16.16460,31.65672,-1.52516,0.97023,-0.01079,-0.01435,-0.24153,
1571103850470283008,-15.74575,31.45221,-1.53213,0.96995,-0.01172,-0.01273,-0.24267,
1571103850603563008,-15.33386,31.21793,-1.50862,0.96942,-0.01299,-0.01289,-0.24473,
1571103850736843008,-14.94170,30.99319,-1.49695,0.96895,-0.01260,-0.01407,-0.24654,
1571103850870123264,-14.53426,30.74827,-1.49127,0.96805,-0.01143,-0.01456,-0.25009,
1571103851003403008,-14.13947,30.50311,-1.47721,0.96686,-0.01244,-0.01393,-0.25460,
1571103851136683008,-13.75808,30.24777,-1.47530,0.96527,-0.01394,-0.01308,-0.26056,
1571103851269963008,-13.36755,29.96711,-1.46657,0.96310,-0.01462,-0.01303,-0.26842,
1571103851403243008,-12.97841,29.66303,-1.46223,0.96041,-0.01430,-0.01221,-0.27795,
1571103851536523008,-12.61467,29.35187,-1.45572,0.95737,-0.01136,-0.01233,-0.28838,
1571103851669793024,-12.24142,29.02695,-1.45523,0.95401,-0.01067,-0.01197,-0.29935,
1571103851803073024,-11.88608,28.70353,-1.46346,0.95070,-0.01110,-0.00897,-0.30978,
1571103851936353024,-11.54501,28.37011,-1.46327,0.94696,-0.00988,-0.00842,-0.32109,
1571103852069633024,-11.22041,28.03246,-1.46171,0.94308,-0.01003,-0.00772,-0.33233,
1571103852202913024,-10.89790,27.67935,-1.46132,0.93900,-0.00894,-0.00710,-0.34373,
1571103852336193024,-10.58717,27.32186,-1.46385,0.93457,-0.00762,-0.00665,-0.35563,
1571103852469473024,-10.30921,26.95588,-1.45583,0.92957,-0.00936,-0.00739,-0.36846,
1571103852602753024,-10.03774,26.59707,-1.45655,0.92440,-0.01132,-0.00722,-0.38119,
1571103852736023040,-9.77666,26.22277,-1.46120,0.91869,-0.01061,-0.00632,-0.39478,
1571103852869303040,-9.54404,25.81816,-1.45510,0.91262,-0.00902,-0.00609,-0.40867,
1571103853002583040,-9.30831,25.41513,-1.46659,0.90600,-0.00799,-0.00693,-0.42314,
1571103853135863040,-9.09285,25.01196,-1.46816,0.89862,-0.00956,-0.00617,-0.43857,
1571103853269143040,-8.89959,24.58000,-1.46513,0.89080,-0.01092,-0.00566,-0.45423,
1571103853402423040,-8.73772,24.15371,-1.46076,0.88276,-0.01078,-0.00747,-0.46965,
1571103853535703040,-8.59545,23.73435,-1.44541,0.87401,-0.01056,-0.00947,-0.48571,
1571103853668983040,-8.45456,23.29282,-1.44759,0.86535,-0.01250,-0.00915,-0.50093,
1571103853802263040,-8.32594,22.86618,-1.43977,0.85667,-0.01229,-0.00957,-0.51562,
1571103853935543040,-8.22617,22.44050,-1.42535,0.84772,-0.01332,-0.01158,-0.53014,
1571103854068813056,-8.13323,22.00649,-1.41781,0.83923,-0.01246,-0.01281,-0.54349,
1571103854202093056,-8.05641,21.58647,-1.40282,0.83085,-0.01238,-0.01239,-0.55622,
1571103854335372800,-7.97462,21.16136,-1.39680,0.82279,-0.01388,-0.01223,-0.56804,
1571103854468653056,-7.90071,20.74262,-1.39084,0.81560,-0.01549,-0.01156,-0.57830,
1571103854601933056,-7.82652,20.32010,-1.38331,0.80907,-0.01337,-0.01215,-0.58744,
1571103854735213056,-7.76205,19.90702,-1.37454,0.80322,-0.01101,-0.01184,-0.59546,
1571103854868493056,-7.68197,19.50327,-1.36730,0.79849,-0.01221,-0.00913,-0.60181,
1571103855001773056,-7.59632,19.10949,-1.36098,0.79524,-0.01366,-0.00709,-0.60610,
1571103855135052800,-7.52093,18.71865,-1.35189,0.79209,-0.01205,-0.00850,-0.61022,
1571103855268333056,-7.43448,18.32919,-1.34241,0.78984,-0.01060,-0.01039,-0.61313,
1571103855401603072,-7.33837,17.94305,-1.32927,0.78891,-0.01034,-0.00959,-0.61435,
1571103855534883072,-7.23990,17.55167,-1.31431,0.78773,-0.00987,-0.01063,-0.61586,
1571103855668163072,-7.15081,17.16625,-1.31591,0.78718,-0.01064,-0.00956,-0.61656,
1571103855801443072,-7.05006,16.78440,-1.31680,0.78691,-0.01125,-0.00712,-0.61692,
1571103855934723072,-6.95632,16.40398,-1.31078,0.78661,-0.01052,-0.00699,-0.61732,
1571103856068002816,-6.86713,16.02360,-1.30197,0.78625,-0.00910,-0.00849,-0.61778,
1571103856201283072,-6.77332,15.64407,-1.29511,0.78612,-0.00856,-0.00858,-0.61796,
1571103856334563072,-6.67532,15.27300,-1.28940,0.78617,-0.00993,-0.00752,-0.61789,
1571103856467843072,-6.58208,14.90399,-1.29060,0.78606,-0.00948,-0.00718,-0.61803,
1571103856601123072,-6.49457,14.53523,-1.29152,0.78587,-0.00847,-0.00918,-0.61827,
1571103856734403072,-6.40024,14.16533,-1.28660,0.78575,-0.00978,-0.00853,-0.61841,
1571103856867672832,-6.30247,13.79281,-1.28102,0.78586,-0.01065,-0.00792,-0.61826,
1571103857000952832,-6.21271,13.41759,-1.27717,0.78556,-0.00995,-0.00765,-0.61865,
1571103857134233088,-6.12601,13.04273,-1.27585,0.78521,-0.00868,-0.00824,-0.61912,
1571103857267513088,-6.03239,12.66992,-1.27423,0.78487,-0.00966,-0.00579,-0.61956,
1571103857400793088,-5.93913,12.29970,-1.26907,0.78456,-0.01140,-0.00691,-0.61990,
1571103857534073088,-5.85737,11.92281,-1.26807,0.78362,-0.01096,-0.00683,-0.62111,
1571103857667353088,-5.77236,11.54551,-1.26823,0.78314,-0.00860,-0.00773,-0.62174,
1571103857800632832,-5.68463,11.16731,-1.26766,0.78262,-0.00859,-0.00688,-0.62240,
1571103857933913088,-5.59957,10.79053,-1.26075,0.78218,-0.00878,-0.00735,-0.62295,
1571103858067183104,-5.51686,10.41287,-1.25032,0.78184,-0.00952,-0.00936,-0.62334,
1571103858200463104,-5.43034,10.03329,-1.24324,0.78107,-0.01067,-0.00884,-0.62429,
1571103858333743104,-5.34281,9.65320,-1.24248,0.78095,-0.01047,-0.00910,-0.62444,
1571103858467023104,-5.25934,9.27029,-1.24457,0.78033,-0.00894,-0.00890,-0.62524,
1571103858600302848,-5.16900,8.89015,-1.24356,0.78073,-0.00717,-0.01029,-0.62474,
1571103858733562880,-5.07209,8.51809,-1.23336,0.78129,-0.00837,-0.00966,-0.62403,
1571103858866842880,-4.96800,8.15364,-1.21531,0.78243,-0.00906,-0.01134,-0.62257,
1571103859000123136,-4.86201,7.76541,-1.21467,0.78412,-0.00818,-0.01031,-0.62047,
1571103859133403136,-4.75268,7.40163,-1.21042,0.78656,-0.00740,-0.01139,-0.61737,
1571103859266673152,-4.62203,7.05132,-1.20338,0.78973,-0.00947,-0.01114,-0.61328,
1571103859399953152,-4.49378,6.70173,-1.18744,0.79329,-0.00974,-0.01261,-0.60864,
1571103859533232896,-4.35368,6.33335,-1.19047,0.79700,-0.00808,-0.01374,-0.60377,
1571103859666512896,-4.20306,5.98154,-1.19259,0.80142,-0.00809,-0.01150,-0.59794,
1571103859799792896,-4.04722,5.64108,-1.18873,0.80577,-0.00746,-0.01038,-0.59209,
1571103859933073152,-3.89157,5.30100,-1.18912,0.81050,-0.00744,-0.01134,-0.58558,
1571103860066353152,-3.72002,4.97330,-1.18705,0.81555,-0.00663,-0.01279,-0.57851,
1571103860199633152,-3.53440,4.64779,-1.18932,0.82064,-0.00713,-0.01074,-0.57129,
1571103860332912896,-3.35339,4.35440,-1.17629,0.82649,-0.00779,-0.01032,-0.56281,
1571103860466182912,-3.15153,4.03447,-1.16909,0.83255,-0.00696,-0.01264,-0.55377,
1571103860599462912,-2.93395,3.72457,-1.16917,0.83924,-0.00622,-0.01312,-0.54357,
1571103860732742912,-2.69539,3.45050,-1.18083,0.84749,-0.00576,-0.01169,-0.53066,
1571103860866023168,-2.44907,3.18955,-1.17835,0.85552,-0.00618,-0.01110,-0.51762,
1571103860999303168,-2.18272,2.92066,-1.17866,0.86427,-0.00580,-0.01034,-0.50290,
1571103861132583168,-1.91215,2.68575,-1.18039,0.87269,-0.00534,-0.00973,-0.48814,
1571103861265862912,-1.64865,2.46255,-1.17324,0.88013,-0.00598,-0.00911,-0.47461,
1571103861399142912,-1.37819,2.26659,-1.16875,0.88811,-0.00798,-0.00799,-0.45949,
1571103861532422912,-1.09517,2.04899,-1.16474,0.89529,-0.00685,-0.00833,-0.44536,
1571103861665703168,-0.82329,1.85401,-1.16023,0.90216,-0.00434,-0.00938,-0.43127,
1571103861798973184,-0.54122,1.67135,-1.14683,0.90895,-0.00434,-0.01005,-0.41675,
1571103861932253184,-0.24257,1.48976,-1.14899,0.91536,-0.00410,-0.00964,-0.40250,
1571103862065532928,0.05668,1.32130,-1.14899,0.92161,-0.00494,-0.00992,-0.38795,
1571103862198812928,0.36462,1.16080,-1.15125,0.92768,-0.00497,-0.00780,-0.37326,
1571103862332092928,0.67099,1.00745,-1.13881,0.93351,-0.00481,-0.00814,-0.35843,
1571103862465372928,0.98768,0.86325,-1.14376,0.93895,-0.00391,-0.00872,-0.34393,
1571103862598653184,1.30490,0.73428,-1.13513,0.94436,-0.00355,-0.00997,-0.32873,
1571103862731933184,1.62231,0.61279,-1.13247,0.94943,-0.00320,-0.01108,-0.31377,
1571103862865213184,1.95287,0.50334,-1.13362,0.95424,-0.00217,-0.01079,-0.29884,
1571103862998492928,2.27232,0.41176,-1.12865,0.95892,-0.00161,-0.01073,-0.28347,
1571103863131762944,2.59095,0.33225,-1.11596,0.96316,-0.00235,-0.01251,-0.26861,
1571103863265042944,2.92412,0.25066,-1.11643,0.96742,-0.00398,-0.01266,-0.25284,
1571103863398322944,3.25406,0.20473,-1.11615,0.97141,-0.00462,-0.01212,-0.23705,
1571103863531603200,3.58384,0.15329,-1.10351,0.97494,-0.00319,-0.01305,-0.22207,
1571103863664883200,3.90703,0.11829,-1.11368,0.97840,-0.00252,-0.01337,-0.20628,
1571103863798162944,4.23835,0.09307,-1.10408,0.98154,-0.00209,-0.01360,-0.19074,
1571103863931442944,4.57145,0.07426,-1.10439,0.98436,-0.00170,-0.01344,-0.17567,
1571103864064722944,4.89669,0.06845,-1.09541,0.98693,-0.00235,-0.01358,-0.16058,
1571103864197992960,5.23309,0.05929,-1.09524,0.98903,-0.00239,-0.01276,-0.14713,
1571103864331272960,5.56934,0.05647,-1.10643,0.99094,-0.00268,-0.01127,-0.13383,
1571103864464553216,5.90069,0.05285,-1.10556,0.99257,-0.00016,-0.01164,-0.12111,
1571103864597832960,6.23266,0.05703,-1.12293,0.99395,-0.00086,-0.01212,-0.10914,
1571103864731112960,6.55769,0.07047,-1.11541,0.99518,-0.00291,-0.01074,-0.09739,
1571103864864392960,6.88729,0.08515,-1.13325,0.99613,-0.00470,-0.01039,-0.08717,
1571103864997672960,7.22637,0.08079,-1.12391,0.99694,-0.00309,-0.01108,-0.07735,
1571103865130952960,7.54937,0.09861,-1.13643,0.99753,-0.00192,-0.01129,-0.06935,
1571103865264233216,7.87168,0.09979,-1.14412,0.99798,-0.00333,-0.01129,-0.06248,
1571103865397532928,8.19824,0.10949,-1.16231,0.99831,-0.00507,-0.01203,-0.05661,
1571103865530802944,8.52580,0.10925,-1.17169,0.99858,-0.00451,-0.01297,-0.05156,
1571103865664082944,8.85993,0.10649,-1.17754,0.99878,-0.00232,-0.01228,-0.04780,
1571103865797362944,9.19281,0.10249,-1.19149,0.99892,-0.00129,-0.01262,-0.04477,
1571103865930643200,9.52589,0.10263,-1.20823,0.99902,-0.00421,-0.01329,-0.04211,
1571103866063923200,9.88395,0.10628,-1.23347,0.99914,-0.00564,-0.01207,-0.03932,
1571103866197202944,10.23790,0.09506,-1.24620,0.99920,-0.00230,-0.01236,-0.03786,
1571103866330482944,10.60214,0.08301,-1.26111,0.99924,-0.00066,-0.01497,-0.03609,
1571103866463762944,10.98335,0.08231,-1.28386,0.99928,-0.00297,-0.01515,-0.03458,
1571103866597042944,11.37867,0.07521,-1.31023,0.99933,-0.00621,-0.01283,-0.03360,
1571103866730312960,11.78387,0.05859,-1.32036,0.99936,-0.00279,-0.01427,-0.03273,
1571103866863593216,12.19951,0.03564,-1.32472,0.99933,-0.00219,-0.01721,-0.03228,
1571103866996873216,12.64250,0.02564,-1.34391,0.99935,-0.00376,-0.01823,-0.03084,
1571103867130152960,13.10152,0.01776,-1.38470,0.99944,-0.00208,-0.01446,-0.03001,
1571103867263432960,13.57094,0.00096,-1.41087,0.99946,-0.00019,-0.01436,-0.02965,
1571103867396712960,14.05780,-0.00691,-1.42910,0.99945,-0.00298,-0.01603,-0.02904,
1571103867529992960,14.56236,-0.02253,-1.45008,0.99946,-0.00449,-0.01387,-0.02959,
1571103867663273216,15.08229,-0.05007,-1.49008,0.99948,-0.00158,-0.01067,-0.03027,
1571103867796553216,15.61244,-0.07393,-1.51271,0.99944,0.00119,-0.01365,-0.03062,
1571103867929832960,16.15881,-0.09380,-1.53142,0.99941,0.00085,-0.01529,-0.03090,
1571103868063112960,16.72012,-0.11169,-1.55963,0.99940,-0.00101,-0.01462,-0.03141,
1571103868196382976,17.29688,-0.13038,-1.59375,0.99940,-0.00147,-0.01433,-0.03145,
1571103868329662976,17.88469,-0.15345,-1.62333,0.99939,-0.00046,-0.01535,-0.03139,
1571103868462942976,18.48515,-0.17567,-1.65315,0.99938,-0.00124,-0.01474,-0.03192,
1571103868596223232,19.09672,-0.20074,-1.69002,0.99941,-0.00114,-0.01271,-0.03175,
1571103868729503232,19.71492,-0.22669,-1.71696,0.99938,-0.00097,-0.01430,-0.03208,
1571103868862782976,20.34447,-0.25125,-1.73287,0.99937,-0.00027,-0.01593,-0.03173,
1571103868996062976,20.97853,-0.27350,-1.76979,0.99938,-0.00127,-0.01471,-0.03190,
1571103869129342976,21.62447,-0.29635,-1.81143,0.99940,0.00008,-0.01362,-0.03173,
1571103869262603008,22.27642,-0.31670,-1.84183,0.99942,-0.00075,-0.01306,-0.03160,
1571103869395873024,22.93229,-0.33695,-1.86540,0.99942,-0.00078,-0.01201,-0.03175,
1571103869529153024,23.59220,-0.36435,-1.88874,0.99942,0.00026,-0.01319,-0.03152,
1571103869662433024,24.25883,-0.38127,-1.92976,0.99940,0.00113,-0.01456,-0.03140,
1571103869795713024,24.92435,-0.39502,-1.96352,0.99942,-0.00134,-0.01267,-0.03152,
1571103869928993024,25.59646,-0.41812,-1.99563,0.99946,0.00023,-0.01087,-0.03096,
1571103870062292992,26.25230,-0.43440,-2.00866,0.99946,0.00042,-0.01344,-0.02997,
1571103870195572992,26.92203,-0.44333,-2.02863,0.99946,0.00150,-0.01554,-0.02876,
1571103870328853248,27.59135,-0.44702,-2.05310,0.99948,-0.00123,-0.01660,-0.02755,
1571103870462132992,28.27786,-0.45052,-2.08745,0.99953,-0.00183,-0.01592,-0.02601,
1571103870595412992,28.95439,-0.45071,-2.11488,0.99959,-0.00089,-0.01362,-0.02527,
1571103870728683008,29.64491,-0.46539,-2.14826,0.99965,-0.00041,-0.01232,-0.02357,
1571103870861963008,30.31415,-0.46733,-2.17679,0.99966,-0.00077,-0.01222,-0.02322,
1571103870995243008,30.99384,-0.45068,-2.19906,0.99968,-0.00147,-0.01280,-0.02175,
1571103871128523008,31.66118,-0.45744,-2.21648,0.99968,0.00038,-0.01387,-0.02095,
1571103871261803264,32.31080,-0.47531,-2.24867,0.99969,0.00127,-0.01465,-0.02027,
1571103871395083008,32.97402,-0.46887,-2.28237,0.99970,-0.00043,-0.01450,-0.01968,
1571103871528363008,33.63614,-0.49057,-2.31057,0.99967,-0.00218,-0.01557,-0.02041,
1571103871661643008,34.30160,-0.49869,-2.32681,0.99966,-0.00139,-0.01610,-0.02024,
1571103871794923008,34.94720,-0.49564,-2.34685,0.99965,0.00055,-0.01616,-0.02084,
1571103871928193024,35.58581,-0.52776,-2.37213,0.99962,0.00165,-0.01723,-0.02169,
1571103872061473024,36.22981,-0.53790,-2.39057,0.99962,-0.00051,-0.01591,-0.02260,
1571103872194753024,36.84549,-0.55496,-2.39529,0.99960,-0.00124,-0.01611,-0.02325,
1571103872328033024,37.48457,-0.58474,-2.41956,0.99959,0.00267,-0.01632,-0.02351,
1571103872461313024,38.09799,-0.60426,-2.42618,0.99959,0.00524,-0.01618,-0.02319,
1571103872594593024,38.73264,-0.63591,-2.43607,0.99961,0.00485,-0.01544,-0.02294,
1571103872727873024,39.34411,-0.63039,-2.44310,0.99964,0.00467,-0.01545,-0.02134,
1571103872861153024,39.97698,-0.64310,-2.47726,0.99966,0.00682,-0.01558,-0.01983,
1571103872994433024,40.59077,-0.64511,-2.49334,0.99972,0.00690,-0.01334,-0.01816,
1571103873127713024,41.18347,-0.63346,-2.51673,0.99979,0.00582,-0.01147,-0.01564,
1571103873260983040,41.77022,-0.61659,-2.53485,0.99984,0.00481,-0.01086,-0.01339,
1571103873394263040,42.35340,-0.60087,-2.56031,0.99989,0.00383,-0.01029,-0.00963,
1571103873527543040,42.93416,-0.56997,-2.57012,0.99991,0.00691,-0.01047,-0.00367,
1571103873660823040,43.50777,-0.51396,-2.58277,0.99990,0.00859,-0.01062,0.00484,
1571103873794103040,44.05781,-0.39363,-2.58547,0.99976,0.00572,-0.01153,0.01761,
1571103873927383040,44.61087,-0.24795,-2.61360,0.99935,0.00202,-0.00987,0.03467,
1571103874060663040,45.13413,-0.06285,-2.63011,0.99839,0.00436,-0.00805,0.05592,
1571103874193943040,45.64436,0.15414,-2.63326,0.99680,0.00737,-0.00829,0.07916,
1571103874327223040,46.16316,0.40733,-2.63979,0.99448,0.00873,-0.00800,0.10428,
1571103874460493056,46.62854,0.70341,-2.64253,0.99117,0.00777,-0.00808,0.13211,
1571103874593773056,47.08029,1.04187,-2.64768,0.98685,0.00620,-0.01027,0.16117,
1571103874727052800,47.51393,1.40546,-2.65536,0.98161,0.00524,-0.01052,0.19053,
1571103874860333056,47.93068,1.78921,-2.66343,0.97555,0.00574,-0.01000,0.21946,
1571103874993613056,48.30805,2.19151,-2.66186,0.96867,0.00730,-0.01070,0.24800,
1571103875126893056,48.64999,2.61715,-2.66604,0.96072,0.00851,-0.00995,0.27722,
1571103875260173056,48.94815,3.05927,-2.67525,0.95193,0.00846,-0.00968,0.30603,
1571103875393453056,49.22043,3.51904,-2.68198,0.94237,0.00763,-0.01026,0.33433,
1571103875526732800,49.45044,3.99069,-2.68967,0.93171,0.00858,-0.00998,0.36296,
1571103875660013056,49.65148,4.47646,-2.69609,0.92014,0.00813,-0.00958,0.39138,
1571103875793283072,49.82275,4.97243,-2.69499,0.90757,0.00839,-0.01072,0.41969,
1571103875926563072,49.96551,5.47837,-2.69168,0.89387,0.00964,-0.01133,0.44808,
1571103876059843072,50.07117,5.98522,-2.69407,0.87990,0.00985,-0.01173,0.47490,
1571103876193103104,50.14569,6.49488,-2.69732,0.86508,0.00949,-0.01130,0.50142,
1571103876326383104,50.19381,7.00061,-2.69420,0.85010,0.01168,-0.01104,0.52637,
1571103876459663104,50.21731,7.50803,-2.69464,0.83509,0.01209,-0.01000,0.54990,
1571103876592942848,50.20223,8.01079,-2.70021,0.81956,0.01122,-0.00994,0.57280,
1571103876726223104,50.17764,8.51485,-2.70018,0.80401,0.01017,-0.01099,0.59442,
1571103876859493120,50.12486,8.98862,-2.68145,0.78902,0.01131,-0.01348,0.61412,
1571103876992773120,50.07866,9.46682,-2.67621,0.77610,0.01193,-0.01447,0.63034,
1571103877126073088,50.03876,9.94041,-2.67835,0.76483,0.01241,-0.01182,0.64400,
1571103877392633088,49.95102,10.88155,-2.68019,0.74603,0.01156,-0.01172,0.66571,
1571103877525913088,49.90484,11.34062,-2.67528,0.73822,0.01075,-0.01162,0.67437,
1571103877659193088,49.86552,11.78595,-2.66825,0.73142,0.01292,-0.00945,0.68174,
1571103877792473088,49.82619,12.24407,-2.66322,0.72524,0.01438,-0.00816,0.68830,
1571103877925753088,49.77516,12.66582,-2.65989,0.71982,0.01407,-0.00882,0.69396,
1571103878059033088,49.73021,13.11378,-2.66403,0.71509,0.01214,-0.01020,0.69885,
1571103878192302848,49.68153,13.54156,-2.65721,0.71099,0.01235,-0.00941,0.70303,
1571103878325583104,49.63945,13.97155,-2.65705,0.70773,0.01396,-0.00722,0.70631,
1571103878458863104,49.60351,14.40039,-2.64266,0.70475,0.01497,-0.00689,0.70927,
1571103878592143104,49.55676,14.81763,-2.63358,0.70234,0.01595,-0.00578,0.71163,
1571103878725423104,49.53619,15.24810,-2.63268,0.70135,0.01522,-0.00599,0.71263,
1571103878858683136,49.49712,15.64974,-2.61770,0.70055,0.01391,-0.00982,0.71340,
1571103878991963136,49.47439,16.05547,-2.60546,0.70054,0.01482,-0.01068,0.71338,
1571103879125242880,49.45731,16.46697,-2.59885,0.70086,0.01647,-0.00837,0.71306,
1571103879258522880,49.43860,16.86979,-2.59315,0.70076,0.01761,-0.00690,0.71315,
1571103879525073152,49.39569,17.66524,-2.57659,0.70049,0.01911,-0.00977,0.71334,
1571103879791633152,49.35217,18.49356,-2.56930,0.70014,0.01609,-0.00982,0.71376,
1571103879924912896,49.32403,18.91210,-2.56285,0.69976,0.01716,-0.00841,0.71412,
1571103880191472896,49.28415,19.78328,-2.55055,0.69957,0.01931,-0.00502,0.71429,
1571103880458033152,49.23063,20.69861,-2.54455,0.69897,0.01759,-0.00605,0.71491,
1571103880591313152,49.19305,21.15166,-2.54061,0.69864,0.01854,-0.00653,0.71520,
1571103880857862912,49.13988,22.13227,-2.51237,0.69757,0.01898,-0.00952,0.71620,
1571103881124422912,49.07558,23.15873,-2.50539,0.69698,0.01750,-0.00982,0.71681,
1571103881257703168,49.04039,23.65996,-2.48734,0.69671,0.01713,-0.00915,0.71709,
1571103881390983168,48.99668,24.18049,-2.48670,0.69681,0.01595,-0.00934,0.71702,
1571103881657542912,48.94258,25.24822,-2.47743,0.69718,0.01459,-0.01054,0.71667,
1571103881790822912,48.90829,25.77351,-2.46549,0.69708,0.01483,-0.00957,0.71677,
1571103882057372928,48.85257,26.85501,-2.45819,0.69736,0.01418,-0.00881,0.71653,
1571103882323933184,48.79697,27.97270,-2.44397,0.69688,0.01404,-0.00902,0.71700,
1571103882457212928,48.76193,28.50386,-2.44653,0.69679,0.01454,-0.00872,0.71708,
1571103882857052928,48.67280,30.18548,-2.43142,0.69672,0.01255,-0.00747,0.71719,
1571103882990333184,48.64748,30.71580,-2.42742,0.69642,0.01250,-0.00815,0.71748,
1571103883256883200,48.57917,31.80882,-2.41856,0.69597,0.01497,-0.00719,0.71788,
1571103883523442944,48.51661,32.89483,-2.40966,0.69601,0.01410,-0.00899,0.71783,
1571103883790002944,48.44852,34.00007,-2.40391,0.69608,0.01440,-0.00684,0.71779,
1571103884056563200,48.37460,35.09270,-2.40580,0.69617,0.01428,-0.00781,0.71770,
1571103884189842944,48.34384,35.59504,-2.40182,0.69631,0.01576,-0.00648,0.71754,
1571103884323122944,48.32108,36.08641,-2.38977,0.69650,0.01677,-0.00604,0.71734,
1571103884589672960,48.25287,37.12063,-2.38031,0.69681,0.01631,-0.00861,0.71701,
1571103884856233216,48.19564,38.17613,-2.37984,0.69744,0.01782,-0.00591,0.71640,
1571103884989512960,48.17957,38.64892,-2.36384,0.69755,0.01753,-0.00717,0.71628,
1571103885122792960,48.16262,39.12534,-2.36536,0.69807,0.01764,-0.00489,0.71579,
1571103885522632960,48.10270,40.57763,-2.36296,0.69879,0.01586,-0.00526,0.71513,
1571103885655913216,48.06739,41.03670,-2.35042,0.69831,0.01551,-0.00384,0.71562,
1571103885789193216,48.04728,41.47818,-2.34598,0.69774,0.01823,-0.00319,0.71611,
1571103886189022976,47.86204,42.78221,-2.33861,0.68657,0.01864,-0.00139,0.72682,
1571103886322302976,47.74695,43.17246,-2.32956,0.67791,0.01998,-0.00142,0.73487,
1571103886588863232,47.42239,43.91750,-2.32031,0.65317,0.01925,-0.00337,0.75696,
1571103886722142976,47.23401,44.25835,-2.30584,0.63815,0.01879,-0.00404,0.76968,
1571103886988702976,46.74724,44.89190,-2.30379,0.60202,0.01477,-0.00660,0.79831,
1571103887255252992,46.21677,45.45289,-2.30238,0.56275,0.01289,-0.00673,0.82650,
1571103887521832960,45.63831,45.96519,-2.30539,0.52239,0.01133,-0.00571,0.85261,
1571103887788392960,45.01814,46.37966,-2.30399,0.48041,0.00844,-0.00611,0.87698,
1571103887921672960,44.69958,46.54604,-2.31651,0.45857,0.00877,-0.00440,0.88860,
1571103888054953216,44.37795,46.70912,-2.31632,0.43673,0.01039,-0.00318,0.89953,
1571103888188233216,44.05103,46.86764,-2.30988,0.41493,0.01191,-0.00276,0.90977,
1571103888321502976,43.71864,47.00134,-2.31688,0.39403,0.01124,-0.00359,0.91902,
1571103888454782976,43.39332,47.12648,-2.30897,0.37461,0.01150,-0.00452,0.92710,
1571103888588062976,43.06240,47.25424,-2.30780,0.35606,0.01169,-0.00480,0.93438,
1571103888721342976,42.74101,47.37284,-2.30224,0.33880,0.01330,-0.00280,0.94076,
1571103888854622976,42.41844,47.48374,-2.29416,0.32249,0.01505,-0.00174,0.94645,
1571103888987903232,42.09581,47.59284,-2.29120,0.30760,0.01497,-0.00133,0.95140,
1571103889121182976,41.78011,47.70210,-2.28888,0.29535,0.01427,-0.00296,0.95528,
1571103889254462976,41.46718,47.81474,-2.28379,0.28449,0.01542,-0.00373,0.95855,
1571103889387742976,41.15692,47.94003,-2.27962,0.27669,0.01602,-0.00307,0.96082,
1571103889521022976,40.84679,48.06881,-2.27491,0.27067,0.01612,-0.00161,0.96253,
1571103889787572992,40.23122,48.35414,-2.26787,0.26221,0.01579,-0.00294,0.96488,
1571103889920853248,39.90655,48.49783,-2.26308,0.25789,0.01462,-0.00446,0.96605,
1571103890054132992,39.58014,48.64824,-2.25429,0.25467,0.01411,-0.00565,0.96691,
1571103890187412992,39.24684,48.80366,-2.24736,0.25146,0.01412,-0.00474,0.96775,
1571103890320692992,38.90110,48.95987,-2.24382,0.24791,0.01487,-0.00479,0.96866,
1571103890453972992,38.54115,49.11530,-2.23874,0.24433,0.01349,-0.00549,0.96958,
1571103890587252992,38.17204,49.27590,-2.22529,0.24097,0.01472,-0.00552,0.97040,
1571103890720533248,37.79342,49.43926,-2.21103,0.23788,0.01633,-0.00597,0.97114,
1571103890853803008,37.39516,49.59635,-2.20669,0.23365,0.01602,-0.00736,0.97216,
1571103890987083008,36.98157,49.75224,-2.21150,0.22866,0.01436,-0.00703,0.97338,
1571103891253643008,36.11104,50.04380,-2.20486,0.21605,0.01533,-0.00529,0.97625,
1571103891386923008,35.65354,50.17361,-2.19490,0.20832,0.01464,-0.00772,0.97792,
1571103891520203008,35.18137,50.30800,-2.19293,0.20076,0.01231,-0.00826,0.97953,
1571103891653483264,34.69916,50.44087,-2.18358,0.19238,0.01503,-0.00772,0.98118,
1571103891786763008,34.20209,50.57172,-2.18055,0.18272,0.01704,-0.00515,0.98300,
1571103891920043008,33.69564,50.68905,-2.18417,0.17370,0.01468,-0.00386,0.98468,
1571103892053313024,33.15689,50.80300,-2.18360,0.16321,0.01249,-0.00407,0.98650,
1571103892186593024,32.61907,50.89698,-2.17663,0.15291,0.01283,-0.00583,0.98814,
1571103892319873024,32.07505,50.98140,-2.17903,0.14235,0.01187,-0.00549,0.98973,
1571103892453153024,31.52112,51.06050,-2.17661,0.13191,0.01161,-0.00417,0.99119,
1571103892586433024,30.95994,51.13130,-2.16300,0.12175,0.01361,-0.00307,0.99246,
1571103892986273024,29.22349,51.29386,-2.15767,0.09390,0.01492,-0.00284,0.99547,
1571103893119553024,28.63209,51.33378,-2.15805,0.08548,0.01380,-0.00404,0.99624,
1571103893252833024,28.02765,51.37457,-2.16571,0.07796,0.01038,-0.00283,0.99690,
1571103893386103040,27.41945,51.41065,-2.17289,0.07086,0.00933,-0.00229,0.99744,
1571103893519383040,26.80497,51.44559,-2.17554,0.06478,0.00958,-0.00106,0.99785,
1571103893652663040,26.18357,51.47515,-2.17616,0.05918,0.00917,-0.00223,0.99820,
1571103893785943040,25.55927,51.50079,-2.16671,0.05411,0.01059,-0.00288,0.99847,
1571103893919223040,24.93227,51.53435,-2.15633,0.05034,0.01303,-0.00121,0.99865,
1571103894052503040,24.29738,51.56517,-2.15438,0.04645,0.01310,0.00019,0.99883,
1571103894185783040,23.65709,51.59222,-2.14773,0.04437,0.01238,-0.00081,0.99894,
1571103894452343040,22.36397,51.65100,-2.15264,0.04050,0.01096,0.00036,0.99912,
1571103894585623040,21.70934,51.68152,-2.14635,0.03939,0.01140,-0.00014,0.99916,
1571103894718893056,21.05135,51.70518,-2.13745,0.03812,0.01171,-0.00156,0.99920,
1571103894852173056,20.38867,51.73502,-2.13672,0.03655,0.01089,-0.00048,0.99927,
1571103894985453056,19.72218,51.76733,-2.13357,0.03572,0.01191,0.00197,0.99929,
1571103895118733056,19.05222,51.79162,-2.13017,0.03499,0.01239,0.00016,0.99931,
1571103895252013056,18.37573,51.81306,-2.13338,0.03419,0.01118,-0.00282,0.99935,
1571103895385293056,17.69867,51.84357,-2.13569,0.03357,0.01157,-0.00169,0.99937,
1571103895518573056,17.01524,51.87044,-2.13188,0.03314,0.01156,-0.00099,0.99938,
1571103895651853056,16.33175,51.89552,-2.13032,0.03302,0.01142,-0.00114,0.99939,
1571103895785133056,15.65284,51.92560,-2.12849,0.03246,0.01244,-0.00127,0.99939,
1571103895918412800,14.97070,51.96005,-2.13158,0.03294,0.01224,-0.00111,0.99938,
1571103896051683072,14.28136,51.99574,-2.13067,0.03348,0.01157,-0.00220,0.99937,
1571103896184963072,13.59466,52.03423,-2.12451,0.03389,0.01224,-0.00253,0.99935,
1571103896318243072,12.90434,52.07660,-2.11540,0.03454,0.01400,-0.00030,0.99931,
1571103896451523072,12.21429,52.11578,-2.10347,0.03481,0.01548,0.00099,0.99927,
1571103896584803072,11.51495,52.14761,-2.09608,0.03531,0.01619,0.00047,0.99925,
1571103896718083072,10.80901,52.17460,-2.09964,0.03555,0.01493,-0.00040,0.99926,
1571103896851362816,10.10415,52.21122,-2.10338,0.03545,0.01331,-0.00097,0.99928,
1571103896984643072,9.39931,52.25489,-2.11051,0.03564,0.00989,-0.00011,0.99932,
1571103897117923072,8.69641,52.29604,-2.10484,0.03520,0.01009,0.00163,0.99933,
1571103897251193088,7.99364,52.33512,-2.09413,0.03531,0.01232,0.00109,0.99930,
1571103897384473088,7.29208,52.36797,-2.08233,0.03499,0.01463,-0.00119,0.99928,
1571103897517753088,6.59155,52.39878,-2.07615,0.03436,0.01558,-0.00285,0.99928,
1571103897651032832,5.89194,52.43070,-2.08161,0.03381,0.01371,-0.00064,0.99933,
1571103897784313088,5.18849,52.46018,-2.07947,0.03348,0.01289,-0.00068,0.99936,
1571103897917593088,4.48013,52.48438,-2.07237,0.03318,0.01291,-0.00333,0.99936,
1571103898050873088,3.76983,52.51107,-2.06229,0.03258,0.01413,-0.00328,0.99936,
1571103898184153088,3.05435,52.54321,-2.05745,0.03211,0.01438,-0.00120,0.99938,
1571103898317433088,2.32916,52.57442,-2.06046,0.03208,0.01240,-0.00198,0.99941,
1571103898450712832,1.59727,52.60435,-2.05377,0.03164,0.01245,-0.00098,0.99942,
1571103898583982848,0.85874,52.63279,-2.03970,0.03176,0.01401,-0.00086,0.99940,
1571103898717263104,0.11473,52.65868,-2.02954,0.03157,0.01640,-0.00193,0.99936,
1571103898850543104,-0.63485,52.68345,-2.03802,0.03116,0.01336,-0.00205,0.99942,
1571103898983823104,-1.37499,52.71024,-2.04196,0.03096,0.01073,-0.00194,0.99946,
1571103899117103104,-2.10662,52.73940,-2.03046,0.03066,0.01149,-0.00114,0.99946,
1571103899250383104,-2.83657,52.76660,-2.02244,0.03090,0.01370,-0.00171,0.99943,
1571103899383662848,-3.55600,52.79110,-2.02260,0.03087,0.01474,-0.00254,0.99941,
1571103899516943104,-4.27606,52.82237,-2.02145,0.03062,0.01307,-0.00136,0.99944,
1571103899650223104,-4.99185,52.85021,-2.01444,0.03075,0.01277,0.00061,0.99945,
1571103899783493120,-5.70869,52.88060,-2.00615,0.03107,0.01375,-0.00039,0.99942,
1571103899916773120,-6.41987,52.91199,-2.00604,0.03237,0.01310,-0.00170,0.99939,
1571103900050053120,-7.12647,52.94985,-2.00260,0.03273,0.01282,-0.00087,0.99938,
1571103900183332864,-7.82931,52.99348,-1.99843,0.03377,0.01199,0.00113,0.99936,
1571103900316612864,-8.53960,53.03482,-1.99664,0.03474,0.01201,0.00001,0.99932,
1571103900449893120,-9.24814,53.07425,-2.00038,0.03521,0.01115,-0.00043,0.99932,
1571103900583173120,-9.94696,53.11754,-1.99422,0.03580,0.01162,-0.00006,0.99929,
1571103900716453120,-10.64237,53.15561,-1.98726,0.03588,0.01345,-0.00029,0.99927,
1571103900849733120,-11.34040,53.18944,-1.99070,0.03627,0.01331,-0.00117,0.99925,
1571103900983013120,-12.03195,53.22900,-1.99060,0.03639,0.01315,-0.00092,0.99925,
1571103901116282880,-12.72550,53.26833,-1.98892,0.03642,0.01122,-0.00059,0.99927,
1571103901249562880,-13.41591,53.30821,-1.97909,0.03647,0.01267,-0.00070,0.99925,
1571103901382843136,-14.09788,53.34454,-1.97190,0.03635,0.01350,-0.00041,0.99925,
1571103901516123136,-14.77322,53.37810,-1.97021,0.03605,0.01264,-0.00052,0.99927,
1571103901649403136,-15.44236,53.40763,-1.97582,0.03601,0.01160,-0.00017,0.99928,
1571103901782683136,-16.11962,53.43204,-1.97785,0.03556,0.01025,-0.00039,0.99931,
1571103901915962880,-16.80161,53.46147,-1.96764,0.03549,0.01129,-0.00025,0.99931,
1571103902049242880,-17.49025,53.49320,-1.95979,0.03499,0.01233,0.00038,0.99931,
1571103902182523136,-18.17670,53.52525,-1.95357,0.03473,0.01335,0.00002,0.99931,
1571103902315793152,-18.85474,53.55788,-1.94459,0.03430,0.01373,0.00053,0.99932,
1571103902449073152,-19.53465,53.59401,-1.93923,0.03403,0.01297,0.00180,0.99934,
1571103902582353152,-20.20124,53.63224,-1.92515,0.03434,0.01362,0.00100,0.99932,
1571103902715633152,-20.86845,53.66633,-1.91626,0.03426,0.01320,-0.00049,0.99933,
1571103902848912896,-21.52273,53.70337,-1.90409,0.03431,0.01339,0.00033,0.99932,
1571103902982192896,-22.17120,53.74404,-1.88542,0.03464,0.01503,0.00172,0.99929,
1571103903115473152,-22.81845,53.78268,-1.87715,0.03473,0.01444,0.00098,0.99929,
1571103903248753152,-23.46138,53.81828,-1.87659,0.03504,0.01406,-0.00029,0.99929,
1571103903382033152,-24.09706,53.85898,-1.88191,0.03516,0.01189,0.00146,0.99931,
1571103903515303168,-24.72557,53.89844,-1.88006,0.03522,0.01141,0.00232,0.99931,
1571103903648582912,-25.35734,53.93507,-1.87094,0.03551,0.01318,0.00151,0.99928,
1571103903781862912,-25.98539,53.96658,-1.86601,0.03540,0.01389,-0.00041,0.99928,
1571103903915142912,-26.61532,54.00098,-1.86202,0.03522,0.01481,0.00092,0.99927,
1571103904048423168,-27.24567,54.03287,-1.85844,0.03497,0.01456,0.00373,0.99928,
1571103904181703168,-27.85773,54.06461,-1.86113,0.03511,0.01343,0.00213,0.99929,
1571103904314983168,-28.45852,54.08905,-1.86900,0.03456,0.01142,0.00124,0.99934,
1571103904448262912,-29.06124,54.12348,-1.86350,0.03410,0.01093,0.00058,0.99936,
1571103904581542912,-29.65287,54.15046,-1.86325,0.03359,0.00965,0.00177,0.99939,
1571103904714812928,-30.23399,54.17809,-1.86109,0.03344,0.01007,0.00229,0.99939,
1571103904848092928,-30.80144,54.19926,-1.85474,0.03323,0.01166,0.00216,0.99938,
1571103904981373184,-31.36893,54.22049,-1.84629,0.03303,0.01200,0.00108,0.99938,
1571103905114653184,-31.92898,54.24341,-1.84306,0.03289,0.01262,0.00059,0.99938,
1571103905247933184,-32.47844,54.27206,-1.84003,0.03246,0.01397,0.00217,0.99937,
1571103905381212928,-33.03188,54.29948,-1.83578,0.03213,0.01333,0.00300,0.99939,
1571103905514492928,-33.56843,54.31869,-1.83655,0.03199,0.01232,0.00152,0.99941,
1571103905647772928,-34.10631,54.34022,-1.83904,0.03138,0.01222,-0.00014,0.99943,
1571103905781053184,-34.64294,54.36234,-1.83020,0.03085,0.01298,0.00101,0.99944,
1571103905914323200,-35.15290,54.37172,-1.82279,0.02779,0.01282,0.00470,0.99952,
1571103906047603200,-35.69020,54.35446,-1.82190,0.02138,0.01169,0.00609,0.99968,
1571103906180882944,-36.19714,54.29883,-1.81023,0.01207,0.01281,0.00434,0.99984,
1571103906314162944,-36.77302,54.21947,-1.80429,-0.00094,0.01314,0.00382,0.99991,
1571103906447442944,-37.27896,54.10670,-1.79618,-0.01677,0.01247,0.00626,0.99976,
1571103906580722944,-37.86856,53.95877,-1.79341,-0.03601,0.01245,0.00939,0.99923,
1571103906714003200,-38.46195,53.76329,-1.79201,-0.05897,0.01310,0.01067,0.99812,
1571103906847283200,-39.01468,53.51959,-1.79411,-0.08522,0.01169,0.01335,0.99620,
1571103906980562944,-39.50745,53.23093,-1.79868,-0.11363,0.00969,0.01310,0.99339,
1571103907113842944,-39.99538,52.90187,-1.79326,-0.14355,0.00983,0.01128,0.98953,
1571103907247122944,-40.45337,52.54047,-1.78518,-0.17510,0.01062,0.01163,0.98443,
1571103907380392960,-40.90768,52.14173,-1.78079,-0.20850,0.01034,0.01405,0.97787,
1571103907513672960,-41.28020,51.71085,-1.77185,-0.24415,0.01109,0.01597,0.96954,
1571103907646963200,-41.58830,51.24618,-1.77176,-0.28032,0.01137,0.01424,0.95973,
1571103907780233216,-41.84697,50.76626,-1.76469,-0.31610,0.01225,0.01277,0.94856,
1571103907913512960,-42.08214,50.25910,-1.75031,-0.35290,0.01294,0.01335,0.93547,
1571103908046792960,-42.26182,49.73822,-1.74815,-0.39040,0.01191,0.01390,0.92046,
1571103908180072960,-42.38659,49.21560,-1.73098,-0.42667,0.01278,0.01429,0.90421,
1571103908313352960,-42.45622,48.68260,-1.71964,-0.46363,0.01452,0.01177,0.88583,
1571103908446633216,-42.47891,48.14835,-1.71861,-0.49994,0.01326,0.01111,0.86589,
1571103908579903232,-42.46275,47.61965,-1.71167,0.53531,-0.01287,-0.01134,-0.84448,
1571103908713182976,-42.40070,47.10265,-1.69875,0.56926,-0.01328,-0.01255,-0.82195,
1571103908846462976,-42.29321,46.59939,-1.69067,0.60302,-0.01159,-0.01310,-0.79753,
1571103908979742976,-42.15629,46.10755,-1.69006,0.63417,-0.00817,-0.01408,-0.77302,
1571103909113022976,-41.97783,45.62900,-1.69511,0.66446,-0.00596,-0.01347,-0.74718,
1571103909246302976,-41.75701,45.17663,-1.69767,0.69357,-0.00564,-0.01307,-0.72024,
1571103909379583232,-41.50383,44.74836,-1.69693,0.72139,-0.00559,-0.01190,-0.69241,
1571103909512862976,-41.22355,44.34723,-1.70404,0.74795,-0.00240,-0.01127,-0.66366,
1571103909646142976,-40.91728,43.96441,-1.71212,0.77309,0.00105,-0.01129,-0.63419,
1571103909779422976,-40.58283,43.61672,-1.71657,0.79639,0.00080,-0.01090,-0.60469,
1571103909912692992,-40.22238,43.29669,-1.71225,0.81876,0.00111,-0.01204,-0.57401,
1571103910045972992,-39.84999,43.00195,-1.70240,0.83959,0.00116,-0.01227,-0.54309,
1571103910179252992,-39.46744,42.73338,-1.69658,0.85776,0.00122,-0.01342,-0.51387,
1571103910312533248,-39.06741,42.49232,-1.69138,0.87482,-0.00067,-0.01499,-0.48422,
1571103910445812992,-38.66154,42.27471,-1.68753,0.89004,-0.00185,-0.01555,-0.45562,
1571103910579092992,-38.25348,42.06689,-1.68497,0.90306,-0.00371,-0.01351,-0.42928,
1571103910712372992,-37.84415,41.87513,-1.68627,0.91474,-0.00467,-0.01264,-0.40382,
1571103910845652992,-37.44032,41.69956,-1.69232,0.92466,-0.00394,-0.01123,-0.38062,
1571103910978932992,-37.04568,41.51691,-1.68713,0.93279,-0.00360,-0.01151,-0.36021,
1571103911112203008,-36.65722,41.35349,-1.67316,0.93976,-0.00327,-0.01296,-0.34158,
1571103911245483008,-36.26912,41.19359,-1.65815,0.94534,-0.00690,-0.01350,-0.32574,
1571103911378763008,-35.88312,41.02733,-1.64213,0.94986,-0.00954,-0.01618,-0.31212,
1571103911512043008,-35.49979,40.85416,-1.63064,0.95354,-0.00884,-0.01825,-0.30057,
1571103911645323008,-35.10690,40.68195,-1.62511,0.95699,-0.00833,-0.01971,-0.28934,
1571103911778603008,-34.70980,40.50983,-1.62634,0.95992,-0.00721,-0.01818,-0.27958,
1571103911911883008,-34.30033,40.33519,-1.62181,0.96248,-0.00631,-0.01638,-0.27078,
1571103912045163264,-33.88664,40.15786,-1.61650,0.96477,-0.00579,-0.01647,-0.26252,
1571103912178443008,-33.45666,39.98197,-1.61612,0.96673,-0.00739,-0.01451,-0.25527,
1571103912311713024,-33.02095,39.79410,-1.61643,0.96812,-0.00792,-0.01310,-0.25001,
1571103912444993024,-32.58666,39.58994,-1.60569,0.96864,-0.00971,-0.01397,-0.24787,
1571103912578253056,-32.14753,39.37561,-1.60545,0.96898,-0.00891,-0.01414,-0.24656,
1571103912711533056,-31.70295,39.15289,-1.60286,0.96929,-0.00658,-0.01443,-0.24542,
1571103912844813056,-31.24301,38.92855,-1.60271,0.96956,-0.00556,-0.01464,-0.24435,
1571103912978093056,-30.78240,38.70102,-1.59203,0.96992,-0.00695,-0.01390,-0.24292,
1571103913111373056,-30.30853,38.48038,-1.59207,0.97009,-0.00906,-0.01279,-0.24225,
1571103913244653056,-29.84203,38.26204,-1.57552,0.97044,-0.01058,-0.01487,-0.24064,
1571103913377933056,-29.36226,38.03199,-1.57072,0.97083,-0.00827,-0.01506,-0.23916,
1571103913511213056,-28.87710,37.80083,-1.57191,0.97106,-0.00750,-0.01501,-0.23826,
1571103913644483072,-28.37909,37.57388,-1.56877,0.97137,-0.00833,-0.01471,-0.23696,
1571103913777763072,-27.89419,37.34012,-1.55867,0.97149,-0.00879,-0.01401,-0.23649,
1571103913911042816,-27.41306,37.10246,-1.54301,0.97167,-0.00638,-0.01485,-0.23578,
1571103914044323072,-26.92209,36.86088,-1.53990,0.97177,-0.00537,-0.01440,-0.23541,
1571103914177603072,-26.42684,36.62401,-1.53468,0.97193,-0.00614,-0.01368,-0.23477,
1571103914310883072,-25.92261,36.38636,-1.52621,0.97211,-0.00635,-0.01294,-0.23408,
1571103914444163072,-25.41569,36.14183,-1.51511,0.97226,-0.00355,-0.01325,-0.23349,
1571103914577443072,-24.90978,35.90424,-1.50911,0.97240,-0.00364,-0.01325,-0.23290,
1571103914844003072,-23.87102,35.43145,-1.52269,0.97265,-0.00919,-0.00988,-0.23188,
1571103915110553088,-22.84908,34.94075,-1.52462,0.97283,-0.00374,-0.00933,-0.23131,
1571103915243833088,-22.35546,34.71125,-1.51894,0.97276,-0.00598,-0.01048,-0.23148,
1571103915377113088,-21.85640,34.48054,-1.51575,0.97286,-0.00819,-0.00943,-0.23107,
1571103915643672832,-20.84238,33.99786,-1.51743,0.97299,-0.00621,-0.00977,-0.23055,
1571103915776953088,-20.34073,33.76263,-1.51316,0.97292,-0.00731,-0.01072,-0.23077,
1571103915910233088,-19.84624,33.53596,-1.49758,0.97291,-0.00864,-0.01260,-0.23066,
1571103916176793088,-18.86013,33.06642,-1.47816,0.97291,-0.00840,-0.01603,-0.23048,
1571103916310063104,-18.37464,32.84208,-1.47740,0.97284,-0.01011,-0.01533,-0.23076,
1571103916576622848,-17.40903,32.38978,-1.46698,0.97262,-0.01260,-0.01307,-0.23169,
1571103916709903104,-16.93733,32.15760,-1.45989,0.97213,-0.01024,-0.01361,-0.23383,
1571103916843183104,-16.47863,31.91501,-1.45938,0.97159,-0.00966,-0.01365,-0.23608,
1571103916976463104,-16.03531,31.69491,-1.45090,0.97093,-0.01145,-0.01326,-0.23871,
1571103917109743104,-15.58209,31.46016,-1.43349,0.97032,-0.01275,-0.01225,-0.24116,
1571103917243022848,-15.14286,31.21269,-1.43160,0.96950,-0.01318,-0.01241,-0.24442,
1571103917509572864,-14.24390,30.69964,-1.42455,0.96728,-0.01146,-0.01383,-0.25308,
1571103917776133120,-13.41314,30.16809,-1.42933,0.96402,-0.01358,-0.01316,-0.26517,
1571103918175972864,-12.20468,29.25249,-1.42256,0.95696,-0.01063,-0.01209,-0.28976,
1571103918309252864,-11.82073,28.93691,-1.43477,0.95434,-0.00996,-0.01003,-0.29840,
1571103918575803136,-11.04758,28.24323,-1.44030,0.94743,-0.01040,-0.00730,-0.31972,
1571103918709083136,-10.69296,27.88216,-1.44139,0.94343,-0.00902,-0.00678,-0.33137,
1571103918842363136,-10.36057,27.50244,-1.43967,0.93889,-0.00655,-0.00686,-0.34409,
1571103919108922880,-9.69592,26.73259,-1.44130,0.92933,-0.01006,-0.00708,-0.36905,
1571103919242202880,-9.38128,26.31184,-1.43763,0.92383,-0.01025,-0.00567,-0.38261,
1571103919508783104,-8.83375,25.46109,-1.43868,0.91105,-0.00810,-0.00599,-0.41218,
1571103919642063104,-8.57055,25.00264,-1.44914,0.90317,-0.00981,-0.00511,-0.42915,
1571103919775342848,-8.34879,24.53677,-1.42706,0.89477,-0.01211,-0.00517,-0.44634,
1571103919908612864,-8.16860,24.08392,-1.41463,0.88580,-0.01233,-0.00710,-0.46385,
1571103920041893120,-7.98490,23.62202,-1.40388,0.87633,-0.01159,-0.00848,-0.48150,
1571103920175173120,-7.82651,23.14266,-1.41058,0.86692,-0.01066,-0.00940,-0.49824,
1571103920308453120,-7.67549,22.66422,-1.39357,0.85721,-0.01248,-0.01090,-0.51471,
1571103920441733120,-7.57268,22.19819,-1.38247,0.84742,-0.01287,-0.01085,-0.53066,
1571103920575012864,-7.48276,21.73732,-1.36514,0.83785,-0.01194,-0.01109,-0.54566,
1571103920708292864,-7.40278,21.27035,-1.36943,0.82753,-0.01569,-0.01059,-0.56111,
1571103920841573120,-7.33465,20.80983,-1.36849,0.81795,-0.01765,-0.00987,-0.57494,
1571103920974853120,-7.29218,20.34592,-1.36992,0.80801,-0.01445,-0.00933,-0.58892,
1571103921108123136,-7.24661,19.88109,-1.36774,0.79890,-0.01195,-0.00909,-0.60127,
1571103921241403136,-7.19380,19.42435,-1.35790,0.79153,-0.01269,-0.00831,-0.61095,
1571103921374683136,-7.14396,18.97757,-1.35407,0.78464,-0.01363,-0.00728,-0.61976,
1571103921507962880,-7.09582,18.53526,-1.34759,0.77946,-0.01376,-0.00782,-0.62626,
1571103921641242880,-7.04373,18.09538,-1.34314,0.77529,-0.01292,-0.00880,-0.63142,
1571103921774523136,-6.99254,17.66294,-1.33342,0.77213,-0.01234,-0.00998,-0.63527,
1571103921907803136,-6.94251,17.22871,-1.33413,0.76932,-0.01250,-0.00997,-0.63867,
1571103922041083136,-6.87053,16.79758,-1.33513,0.76715,-0.01329,-0.00845,-0.64128,
1571103922174363136,-6.80213,16.36588,-1.33733,0.76606,-0.01250,-0.00733,-0.64261,
1571103922307642880,-6.73603,15.93887,-1.32563,0.76532,-0.01010,-0.00890,-0.64351,
1571103922440912896,-6.65893,15.52614,-1.31321,0.76559,-0.01002,-0.00978,-0.64318,
1571103922574192896,-6.57464,15.11455,-1.30863,0.76625,-0.01129,-0.00899,-0.64238,
1571103922707473152,-6.49699,14.70771,-1.31067,0.76633,-0.01140,-0.00857,-0.64228,
1571103922840753152,-6.42110,14.29693,-1.31204,0.76660,-0.01112,-0.00912,-0.64197,
1571103922974033152,-6.33902,13.88458,-1.30648,0.76702,-0.01133,-0.00944,-0.64145,
1571103923107313152,-6.25597,13.46941,-1.29848,0.76732,-0.01172,-0.00871,-0.64110,
1571103923240592896,-6.17842,13.06520,-1.29694,0.76760,-0.01059,-0.00909,-0.64077,
1571103923373872896,-6.09580,12.65573,-1.30030,0.76771,-0.01028,-0.00757,-0.64067,
1571103923507153152,-6.00774,12.25842,-1.29730,0.76841,-0.01219,-0.00757,-0.63979,
1571103923640433152,-5.92654,11.85846,-1.29465,0.76867,-0.01247,-0.00819,-0.63947,
1571103923773703168,-5.84705,11.46378,-1.29137,0.76879,-0.01079,-0.00867,-0.63935,
1571103923906983168,-5.76682,11.07073,-1.28888,0.76917,-0.00960,-0.00839,-0.63892,
1571103924040262912,-5.68607,10.67842,-1.28005,0.76943,-0.00938,-0.00959,-0.63859,
1571103924173542912,-5.60489,10.28986,-1.26705,0.76960,-0.01045,-0.01064,-0.63835,
1571103924306822912,-5.51883,9.90104,-1.25811,0.76965,-0.01175,-0.00996,-0.63828,
1571103924440103168,-5.43327,9.51802,-1.25965,0.77003,-0.01176,-0.00890,-0.63783,
1571103924573383168,-5.35223,9.13766,-1.26242,0.77049,-0.00980,-0.00932,-0.63731,
1571103924706663168,-5.26336,8.76199,-1.26178,0.77153,-0.00812,-0.01019,-0.63605,
1571103924839923200,-5.16892,8.39614,-1.25064,0.77284,-0.00862,-0.01140,-0.63444,
1571103924973192960,-5.06531,8.03231,-1.23682,0.77509,-0.00960,-0.01175,-0.63167,
1571103925106472960,-4.96060,7.63889,-1.23371,0.77774,-0.00892,-0.01162,-0.62841,
1571103925239752960,-4.83635,7.27422,-1.22451,0.78190,-0.00948,-0.01232,-0.62321,
1571103925373032960,-4.68614,6.90572,-1.21804,0.78725,-0.00975,-0.01390,-0.61639,
1571103925506312960,-4.53489,6.54874,-1.20977,0.79285,-0.00951,-0.01507,-0.60916,
1571103925639593216,-4.36291,6.19581,-1.21102,0.79914,-0.00861,-0.01498,-0.60089,
1571103925906152960,-3.99454,5.53446,-1.20063,0.81225,-0.00735,-0.01229,-0.58313,
1571103926039432960,-3.80078,5.23343,-1.18918,0.81955,-0.00718,-0.01333,-0.57281,
1571103926172702976,-3.57638,4.89958,-1.19120,0.82729,-0.00651,-0.01305,-0.56159,
1571103926305982976,-3.36110,4.61253,-1.18039,0.83514,-0.00756,-0.01204,-0.54986,
1571103926572543232,-2.87706,4.03521,-1.17247,0.85055,-0.00796,-0.01358,-0.52566,
1571103926705822976,-2.63962,3.78349,-1.16940,0.85767,-0.00794,-0.01356,-0.51397,
1571103926839102976,-2.39137,3.51373,-1.16963,0.86452,-0.00772,-0.01267,-0.50238,
1571103926972382976,-2.13806,3.24580,-1.17350,0.87086,-0.00791,-0.01179,-0.49133,
1571103927105662976,-1.87547,2.99680,-1.18054,0.87739,-0.00648,-0.01128,-0.47960,
1571103927238942976,-1.61573,2.74744,-1.17588,0.88353,-0.00564,-0.01099,-0.46822,
1571103927505492992,-1.03755,2.28809,-1.17768,0.89688,-0.00734,-0.00977,-0.44211,
1571103927638772992,-0.75519,2.09713,-1.17723,0.90386,-0.00545,-0.01007,-0.42767,
1571103927905332992,-0.13037,1.71623,-1.18051,0.91737,-0.00440,-0.01124,-0.39785,
1571103928038612992,0.17423,1.56116,-1.17324,0.92411,-0.00474,-0.01120,-0.38193,
1571103928305172992,0.81944,1.28182,-1.18132,0.93679,-0.00603,-0.00921,-0.34973,
1571103928438452992,1.14542,1.16125,-1.18607,0.94260,-0.00481,-0.00989,-0.33375,
1571103928705012992,1.80620,0.96209,-1.17092,0.95362,-0.00253,-0.01224,-0.30075,
1571103928838283008,2.11899,0.87787,-1.16443,0.95856,-0.00413,-0.01165,-0.28462,
1571103928971563008,2.45047,0.80105,-1.16295,0.96325,-0.00541,-0.01107,-0.26832,
1571103929238123008,3.12111,0.68874,-1.15448,0.97129,-0.00488,-0.01390,-0.23746,
1571103929371403008,3.45042,0.62280,-1.15161,0.97455,-0.00760,-0.01330,-0.22365,
1571103929504683008,3.76084,0.56809,-1.14114,0.97724,-0.00905,-0.01264,-0.21156,
1571103929637963008,4.06877,0.50584,-1.12629,0.97944,-0.00767,-0.01353,-0.20111,
1571103929771243008,4.37274,0.44350,-1.13105,0.98128,-0.00613,-0.01389,-0.19199,
1571103930037793024,4.97631,0.32262,-1.12667,0.98414,-0.00717,-0.01416,-0.17667,
1571103930171073024,5.27456,0.26106,-1.13131,0.98527,-0.00639,-0.01407,-0.17033,
1571103930437633024,5.84956,0.15066,-1.11635,0.98721,-0.00538,-0.01272,-0.15883,
1571103930570913024,6.14476,0.09238,-1.12864,0.98813,-0.00433,-0.01346,-0.15295,
1571103930704193024,6.43251,0.05111,-1.11543,0.98904,-0.00365,-0.01343,-0.14697,
1571103930837473280,6.72759,0.02175,-1.12117,0.99010,-0.00580,-0.01214,-0.13974,
1571103931104033024,7.30117,-0.02124,-1.10748,0.99224,-0.00442,-0.01211,-0.12366,
1571103931237303040,7.56773,-0.02279,-1.11647,0.99325,-0.00343,-0.01203,-0.11532,
1571103931370583040,7.84490,-0.01615,-1.12272,0.99426,-0.00466,-0.01152,-0.10629,
1571103931637163008,8.31661,0.02601,-1.11519,0.99612,-0.00556,-0.01221,-0.08695,
1571103931770443008,8.54096,0.04942,-1.11012,0.99693,-0.00450,-0.01185,-0.07721,
1571103931903723008,8.73160,0.07903,-1.10626,0.99759,-0.00464,-0.01100,-0.06841,
1571103932037003008,8.91322,0.11214,-1.10603,0.99813,-0.00450,-0.01106,-0.06002,
1571103932170283008,9.06320,0.13905,-1.10491,0.99847,-0.00492,-0.01118,-0.05400,
1571103932303563008,9.19691,0.16104,-1.10528,0.99871,-0.00565,-0.01114,-0.04915,
1571103932436843008,9.31024,0.17854,-1.10593,0.99888,-0.00670,-0.01081,-0.04554,
1571103932703393024,9.46395,0.18734,-1.10757,0.99900,-0.00676,-0.01024,-0.04290,
