1573523238656689920,1.83622,0.06492,0.03174,0.99969,-0.02384,0.00612,-0.00238,
1573523238789969920,2.02070,0.07486,0.04203,0.99966,-0.02568,0.00481,-0.00263,
1573523238923239936,2.21787,0.08211,0.05435,0.99963,-0.02702,0.00320,-0.00297,
1573523239056519936,2.42333,0.08726,0.06604,0.99962,-0.02742,0.00180,-0.00306,
1573523239189799936,2.64722,0.09415,0.07453,0.99961,-0.02774,0.00129,-0.00344,
1573523239323079936,2.88466,0.10242,0.08117,0.99960,-0.02791,0.00126,-0.00318,
1573523239456359936,3.13644,0.11173,0.08641,0.99960,-0.02797,0.00298,-0.00328,
1573523239589639936,3.39666,0.10948,0.08980,0.99968,-0.02472,0.00376,-0.00335,
1573523239856199936,3.93914,0.12303,0.10021,0.99972,-0.02301,0.00249,-0.00385,
1573523239989469952,4.23743,0.13058,0.10197,0.99972,-0.02280,0.00386,-0.00432,
1573523240122749952,4.57337,0.13521,0.10474,0.99976,-0.02131,0.00366,-0.00461,
1573523240256029952,4.89889,0.14174,0.10807,0.99977,-0.02057,0.00383,-0.00509,
1573523240389309952,5.26418,0.15120,0.11039,0.99973,-0.02250,0.00346,-0.00519,
1573523240655869952,6.02075,0.16450,0.11837,0.99978,-0.01931,0.00528,-0.00548,
1573523240789149952,6.42098,0.16105,0.12551,0.99982,-0.01719,0.00536,-0.00592,
1573523240922429952,6.82369,0.17170,0.13910,0.99982,-0.01760,0.00470,-0.00577,
1573523241055689984,7.23043,0.17668,0.14293,0.99984,-0.01603,0.00573,-0.00588,
1573523241188959744,7.64980,0.18649,0.14540,0.99982,-0.01582,0.00789,-0.00640,
1573523241322219776,8.07391,0.20289,0.15246,0.99975,-0.02022,0.00712,-0.00633,
1573523241588800000,8.94389,0.21689,0.16942,0.99979,-0.01835,0.00671,-0.00604,
1573523241722060032,9.37815,0.21715,0.17852,0.99982,-0.01580,0.00840,-0.00603,
1573523241855320064,9.81241,0.23431,0.19211,0.99981,-0.01730,0.00640,-0.00568,
1573523241988600064,10.24668,0.24180,0.19943,0.99984,-0.01677,0.00306,-0.00582,
1573523242255159808,11.11366,0.26397,0.21215,0.99987,-0.01376,0.00626,-0.00613,
1573523242388429824,11.56354,0.26618,0.20746,0.99990,-0.01199,0.00532,-0.00582,
1573523242521709824,12.01319,0.26591,0.20349,0.99992,-0.00934,0.00617,-0.00622,
1573523242788270080,12.95918,0.29439,0.21242,0.99981,-0.01203,0.01391,-0.00599,
1573523242921550080,13.42654,0.29829,0.21178,0.99984,-0.01162,0.01213,-0.00582,
1573523243054849792,13.89960,0.30457,0.21585,0.99985,-0.01258,0.01065,-0.00615,
1573523243321389824,14.91552,0.31845,0.23645,0.99989,-0.00999,0.00949,-0.00571,
1573523243454670080,15.44508,0.32392,0.23729,0.99991,-0.00901,0.00862,-0.00561,
1573523243587919872,15.98744,0.33954,0.24391,0.99989,-0.01052,0.00877,-0.00564,
1573523243854480128,17.10837,0.36158,0.25730,0.99989,-0.00901,0.01056,-0.00544,
1573523243987740160,17.69023,0.36939,0.25893,0.99989,-0.00831,0.01104,-0.00500,
1573523244120999936,18.27281,0.38409,0.26308,0.99988,-0.00964,0.01066,-0.00514,
1573523244387529728,19.43535,0.41267,0.26608,0.99984,-0.01181,0.01249,-0.00440,
1573523244520809984,20.03114,0.41808,0.25789,0.99984,-0.01114,0.01339,-0.00438,
1573523244787340032,21.23148,0.45892,0.27002,0.99976,-0.01519,0.01484,-0.00467,
1573523244920659968,21.82686,0.47357,0.27209,0.99974,-0.01653,0.01502,-0.00443,
1573523245187229952,23.03650,0.50045,0.26705,0.99975,-0.01547,0.01554,-0.00441,
1573523245320509952,23.62617,0.50769,0.26607,0.99975,-0.01450,0.01632,-0.00426,
1573523245587110144,24.75239,0.53914,0.27190,0.99976,-0.01647,0.01383,-0.00437,
1573523245853720064,25.86722,0.57097,0.27211,0.99976,-0.01841,0.01125,-0.00421,
1573523245987020032,26.44538,0.58112,0.27469,0.99976,-0.01837,0.01148,-0.00426,
1573523246120300032,27.02697,0.59638,0.28479,0.99970,-0.02025,0.01260,-0.00467,
1573523246386889984,28.13326,0.60450,0.30060,0.99968,-0.02130,0.01279,-0.00449,
1573523246520189952,28.70149,0.62522,0.30529,0.99969,-0.02140,0.01169,-0.00414,
1573523246653469952,29.25495,0.63353,0.31032,0.99968,-0.02235,0.01075,-0.00429,
1573523246786749952,29.81409,0.64733,0.31692,0.99966,-0.02354,0.01024,-0.00397,
1573523246920029952,30.36344,0.66127,0.32747,0.99963,-0.02491,0.00972,-0.00418,
1573523247053299968,30.91145,0.67265,0.33473,0.99964,-0.02498,0.00863,-0.00378,
1573523247186579968,31.42495,0.67529,0.34436,0.99966,-0.02415,0.00880,-0.00351,
1573523247319859968,31.95837,0.68305,0.36294,0.99966,-0.02468,0.00766,-0.00401,
1573523247453139968,32.51029,0.69462,0.38446,0.99963,-0.02641,0.00509,-0.00407,
1573523247586419968,33.05273,0.70892,0.40208,0.99956,-0.02873,0.00521,-0.00431,
1573523247719719936,33.59106,0.71874,0.41224,0.99957,-0.02840,0.00573,-0.00441,
1573523247852999936,34.09931,0.73003,0.42421,0.99948,-0.03155,0.00450,-0.00452,
1573523247986279936,34.61241,0.74937,0.43800,0.99934,-0.03572,0.00414,-0.00428,
1573523248119549952,35.11934,0.75758,0.44217,0.99929,-0.03701,0.00599,-0.00445,
1573523248252829952,35.62991,0.77645,0.45384,0.99933,-0.03578,0.00593,-0.00424,
1573523248386109952,36.13801,0.77995,0.46076,0.99949,-0.03129,0.00475,-0.00395,
1573523248519389952,36.64656,0.78638,0.47233,0.99961,-0.02707,0.00451,-0.00454,
1573523248652669952,37.15376,0.80365,0.48316,0.99962,-0.02684,0.00368,-0.00449,
1573523248785949952,37.66431,0.82830,0.49113,0.99957,-0.02888,0.00341,-0.00423,
1573523248919229952,38.19261,0.84706,0.49785,0.99956,-0.02893,0.00480,-0.00369,
1573523249052509952,38.70317,0.85918,0.50766,0.99961,-0.02678,0.00729,-0.00299,
1573523249185789696,39.18088,0.86292,0.51661,0.99969,-0.02357,0.00766,-0.00169,
1573523249319059968,39.63680,0.86889,0.51987,0.99974,-0.02086,0.00902,-0.00061,
1573523249452339968,40.10414,0.89208,0.51945,0.99971,-0.02162,0.01048,0.00179,
1573523249585619968,40.57732,0.93093,0.51667,0.99959,-0.02535,0.01216,0.00511,
1573523249718899968,41.05231,0.96633,0.51646,0.99952,-0.02641,0.01343,0.00952,
1573523249852179968,41.52287,1.00121,0.52492,0.99949,-0.02453,0.01394,0.01514,
1573523249985459968,41.96653,1.04422,0.53426,0.99943,-0.02214,0.01262,0.02213,
1573523250118739968,42.40577,1.10295,0.54981,0.99927,-0.02043,0.01054,0.03063,
1573523250252019968,42.84446,1.18047,0.56345,0.99893,-0.01937,0.00750,0.04135,
1573523250385289984,43.26087,1.27393,0.57133,0.99832,-0.01880,0.00662,0.05437,
1573523250518569984,43.65233,1.37794,0.57817,0.99744,-0.01777,0.00847,0.06870,
1573523250651849984,44.07306,1.50455,0.56807,0.99621,-0.01831,0.01178,0.08417,
1573523250785129984,44.50492,1.65943,0.56550,0.99450,-0.01925,0.01190,0.10226,
1573523250918409728,44.89781,1.82710,0.55213,0.99229,-0.02038,0.01399,0.12144,
1573523251051689984,45.27178,2.00548,0.50057,0.98941,-0.02191,0.02076,0.14200,
1573523251184969984,45.63001,2.19801,0.43906,0.98591,-0.02352,0.02606,0.16357,
1573523251318249984,45.98538,2.42404,0.42805,0.98196,-0.02655,0.02548,0.18546,
1573523251451520000,46.33420,2.67125,0.41088,0.97737,-0.02985,0.02605,0.20779,
1573523251584800000,46.66418,2.92973,0.39875,0.97216,-0.03180,0.02527,0.23078,
1573523251718080000,46.98888,3.18433,0.36548,0.96630,-0.03140,0.02787,0.25397,
1573523251851359744,47.29672,3.46075,0.33954,0.96005,-0.02879,0.03090,0.27663,
1573523251984640000,47.58602,3.75386,0.33485,0.95347,-0.02591,0.02909,0.29897,
1573523252117920000,47.87080,4.06889,0.33466,0.94638,-0.02536,0.02581,0.32101,
1573523252251200000,48.14062,4.39518,0.33782,0.93873,-0.02565,0.02400,0.34285,
1573523252384480000,48.39359,4.72852,0.35157,0.93069,-0.02612,0.02216,0.36420,
1573523252517760000,48.62403,5.07040,0.34988,0.92227,-0.02418,0.01954,0.38530,
1573523252651039744,48.85303,5.42791,0.35300,0.91344,-0.02221,0.01673,0.40603,
1573523252784309760,49.06841,5.78968,0.35727,0.90421,-0.02157,0.01527,0.42627,
1573523252917590016,49.23660,6.14948,0.36353,0.89465,-0.02093,0.01471,0.44604,
1573523253050870016,49.40216,6.50372,0.36237,0.88488,-0.01883,0.01453,0.46522,
1573523253184150016,49.55108,6.86718,0.36207,0.87463,-0.01679,0.01306,0.48433,
1573523253317430016,49.67168,7.23690,0.36385,0.86352,-0.01719,0.01158,0.50389,
1573523253450710016,49.77239,7.60171,0.36513,0.85169,-0.01807,0.01010,0.52364,
1573523253583989760,49.84816,7.95495,0.35871,0.83988,-0.01815,0.00895,0.54240,
1573523253717270016,49.91801,8.31235,0.35880,0.82790,-0.01728,0.00687,0.56056,
1573523253850550016,49.97300,8.67592,0.36038,0.81628,-0.01809,0.00482,0.57735,
1573523253983799808,50.02565,9.03742,0.35916,0.80565,-0.01840,0.00511,0.59208,
1573523254117080064,50.07434,9.40288,0.35683,0.79524,-0.01671,0.00664,0.60603,
1573523254250360064,50.10153,9.77907,0.36044,0.78591,-0.01758,0.00586,0.61806,
1573523254383640064,50.11592,10.14492,0.36307,0.77667,-0.01826,0.00330,0.62963,
1573523254516919808,50.13166,10.51715,0.36435,0.76821,-0.01650,0.00164,0.63998,
1573523254650179840,50.14498,10.89650,0.36690,0.76018,-0.01662,0.00343,0.64949,
1573523254783459840,50.14677,11.27607,0.36932,0.75216,-0.01595,0.00360,0.65878,
1573523254916729856,50.13868,11.67088,0.37275,0.74496,-0.01576,0.00272,0.66692,
1573523255049999872,50.12801,12.06530,0.37352,0.73736,-0.01482,0.00276,0.67533,
1573523255183259904,50.11334,12.46569,0.37401,0.73114,-0.01554,0.00258,0.68205,
1573523255316539904,50.07804,12.88197,0.37549,0.72431,-0.01669,0.00039,0.68928,
1573523255449799936,50.05046,13.32050,0.37547,0.71888,-0.01655,0.00108,0.69494,
1573523255583059968,50.02484,13.76531,0.37523,0.71288,-0.01492,0.00293,0.70112,
1573523255716259840,49.98933,14.22230,0.37332,0.70780,-0.01506,0.00330,0.70625,
1573523255849529856,49.94141,14.68991,0.37582,0.70285,-0.01392,0.00391,0.71119,
1573523255982810112,49.90629,15.17577,0.37352,0.69854,-0.01359,0.00543,0.71542,
1573523256116090112,49.83621,15.66072,0.38234,0.69454,-0.01470,0.00251,0.71930,
1573523256249359872,49.76415,16.16411,0.39141,0.69055,-0.01511,-0.00063,0.72312,
1573523256382639872,49.70425,16.69138,0.39853,0.68791,-0.01392,0.00032,0.72566,
1573523256515919872,49.65526,17.22342,0.39797,0.68573,-0.01257,0.00212,0.72774,
1573523256649199872,49.58843,17.76611,0.39744,0.68445,-0.01214,0.00117,0.72896,
1573523256782480128,49.52290,18.31580,0.40913,0.68399,-0.01345,-0.00005,0.72937,
1573523256915760128,49.46453,18.86903,0.41059,0.68378,-0.01487,-0.00010,0.72954,
1573523257049039872,49.42045,19.41724,0.41524,0.68358,-0.01405,0.00302,0.72973,
1573523257182319872,49.36505,19.97614,0.40659,0.68383,-0.01236,0.00617,0.72951,
1573523257315589888,49.31781,20.53312,0.41141,0.68401,-0.01285,0.00666,0.72933,
1573523257448869888,49.25531,21.09395,0.42160,0.68414,-0.01382,0.00582,0.72920,
1573523257582149888,49.20726,21.64494,0.42411,0.68420,-0.01293,0.00464,0.72917,
1573523257715409920,49.14661,22.22858,0.42815,0.68414,-0.01250,0.00277,0.72924,
1573523257981969920,49.02368,23.42754,0.43656,0.68415,-0.01366,0.00187,0.72921,
1573523258115249920,48.96020,24.04300,0.44045,0.68383,-0.01396,0.00198,0.72951,
1573523258248529920,48.90109,24.64753,0.44425,0.68423,-0.01416,0.00299,0.72912,
1573523258381809920,48.83160,25.24641,0.45016,0.68439,-0.01614,0.00201,0.72894,
1573523258515079936,48.76709,25.83904,0.45510,0.68449,-0.01652,0.00051,0.72884,
1573523258781639936,48.65766,26.98933,0.46416,0.68473,-0.01592,0.00263,0.72862,
1573523258914919936,48.60522,27.53782,0.46852,0.68491,-0.01575,0.00223,0.72845,
1573523259048199936,48.54543,28.09998,0.47365,0.68493,-0.01645,0.00088,0.72842,
1573523259181479936,48.48800,28.67355,0.47887,0.68497,-0.01663,0.00112,0.72838,
1573523259314759936,48.42759,29.28784,0.48062,0.68508,-0.01563,0.00224,0.72830,
1573523259448039936,48.38001,29.81425,0.48139,0.68545,-0.01529,0.00219,0.72795,
1573523259714589952,48.27135,30.93273,0.48736,0.68590,-0.01627,0.00304,0.72750,
1573523259847899904,48.20899,31.51048,0.49128,0.68571,-0.01749,0.00195,0.72766,
1573523259981279744,48.15484,32.09069,0.49406,0.68583,-0.01615,0.00191,0.72758,
1573523260247879936,48.04568,33.24765,0.49836,0.68584,-0.01496,0.00228,0.72759,
1573523260381139968,47.99214,33.80275,0.50195,0.68571,-0.01510,0.00161,0.72772,
1573523260514439936,47.94129,34.37846,0.50425,0.68585,-0.01403,0.00258,0.72761,
1573523260647729920,47.88579,34.96970,0.50548,0.68582,-0.01357,0.00403,0.72763,
1573523260780999936,47.82456,35.53447,0.50999,0.68608,-0.01451,0.00249,0.72738,
1573523260914299904,47.77551,36.08694,0.51565,0.68593,-0.01368,0.00233,0.72753,
1573523261047579904,47.72893,36.65151,0.52260,0.68592,-0.01179,0.00431,0.72757,
1573523261180860160,47.67965,37.22198,0.53250,0.68585,-0.01068,0.00500,0.72765,
1573523261314139904,47.61696,37.79633,0.53898,0.68602,-0.01079,0.00375,0.72750,
1573523261447419904,47.55971,38.33162,0.54746,0.68583,-0.01072,0.00255,0.72768,
1573523261580699904,47.52564,38.83650,0.54585,0.68569,-0.00889,0.00535,0.72782,
1573523261713979904,47.47681,39.35778,0.55054,0.68574,-0.00885,0.00521,0.72777,
1573523261847249920,47.42661,39.86364,0.55947,0.68559,-0.00859,0.00382,0.72793,
1573523261980550144,47.38356,40.38199,0.56260,0.68565,-0.00779,0.00483,0.72787,
1573523262113829888,47.33689,40.89965,0.56726,0.68526,-0.00829,0.00601,0.72823,
1573523262247109888,47.28607,41.42423,0.57317,0.68472,-0.00746,0.00476,0.72875,
1573523262380389888,47.23449,41.93979,0.57995,0.68458,-0.00876,0.00418,0.72887,
1573523262513669888,47.18279,42.46224,0.58462,0.68338,-0.00966,0.00584,0.72998,
1573523262646949888,47.14122,42.94194,0.58591,0.68239,-0.00762,0.00623,0.73092,
1573523262780230144,47.08278,43.47142,0.59201,0.68091,-0.00674,0.00567,0.73232,
1573523262913509888,47.01722,43.99397,0.59914,0.67868,-0.00727,0.00585,0.73438,
1573523263046779904,46.95038,44.49495,0.60183,0.67494,-0.00709,0.00620,0.73781,
1573523263180059904,46.85440,45.04780,0.60700,0.66992,-0.00626,0.00482,0.74239,
1573523263313339904,46.75886,45.54545,0.61515,0.66361,-0.00662,0.00455,0.74804,
1573523263446640128,46.64707,46.04265,0.62516,0.65599,-0.00735,0.00369,0.75473,
1573523263579920128,46.51573,46.52353,0.63396,0.64619,-0.00901,0.00204,0.76312,
1573523263713199872,46.37131,46.97183,0.63073,0.63460,-0.01055,0.00119,0.77277,
1573523263846479872,46.20771,47.42285,0.63105,0.62186,-0.01212,0.00200,0.78303,
1573523263979759872,46.02567,47.86394,0.63474,0.60756,-0.01305,0.00234,0.79416,
1573523264113039872,45.82133,48.28846,0.64300,0.59182,-0.01443,0.00151,0.80594,
1573523264246309888,45.58423,48.70726,0.65006,0.57449,-0.01741,-0.00116,0.81833,
1573523264379590144,45.32136,49.13750,0.65026,0.55563,-0.01906,-0.00369,0.83120,
1573523264512869888,45.04732,49.57224,0.64548,0.53601,-0.01828,-0.00386,0.84400,
1573523264646149888,44.75312,49.96919,0.64978,0.51593,-0.01866,-0.00461,0.85641,
1573523264779429888,44.44855,50.32517,0.65317,0.49565,-0.01951,-0.00537,0.86828,
1573523264912709888,44.13359,50.67627,0.65069,0.47431,-0.01810,-0.00466,0.88016,
1573523265045989888,43.80050,51.00859,0.65002,0.45282,-0.01722,-0.00421,0.89143,
1573523265179270144,43.44913,51.31878,0.65073,0.43141,-0.01744,-0.00516,0.90197,
1573523265312549888,43.08590,51.60021,0.65300,0.41013,-0.01821,-0.00821,0.91181,
1573523265445819904,42.71443,51.88046,0.64944,0.38976,-0.01744,-0.00950,0.92070,
1573523265579119872,42.34563,52.13904,0.65090,0.36998,-0.01503,-0.00636,0.92890,
1573523265712399872,41.96684,52.38424,0.65316,0.34986,-0.01322,-0.00335,0.93670,
1573523265845679872,41.57141,52.59310,0.66186,0.32991,-0.01385,-0.00576,0.94389,
1573523265978960128,41.16133,52.79395,0.67266,0.30919,-0.01426,-0.00846,0.95086,
1573523266112239872,40.75156,52.97868,0.67523,0.28829,-0.01304,-0.00833,0.95742,
1573523266245519872,40.33316,53.15480,0.67753,0.26714,-0.01185,-0.00699,0.96356,
1573523266378779904,39.90767,53.29892,0.68266,0.24510,-0.01293,-0.00733,0.96938,
1573523266512049920,39.47571,53.42010,0.68370,0.22300,-0.01489,-0.00911,0.97466,
1573523266645329920,39.04014,53.52543,0.68594,0.20132,-0.01726,-0.01050,0.97932,
1573523266778609920,38.60541,53.61511,0.69063,0.17964,-0.01819,-0.01061,0.98351,
1573523266911889920,38.18734,53.69264,0.68738,0.16028,-0.01770,-0.01033,0.98686,
1573523267045169920,37.76745,53.75072,0.68991,0.14286,-0.01742,-0.01012,0.98954,
1573523267178449920,37.34868,53.79474,0.69052,0.12724,-0.01861,-0.01275,0.99161,
1573523267311729920,36.93711,53.83534,0.68436,0.11321,-0.01894,-0.01540,0.99327,
1573523267445009920,36.53570,53.87319,0.68271,0.10086,-0.01834,-0.01331,0.99464,
1573523267578289920,36.13873,53.90601,0.68187,0.08952,-0.01773,-0.01253,0.99575,
1573523267711559936,35.72344,53.91841,0.68515,0.07884,-0.01722,-0.01429,0.99664,
1573523267844819968,35.32202,53.94664,0.68108,0.07009,-0.01782,-0.01347,0.99729,
1573523267978099712,34.91285,53.95903,0.68740,0.06126,-0.01712,-0.01294,0.99789,
1573523268111379968,34.50047,53.96115,0.67425,0.05406,-0.01732,-0.01581,0.99826,
1573523268244659968,34.09066,53.96505,0.66520,0.04722,-0.01778,-0.01679,0.99859,
1573523268377920000,33.67773,53.97498,0.66181,0.04081,-0.01872,-0.01530,0.99887,
1573523268511200000,33.25305,53.97482,0.65787,0.03566,-0.01919,-0.01563,0.99906,
1573523268644480000,32.82304,53.96800,0.65530,0.03139,-0.01865,-0.01754,0.99918,
1573523268911030016,31.95901,53.96234,0.64826,0.02519,-0.02013,-0.01750,0.99933,
1573523269044309760,31.52802,53.95976,0.64163,0.02266,-0.01875,-0.01781,0.99941,
1573523269177590016,31.07833,53.95732,0.64292,0.02151,-0.01857,-0.01818,0.99943,
1573523269444150016,30.18368,53.95648,0.64721,0.01964,-0.01573,-0.01757,0.99953,
1573523269577430016,29.73017,53.96147,0.63821,0.01928,-0.01668,-0.01622,0.99954,
1573523269710710016,29.27372,53.96151,0.62689,0.01837,-0.01650,-0.01642,0.99956,
1573523269977259776,28.34660,53.95590,0.64064,0.01724,-0.01743,-0.01877,0.99952,
1573523270110540032,27.86874,53.96561,0.63552,0.01762,-0.02056,-0.01728,0.99948,
1573523270243820032,27.37465,53.97507,0.62407,0.01782,-0.02056,-0.01594,0.99950,
1573523270510380032,26.37476,53.98386,0.61843,0.01903,-0.02099,-0.01599,0.99947,
1573523270643659776,25.85042,53.98336,0.62078,0.01930,-0.02130,-0.01710,0.99944,
1573523270910220032,24.82836,53.99070,0.61804,0.02008,-0.01737,-0.01537,0.99953,
1573523271043490048,24.32001,53.99806,0.61065,0.02047,-0.01734,-0.01446,0.99954,
1573523271310070016,23.27685,54.00149,0.61174,0.02077,-0.01782,-0.01556,0.99950,
1573523271443349760,22.73357,54.00659,0.61185,0.02067,-0.01834,-0.01535,0.99950,
1573523271576629760,22.19019,54.01574,0.60675,0.02050,-0.01964,-0.01358,0.99950,
1573523271709910016,21.64900,54.02137,0.60110,0.02044,-0.01934,-0.01350,0.99951,
1573523271843190016,21.10430,54.01703,0.60185,0.02026,-0.01823,-0.01588,0.99950,
1573523271976470016,20.55625,54.01950,0.60161,0.01975,-0.01887,-0.01617,0.99950,
1573523272109760000,19.99699,54.03242,0.59272,0.01928,-0.01949,-0.01326,0.99954,
1573523272243039744,19.44350,54.04094,0.58642,0.01884,-0.01867,-0.01121,0.99959,
1573523272376320000,18.87529,54.03546,0.58876,0.01857,-0.01739,-0.01364,0.99958,
1573523272509600000,18.32580,54.02797,0.59129,0.01789,-0.01831,-0.01652,0.99954,
1573523272642880000,17.76319,54.02968,0.58390,0.01725,-0.01853,-0.01572,0.99956,
1573523272776160000,17.20293,54.03373,0.57475,0.01655,-0.01824,-0.01446,0.99959,
1573523272909440000,16.64098,54.03241,0.57651,0.01637,-0.01832,-0.01554,0.99958,
1573523273042719744,16.06918,54.02998,0.57721,0.01615,-0.01885,-0.01660,0.99955,
1573523273176000000,15.47820,54.03179,0.57127,0.01596,-0.01824,-0.01541,0.99959,
1573523273309270016,14.88846,54.03336,0.56268,0.01578,-0.01752,-0.01446,0.99962,
1573523273442550016,14.30778,54.02941,0.55979,0.01572,-0.01861,-0.01506,0.99959,
1573523273575830016,13.72177,54.02225,0.56123,0.01553,-0.01928,-0.01618,0.99956,
1573523273709110016,13.13287,54.01901,0.55969,0.01512,-0.01802,-0.01666,0.99958,
1573523273842389760,12.54317,54.02051,0.55568,0.01500,-0.01723,-0.01497,0.99963,
1573523273975669760,11.98140,54.02415,0.55143,0.01510,-0.01616,-0.01329,0.99967,
1573523274108950016,11.41358,54.02362,0.55422,0.01497,-0.01513,-0.01286,0.99969,
1573523274242230016,10.81482,54.01963,0.55513,0.01587,-0.01479,-0.01429,0.99966,
1573523274375510016,10.26506,54.02677,0.55073,0.01655,-0.01561,-0.01438,0.99964,
1573523274508780032,9.69026,54.03316,0.54565,0.01715,-0.01673,-0.01402,0.99961,
1573523274642060032,9.09166,54.03734,0.54166,0.01795,-0.01889,-0.01434,0.99956,
1573523274775339776,8.48277,54.04296,0.53829,0.01802,-0.02073,-0.01398,0.99952,
1573523274908619776,7.91836,54.05433,0.53426,0.01805,-0.01952,-0.01236,0.99957,
1573523275041900032,7.31548,54.05523,0.53535,0.01840,-0.01772,-0.01307,0.99959,
1573523275175180032,6.69646,54.04720,0.53814,0.01840,-0.01678,-0.01543,0.99957,
1573523275308460032,6.07454,54.04212,0.53734,0.01814,-0.01484,-0.01671,0.99959,
1573523275441740032,5.45165,54.04726,0.53264,0.01805,-0.01625,-0.01535,0.99959,
1573523275575019776,4.86674,54.05398,0.52883,0.01771,-0.01796,-0.01355,0.99959,
1573523275708289792,4.28252,54.04665,0.53146,0.01775,-0.01834,-0.01559,0.99955,
1573523275841569792,3.68156,54.04004,0.53606,0.01750,-0.01822,-0.01746,0.99953,
1573523275974850048,3.07518,54.04279,0.53445,0.01727,-0.01795,-0.01664,0.99955,
1573523276108130048,2.46384,54.04510,0.52956,0.01704,-0.01703,-0.01434,0.99961,
1573523276241410048,1.84345,54.03852,0.52663,0.01714,-0.01886,-0.01485,0.99956,
1573523276374690048,1.21820,54.02890,0.52379,0.01699,-0.01998,-0.01653,0.99952,
1573523276507969792,0.62730,54.03367,0.52206,0.01683,-0.01941,-0.01435,0.99957,
1573523276641249792,0.04374,54.03390,0.52309,0.01718,-0.01831,-0.01428,0.99958,
1573523276774530048,-0.54781,54.03302,0.52252,0.01709,-0.01662,-0.01493,0.99960,
1573523276907800064,-1.15641,54.03105,0.51589,0.01743,-0.01659,-0.01582,0.99959,
1573523277041080064,-1.82039,54.02956,0.50851,0.01726,-0.01948,-0.01535,0.99954,
1573523277174360064,-2.37374,54.03682,0.50662,0.01772,-0.01994,-0.01538,0.99953,
1573523277307639808,-2.96194,54.04108,0.51077,0.01758,-0.01900,-0.01458,0.99956,
1573523277440919808,-3.58721,54.03842,0.51138,0.01800,-0.01823,-0.01477,0.99956,
1573523277574199808,-4.21472,54.03957,0.50380,0.01837,-0.01680,-0.01541,0.99957,
1573523277707480064,-4.80314,54.04467,0.50247,0.01842,-0.01712,-0.01537,0.99957,
1573523277840760064,-5.41870,54.05437,0.50159,0.01827,-0.01885,-0.01405,0.99956,
1573523277974030080,-6.06722,54.06172,0.49673,0.01832,-0.01879,-0.01249,0.99958,
1573523278107310080,-6.71017,54.06605,0.49067,0.01823,-0.01783,-0.01265,0.99959,
1573523278240589824,-7.35299,54.06590,0.48707,0.01821,-0.01872,-0.01394,0.99956,
1573523278373869824,-7.99892,54.06742,0.48298,0.01825,-0.01907,-0.01429,0.99955,
1573523278507149824,-8.60109,54.07554,0.47651,0.01779,-0.01878,-0.01291,0.99958,
1573523278640430080,-9.20944,54.08465,0.47233,0.01765,-0.01911,-0.01172,0.99959,
1573523278773710080,-9.83616,54.08569,0.46695,0.01756,-0.01952,-0.01298,0.99957,
1573523278906990080,-10.48342,54.08268,0.46272,0.01716,-0.01975,-0.01406,0.99956,
1573523279040269824,-11.12968,54.08116,0.45963,0.01696,-0.02032,-0.01376,0.99955,
1573523279173539840,-11.73246,54.08525,0.46166,0.01677,-0.01919,-0.01306,0.99959,
1573523279306819840,-12.36675,54.08088,0.46054,0.01657,-0.01832,-0.01344,0.99960,
1573523279440099840,-12.99512,54.07691,0.45423,0.01640,-0.01873,-0.01447,0.99959,
1573523279573380096,-13.63661,54.07556,0.44957,0.01615,-0.01888,-0.01419,0.99959,
1573523279706660096,-14.28631,54.07487,0.45006,0.01621,-0.02021,-0.01344,0.99957,
1573523279839939840,-14.95080,54.07016,0.44908,0.01607,-0.02033,-0.01367,0.99957,
1573523279973219840,-15.61710,54.06451,0.44601,0.01637,-0.01849,-0.01426,0.99959,
1573523280106499840,-16.25331,54.06533,0.44445,0.01616,-0.01816,-0.01408,0.99961,
1573523280239769856,-16.87863,54.06569,0.44207,0.01625,-0.01898,-0.01375,0.99959,
1573523280373049856,-17.49882,54.06527,0.43812,0.01629,-0.01943,-0.01349,0.99959,
1573523280506330112,-18.12589,54.06372,0.43503,0.01625,-0.02085,-0.01394,0.99955,
1573523280639610112,-18.75330,54.06352,0.43271,0.01636,-0.02152,-0.01386,0.99954,
1573523280772889856,-19.37254,54.06778,0.43075,0.01670,-0.01995,-0.01305,0.99958,
1573523280906169856,-19.98923,54.06915,0.42460,0.01675,-0.01892,-0.01296,0.99960,
1573523281039449856,-20.64974,54.06285,0.41970,0.01715,-0.01792,-0.01347,0.99960,
1573523281172729856,-21.31834,54.06101,0.41900,0.01719,-0.01754,-0.01343,0.99961,
1573523281305999872,-21.91801,54.06948,0.41561,0.01758,-0.01870,-0.01179,0.99960,
1573523281439280128,-22.53180,54.07053,0.41216,0.01796,-0.01788,-0.01211,0.99961,
1573523281572559872,-23.16022,54.06686,0.41126,0.01805,-0.01712,-0.01355,0.99960,
1573523281705839872,-23.78782,54.06875,0.40838,0.01829,-0.01853,-0.01438,0.99956,
1573523281839119872,-24.39766,54.07768,0.40480,0.01836,-0.01742,-0.01314,0.99959,
1573523281972399872,-25.00177,54.08461,0.40673,0.01886,-0.01588,-0.01254,0.99962,
1573523282105679872,-25.64351,54.08326,0.40662,0.01901,-0.01658,-0.01346,0.99959,
1573523282238960128,-26.26966,54.08383,0.40338,0.01923,-0.01637,-0.01385,0.99959,
1573523282372239872,-26.91387,54.08550,0.40331,0.01905,-0.01790,-0.01343,0.99957,
1573523282505509888,-27.53544,54.09057,0.40334,0.01891,-0.01983,-0.01217,0.99955,
1573523282638789888,-28.16370,54.09116,0.40204,0.01872,-0.01867,-0.01148,0.99958,
1573523282772069888,-28.80666,54.08522,0.40457,0.01817,-0.01788,-0.01304,0.99959,
1573523282905349888,-29.44572,54.08205,0.40356,0.01789,-0.01740,-0.01405,0.99959,
1573523283038629888,-30.06370,54.08596,0.40049,0.01720,-0.01687,-0.01268,0.99963,
1573523283171910144,-30.70540,54.08701,0.39889,0.01676,-0.01645,-0.01067,0.99967,
1573523283305189888,-31.35443,54.08328,0.39896,0.01674,-0.01715,-0.01087,0.99965,
1573523283438469888,-31.97741,54.07594,0.39481,0.01627,-0.01890,-0.01258,0.99961,
1573523283571749888,-32.58563,54.07528,0.39048,0.01559,-0.01999,-0.01230,0.99960,
1573523283705019904,-33.17943,54.07417,0.38820,0.01547,-0.02055,-0.01196,0.99960,
1573523283838299904,-33.78245,54.07341,0.38374,0.01482,-0.02204,-0.01153,0.99958,
1573523283971579904,-34.37786,54.07045,0.37733,0.01488,-0.02075,-0.01116,0.99961,
1573523284104859904,-34.94334,54.06955,0.37498,0.01439,-0.01967,-0.01077,0.99964,
1573523284238139904,-35.49065,54.06392,0.37783,0.01432,-0.01944,-0.01174,0.99964,
1573523284371419904,-36.02396,54.06140,0.37363,0.01393,-0.01921,-0.01203,0.99965,
1573523284504699904,-36.55498,54.06067,0.36673,0.01376,-0.01781,-0.01168,0.99968,
1573523284637979904,-37.07220,54.06278,0.36107,0.01352,-0.01804,-0.01029,0.99969,
1573523284771249920,-37.56971,54.06026,0.36175,0.01324,-0.01866,-0.01022,0.99969,
1573523284904530176,-38.05700,54.04966,0.36466,0.01293,-0.01894,-0.01222,0.99966,
1573523285037809920,-38.53021,54.04200,0.35945,0.01246,-0.01888,-0.01300,0.99966,
1573523285171089920,-38.99547,54.03706,0.35504,0.01180,-0.01874,-0.01196,0.99968,
1573523285304369920,-39.44443,54.03027,0.35511,0.00940,-0.01842,-0.01039,0.99973,
1573523285437649920,-39.89198,54.01221,0.35191,0.00541,-0.01845,-0.00946,0.99977,
1573523285570929920,-40.31633,53.98003,0.34939,-0.00031,-0.01968,-0.01088,0.99975,
1573523285704209920,-40.73814,53.93804,0.34600,-0.00808,-0.01862,-0.01154,0.99973,
1573523285837489920,-41.16607,53.88415,0.34295,-0.01877,-0.01739,-0.01067,0.99962,
1573523285970769920,-41.60957,53.80528,0.34684,-0.03130,-0.01770,-0.01116,0.99929,
1573523286104039936,-42.04106,53.71220,0.35120,-0.04615,-0.01773,-0.01132,0.99871,
1573523286237329920,-42.44753,53.60698,0.34559,-0.06269,-0.01703,-0.01020,0.99784,
1573523286370599936,-42.83918,53.48188,0.33967,-0.08027,-0.01591,-0.00955,0.99660,
1573523286503879936,-43.20418,53.33969,0.33851,-0.09900,-0.01532,-0.01053,0.99491,
1573523286637159936,-43.57512,53.18193,0.33391,-0.11938,-0.01577,-0.00907,0.99268,
1573523286770439936,-43.93586,53.00350,0.32640,-0.14106,-0.01652,-0.00737,0.98984,
1573523286903719936,-44.28304,52.79151,0.32541,-0.16517,-0.01688,-0.00910,0.98608,
1573523287036979968,-44.60080,52.55137,0.33034,-0.19113,-0.01662,-0.01177,0.98135,
1573523287170249984,-44.92669,52.29964,0.32125,-0.21787,-0.01543,-0.01239,0.97578,
1573523287303529984,-45.24377,52.03320,0.32503,-0.24506,-0.01493,-0.01227,0.96932,
1573523287436809984,-45.51983,51.74415,0.33759,-0.27210,-0.01353,-0.01351,0.96208,
1573523287570070016,-45.78728,51.43789,0.34721,-0.29972,-0.01300,-0.01323,0.95385,
1573523287703349760,-46.03583,51.12798,0.33620,-0.32755,-0.01343,-0.01301,0.94465,
1573523287836609792,-46.25783,50.80040,0.33766,-0.35497,-0.01212,-0.01403,0.93469,
1573523287969879808,-46.42683,50.45600,0.34814,-0.38222,-0.01024,-0.01710,0.92385,
1573523288103159808,-46.59315,50.10761,0.35058,-0.40946,-0.00866,-0.01889,0.91209,
1573523288236450048,-46.75445,49.76566,0.34403,-0.43548,-0.00745,-0.01607,0.90002,
1573523288369720064,-46.88014,49.40632,0.35621,-0.46082,-0.00584,-0.01617,0.88733,
1573523288503000064,-46.98480,49.04019,0.36147,-0.48593,-0.00517,-0.01753,0.87381,
1573523288636280064,-47.08683,48.67215,0.36403,0.50983,0.00479,0.01864,-0.86006,
1573523288769559808,-47.15041,48.31236,0.37350,0.53375,0.00507,0.01775,-0.84544,
1573523288902839808,-47.21846,47.94660,0.36617,0.55622,0.00535,0.01810,-0.83082,
1573523289036120064,-47.24646,47.58632,0.36936,0.57893,0.00476,0.01786,-0.81517,
1573523289169400064,-47.24948,47.22179,0.36737,0.60086,0.00401,0.01802,-0.79914,
1573523289302680064,-47.24275,46.87532,0.38568,0.62236,0.00397,0.02011,-0.78247,
1573523289435950080,-47.22837,46.51781,0.37362,0.64361,0.00607,0.02004,-0.76507,
1573523289569249792,-47.17955,46.16235,0.37811,0.66356,0.00614,0.01925,-0.74785,
1573523289702529792,-47.11567,45.81818,0.37396,0.68441,0.00655,0.01846,-0.72884,
1573523289835810048,-47.03290,45.48178,0.37073,0.70358,0.00600,0.01956,-0.71033,
1573523289969090048,-46.91558,45.12713,0.37212,0.72239,0.00565,0.02349,-0.69106,
1573523290102370048,-46.79934,44.81213,0.36890,0.74084,0.00592,0.02358,-0.67124,
1573523290235649792,-46.66582,44.47188,0.36602,0.75867,0.00662,0.02367,-0.65102,
1573523290368929792,-46.51689,44.15156,0.36766,0.77557,0.00660,0.02475,-0.63074,
1573523290502209792,-46.35489,43.85609,0.37376,0.79279,0.00617,0.02443,-0.60897,
1573523290635479808,-46.17431,43.57138,0.36674,0.80898,0.00630,0.02278,-0.58736,
1573523290768760064,-45.96998,43.26507,0.35448,0.82449,0.00737,0.02192,-0.56540,
1573523290902040064,-45.74174,43.00080,0.34783,0.83984,0.00478,0.02167,-0.54238,
1573523291035320064,-45.50689,42.72577,0.34725,0.85394,0.00174,0.02228,-0.51989,
1573523291168599808,-45.25053,42.47348,0.34094,0.86872,-0.00172,0.01993,-0.49490,
1573523291301879808,-44.97796,42.22879,0.33867,0.88122,-0.00418,0.02020,-0.47226,
1573523291435159808,-44.68065,41.96644,0.33190,0.89399,-0.00444,0.02038,-0.44760,
1573523291568440064,-44.37460,41.71991,0.32704,0.90441,-0.00531,0.02180,-0.42607,
1573523291701710080,-44.05710,41.47066,0.31818,0.91446,-0.00412,0.02133,-0.40410,
1573523291834990080,-43.73711,41.22850,0.31275,0.92267,-0.00093,0.02043,-0.38505,
1573523291968269824,-43.39329,41.00649,0.31570,0.93053,-0.00273,0.01956,-0.36567,
1573523292101549824,-43.04243,40.79150,0.31340,0.93679,-0.00695,0.01981,-0.34926,
1573523292234829824,-42.68424,40.58632,0.31348,0.94266,-0.00990,0.01899,-0.33307,
1573523292368109824,-42.31831,40.38231,0.31768,0.94745,-0.01041,0.01808,-0.31924,
1573523292501390080,-41.93740,40.16633,0.31363,0.95202,-0.00916,0.01516,-0.30552,
1573523292634670080,-41.55098,39.96196,0.30937,0.95549,-0.00949,0.01534,-0.29447,
1573523292767940096,-41.14086,39.76280,0.31270,0.95882,-0.01086,0.01799,-0.28323,
1573523292901219840,-40.73104,39.56534,0.31547,0.96154,-0.01067,0.01813,-0.27386,
1573523293034499840,-40.32959,39.37013,0.31333,0.96421,-0.01030,0.01806,-0.26433,
1573523293167779840,-39.90298,39.18130,0.31520,0.96632,-0.01153,0.01984,-0.25630,
1573523293301059840,-39.49109,38.99703,0.31898,0.96820,-0.01288,0.02023,-0.24901,
1573523293434340096,-39.07419,38.80893,0.32308,0.96918,-0.01482,0.02004,-0.24509,
1573523293567620096,-38.63771,38.60681,0.31467,0.96996,-0.01371,0.02002,-0.24204,
1573523293700899840,-38.21725,38.39914,0.31029,0.97047,-0.01106,0.02058,-0.24009,
1573523293834179840,-37.77031,38.19553,0.30973,0.97097,-0.01145,0.02037,-0.23807,
1573523293967449856,-37.30547,37.99259,0.31294,0.97130,-0.01281,0.02139,-0.23657,
1573523294100729856,-36.85647,37.79407,0.31849,0.97162,-0.01384,0.02190,-0.23511,
1573523294234009856,-36.43543,37.59776,0.32155,0.97191,-0.01457,0.02022,-0.23405,
1573523294367290112,-36.01409,37.39496,0.31728,0.97238,-0.01365,0.01799,-0.23232,
1573523294500570112,-35.55732,37.18364,0.31479,0.97260,-0.01264,0.01931,-0.23133,
1573523294633849856,-35.08541,36.97260,0.31263,0.97291,-0.01327,0.01910,-0.23003,
1573523294767129856,-34.59959,36.75520,0.31343,0.97306,-0.01409,0.01941,-0.22930,
1573523294900409856,-34.12143,36.53580,0.31845,0.97338,-0.01277,0.01931,-0.22803,
1573523295033689856,-33.61852,36.30904,0.32035,0.97363,-0.01069,0.01869,-0.22713,
1573523295166960128,-33.12123,36.09044,0.31350,0.97387,-0.01043,0.01905,-0.22606,
1573523295300240128,-32.62127,35.87910,0.30913,0.97403,-0.01208,0.02014,-0.22518,
1573523295433519872,-32.12348,35.66530,0.30896,0.97427,-0.01233,0.02024,-0.22413,
1573523295566799872,-31.64957,35.44811,0.31062,0.97454,-0.00963,0.02075,-0.22306,
1573523295700079872,-31.15144,35.23047,0.31125,0.97476,-0.00815,0.02056,-0.22216,
1573523295833359872,-30.64666,35.02346,0.30768,0.97497,-0.01145,0.02067,-0.22109,
1573523295966639872,-30.15619,34.82085,0.30753,0.97519,-0.01401,0.02177,-0.21986,
1573523296099920128,-29.63036,34.59709,0.30719,0.97541,-0.01343,0.02281,-0.21880,
1573523296233199872,-29.09994,34.37041,0.30526,0.97564,-0.01097,0.02283,-0.21791,
1573523296366469888,-28.59014,34.14913,0.30201,0.97568,-0.00913,0.02374,-0.21774,
1573523296499749888,-28.08146,33.94562,0.29988,0.97575,-0.01148,0.02354,-0.21732,
1573523296633029888,-27.58876,33.74662,0.30028,0.97582,-0.01347,0.02362,-0.21686,
1573523296766309888,-27.12165,33.54151,0.29886,0.97591,-0.01226,0.02309,-0.21662,
1573523296899589888,-26.63956,33.33556,0.29409,0.97601,-0.01087,0.02288,-0.21625,
1573523297032870144,-26.13907,33.13278,0.29258,0.97614,-0.01214,0.02202,-0.21569,
1573523297166149888,-25.65092,32.93774,0.29568,0.97616,-0.01386,0.02157,-0.21553,
1573523297299429888,-25.17675,32.73798,0.30311,0.97624,-0.01421,0.01949,-0.21534,
1573523297432719872,-24.70076,32.53320,0.30872,0.97623,-0.01330,0.01801,-0.21560,
1573523297565999872,-24.21554,32.33066,0.30975,0.97618,-0.01331,0.01670,-0.21592,
1573523297699280128,-23.74129,32.13400,0.30950,0.97602,-0.01447,0.01669,-0.21655,
1573523297832559872,-23.27812,31.93963,0.31298,0.97587,-0.01603,0.01727,-0.21706,
1573523297965839872,-22.82087,31.73763,0.32069,0.97578,-0.01540,0.01780,-0.21749,
1573523298099119872,-22.34599,31.52859,0.32471,0.97547,-0.01452,0.01841,-0.21889,
1573523298232399872,-21.85906,31.31489,0.32462,0.97520,-0.01397,0.01827,-0.22013,
1573523298365679872,-21.38610,31.10334,0.32323,0.97491,-0.01325,0.01841,-0.22142,
1573523298498960128,-20.91447,30.89623,0.32630,0.97449,-0.01487,0.01847,-0.22318,
1573523298632230144,-20.47759,30.69379,0.32991,0.97396,-0.01649,0.01978,-0.22527,
1573523298765509888,-20.03938,30.48565,0.33376,0.97320,-0.01701,0.01942,-0.22849,
1573523298898789888,-19.62074,30.27089,0.33311,0.97245,-0.01575,0.01855,-0.23185,
1573523299032069888,-19.20553,30.04993,0.33315,0.97129,-0.01420,0.01800,-0.23678,
1573523299165349888,-18.78857,29.82835,0.33602,0.96993,-0.01492,0.01827,-0.24222,
1573523299298629888,-18.36591,29.60036,0.34073,0.96826,-0.01587,0.01850,-0.24877,
1573523299431889920,-17.97063,29.36832,0.34447,0.96646,-0.01546,0.01824,-0.25571,
1573523299565170176,-17.58152,29.13065,0.34659,0.96437,-0.01511,0.01849,-0.26348,
1573523299698449920,-17.21756,28.89186,0.34630,0.96222,-0.01439,0.01885,-0.27125,
1573523299831719936,-16.84761,28.63915,0.34563,0.95992,-0.01233,0.01832,-0.27940,
1573523299964999936,-16.47904,28.38294,0.34369,0.95737,-0.01216,0.01957,-0.28795,
1573523300098279936,-16.12119,28.11915,0.34167,0.95481,-0.01138,0.02171,-0.29621,
1573523300231559936,-15.78520,27.85337,0.34259,0.95190,-0.01045,0.02231,-0.30542,
1573523300364839936,-15.46220,27.58567,0.34056,0.94894,-0.01029,0.02231,-0.31449,
1573523300498119936,-15.14132,27.30889,0.33727,0.94589,-0.00943,0.02281,-0.32355,
1573523300631399936,-14.83596,27.02255,0.33309,0.94277,-0.00650,0.02336,-0.33256,
1573523300764679936,-14.51967,26.73040,0.32998,0.93911,-0.00720,0.02268,-0.34279,
1573523300897949952,-14.19978,26.42997,0.33067,0.93517,-0.01007,0.02290,-0.35332,
1573523301031229952,-13.88842,26.10968,0.33090,0.93055,-0.00978,0.02382,-0.36525,
1573523301164509952,-13.59161,25.77223,0.32345,0.92558,-0.00726,0.02358,-0.37774,
1573523301297789952,-13.30397,25.43328,0.32172,0.92028,-0.00542,0.02331,-0.39053,
1573523301431069952,-13.03223,25.07722,0.30995,0.91482,-0.00380,0.02284,-0.40321,
1573523301564349952,-12.76864,24.73232,0.30983,0.90895,-0.00579,0.02360,-0.41620,
1573523301697629952,-12.52803,24.37819,0.30624,0.90329,-0.00627,0.02320,-0.42835,
1573523301830909952,-12.29013,24.02865,0.31688,0.89727,-0.00534,0.02092,-0.44095,
1573523301964179968,-12.07057,23.65536,0.30325,0.89126,-0.00513,0.01994,-0.45303,
1573523302097459968,-11.83962,23.28600,0.30436,0.88547,-0.00523,0.01987,-0.46424,
1573523302230739712,-11.61680,22.90182,0.30210,0.88010,-0.00446,0.01914,-0.47439,
1573523302364019968,-11.39789,22.51762,0.30436,0.87491,-0.00537,0.01677,-0.48396,
1573523302497299968,-11.18444,22.12628,0.30858,0.87006,-0.00539,0.01677,-0.49263,
1573523302630579968,-10.97507,21.72930,0.31499,0.86526,-0.00432,0.01705,-0.50102,
1573523302763859968,-10.77380,21.34408,0.31916,0.86025,-0.00726,0.01724,-0.50953,
1573523302897139968,-10.57986,20.95453,0.31925,0.85552,-0.00939,0.01833,-0.51736,
1573523303030419712,-10.40200,20.54394,0.31701,0.85049,-0.00622,0.01877,-0.52561,
1573523303163689728,-10.22542,20.13302,0.32035,0.84576,-0.00397,0.02000,-0.53318,
1573523303296969984,-10.05385,19.72216,0.32323,0.84092,-0.00527,0.02080,-0.54074,
1573523303430249984,-9.88660,19.31744,0.32687,0.83602,-0.00603,0.02220,-0.54821,
1573523303563529984,-9.73585,18.89460,0.32423,0.83113,-0.00558,0.02234,-0.55560,
1573523303696809984,-9.59078,18.47851,0.32811,0.82638,-0.00557,0.02108,-0.56270,
1573523303830109952,-9.45908,18.07056,0.32318,0.82196,-0.00506,0.01953,-0.56918,
1573523303963389952,-9.32644,17.65238,0.32154,0.81722,-0.00570,0.02023,-0.57594,
1573523304096669952,-9.20255,17.21979,0.31836,0.81291,-0.00599,0.02175,-0.58195,
1573523304229939968,-9.08824,16.77988,0.31423,0.80828,-0.00426,0.02128,-0.58840,
1573523304363219968,-8.96505,16.32043,0.30925,0.80484,-0.00253,0.02033,-0.59314,
1573523304496499968,-8.84033,15.86532,0.31114,0.80107,-0.00358,0.02132,-0.59818,
1573523304629779968,-8.71990,15.39953,0.31165,0.79843,-0.00344,0.02111,-0.60170,
1573523304763059968,-8.60446,14.92432,0.30372,0.79546,-0.00111,0.02001,-0.60568,
1573523304896339968,-8.48876,14.44567,0.29773,0.79324,-0.00005,0.01910,-0.60860,
1573523305029619968,-8.35256,13.93904,0.29709,0.79119,-0.00239,0.01984,-0.61124,
1573523305162899968,-8.23148,13.44242,0.29833,0.78912,-0.00320,0.02058,-0.61388,
1573523305296179968,-8.10777,12.93711,0.29446,0.78775,-0.00094,0.01957,-0.61568,
1573523305429449984,-7.99920,12.43666,0.28241,0.78693,0.00094,0.01817,-0.61677,
1573523305562729728,-7.87278,11.92446,0.27899,0.78663,0.00207,0.01726,-0.61718,
1573523305696009984,-7.73174,11.40829,0.27631,0.78635,0.00108,0.01866,-0.61750,
1573523305829289984,-7.59269,10.89856,0.27744,0.78753,0.00060,0.01984,-0.61596,
1573523305962569984,-7.46163,10.41728,0.27584,0.78920,0.00156,0.01952,-0.61382,
1573523306095849984,-7.31859,9.93637,0.28094,0.79161,0.00138,0.01716,-0.61078,
1573523306229129984,-7.16989,9.46036,0.27656,0.79442,0.00096,0.01623,-0.60715,
1573523306362409728,-7.01323,8.98226,0.27368,0.79763,0.00177,0.01742,-0.60289,
1573523306495689984,-6.85167,8.52799,0.27247,0.80149,0.00095,0.01769,-0.59775,
1573523306628960000,-6.67653,8.07063,0.27841,0.80597,-0.00100,0.01748,-0.59170,
1573523306762240000,-6.50264,7.62147,0.28080,0.81114,0.00069,0.01688,-0.58460,
1573523306895520000,-6.32756,7.18417,0.27906,0.81665,0.00440,0.01500,-0.57692,
1573523307028800000,-6.11830,6.75722,0.28493,0.82293,0.00073,0.01446,-0.56796,
1573523307162060032,-5.88811,6.34585,0.29237,0.82933,-0.00631,0.01758,-0.55845,
1573523307295339776,-5.65626,5.92512,0.29409,0.83536,-0.00793,0.02006,-0.54928,
1573523307428619776,-5.42791,5.49432,0.28746,0.84262,-0.00291,0.01816,-0.53820,
1573523307561899776,-5.18773,5.07689,0.28249,0.85074,0.00187,0.01561,-0.52535,
1573523307695180032,-4.91653,4.68084,0.28659,0.85852,0.00027,0.01634,-0.51251,
1573523307828450048,-4.61644,4.29880,0.29369,0.86646,-0.00611,0.01997,-0.49882,
1573523307961730048,-4.31398,3.93051,0.29241,0.87429,-0.00959,0.02016,-0.48489,
1573523308095010048,-4.01747,3.56523,0.28459,0.88196,-0.00741,0.01917,-0.47087,
1573523308228289792,-3.70938,3.22078,0.27862,0.88963,-0.00544,0.02015,-0.45620,
1573523308361569792,-3.38774,2.89096,0.27706,0.89656,-0.00626,0.02159,-0.44234,
1573523308494850048,-3.05359,2.55108,0.27835,0.90328,-0.00536,0.02133,-0.42849,
1573523308628130048,-2.70724,2.24159,0.28114,0.90971,-0.00476,0.02034,-0.41471,
1573523308761410048,-2.35719,1.94831,0.27965,0.91691,-0.00541,0.02017,-0.39854,
1573523308894680064,-1.98154,1.66302,0.27604,0.92423,-0.00543,0.01968,-0.38130,
1573523309027959808,-1.59737,1.39724,0.26911,0.93177,-0.00451,0.01927,-0.36251,
1573523309161219840,-1.20288,1.15325,0.26105,0.93909,-0.00496,0.01938,-0.34310,
1573523309294499840,-0.79663,0.92791,0.26297,0.94611,-0.00579,0.01960,-0.32321,
1573523309427779840,-0.39056,0.73884,0.26912,0.95257,-0.00733,0.01897,-0.30364,
1573523309561059840,0.02666,0.55651,0.26777,0.95883,-0.00739,0.01849,-0.28328,
1573523309694340096,0.45248,0.39400,0.26370,0.96462,-0.00821,0.01808,-0.26288,
1573523309827620096,0.89027,0.24969,0.25650,0.97046,-0.00837,0.01792,-0.24046,
1573523309960899840,1.32962,0.13433,0.25325,0.97557,-0.00933,0.01936,-0.21862,
1573523310094159872,1.77301,0.04022,0.25557,0.98040,-0.01056,0.02058,-0.19564,
1573523310227439872,2.21182,-0.02609,0.26196,0.98447,-0.01301,0.01960,-0.17396,
1573523310360719872,2.65497,-0.08186,0.26267,0.98826,-0.01388,0.01758,-0.15115,
1573523310493999872,3.11882,-0.13060,0.25817,0.99118,-0.01513,0.01856,-0.13036,
1573523310760560128,4.03724,-0.19309,0.25324,0.99519,-0.01641,0.01642,-0.09513,
1573523310893839872,4.50153,-0.20629,0.25294,0.99646,-0.01793,0.01628,-0.08055,
1573523311027119872,4.96204,-0.21216,0.25317,0.99746,-0.01877,0.01655,-0.06674,
1573523311160379904,5.42091,-0.21707,0.24762,0.99806,-0.01940,0.01720,-0.05668,
1573523311426929920,6.34409,-0.23299,0.23976,0.99875,-0.01898,0.01694,-0.04314,
1573523311560209920,6.80983,-0.23417,0.24256,0.99896,-0.01812,0.01688,-0.03824,
1573523311693489920,7.28175,-0.24237,0.23404,0.99912,-0.01706,0.01725,-0.03426,
1573523311960009984,8.23555,-0.24224,0.22703,0.99927,-0.01838,0.01707,-0.02893,
1573523312093289728,8.70677,-0.23783,0.23094,0.99936,-0.01755,0.01546,-0.02709,
1573523312359799808,9.70404,-0.22887,0.23189,0.99942,-0.01689,0.01729,-0.02416,
1573523312493079808,10.20088,-0.22491,0.22789,0.99952,-0.01646,0.01380,-0.02249,
1573523312759640064,11.22603,-0.21188,0.22828,0.99954,-0.01637,0.01643,-0.01971,
1573523313026219776,12.26561,-0.19797,0.22467,0.99959,-0.01542,0.01581,-0.01798,
1573523313292800000,13.32982,-0.19901,0.21990,0.99953,-0.01478,0.01813,-0.01997,
1573523313426070016,13.86938,-0.19087,0.22197,0.99950,-0.01630,0.01744,-0.02062,
1573523313692610048,14.96214,-0.20250,0.22168,0.99952,-0.01310,0.01683,-0.02231,
1573523313825889792,15.51885,-0.20020,0.21793,0.99954,-0.01245,0.01633,-0.02253,
1573523314092409856,16.64960,-0.18943,0.23187,0.99949,-0.01588,0.01569,-0.02286,
1573523314358939904,17.81808,-0.19660,0.22784,0.99956,-0.01214,0.01657,-0.02130,
1573523314492199936,18.40947,-0.17970,0.23566,0.99954,-0.01462,0.01645,-0.02077,
1573523314758710016,19.61522,-0.17117,0.24142,0.99957,-0.01410,0.01743,-0.01895,
1573523315025229824,20.79107,-0.15842,0.24661,0.99959,-0.01441,0.01768,-0.01729,
1573523315291869952,22.02312,-0.14975,0.24939,0.99962,-0.01395,0.01767,-0.01565,
1573523315558459904,23.25118,-0.13234,0.24239,0.99962,-0.01415,0.01862,-0.01437,
1573523315825029888,24.45344,-0.11015,0.24555,0.99967,-0.01350,0.01809,-0.01227,
1573523316091630080,25.59535,-0.08798,0.25244,0.99973,-0.01411,0.01516,-0.01073,
1573523316224949760,26.16070,-0.07077,0.25159,0.99973,-0.01468,0.01439,-0.01047,
1573523316491549952,27.30921,-0.05820,0.25814,0.99973,-0.01234,0.01656,-0.01047,
1573523316758119936,28.45471,-0.02997,0.26669,0.99973,-0.01237,0.01598,-0.01133,
1573523316891419904,29.00535,-0.02598,0.26773,0.99974,-0.01204,0.01511,-0.01178,
1573523317024689920,29.55976,-0.01219,0.27076,0.99976,-0.01214,0.01412,-0.01181,
1573523317157989888,30.12075,0.00370,0.27302,0.99976,-0.01142,0.01400,-0.01234,
1573523317291270144,30.67745,0.02185,0.27719,0.99975,-0.01224,0.01391,-0.01235,
1573523317424550144,31.22234,0.04327,0.28083,0.99976,-0.01218,0.01354,-0.01229,
1573523317557829888,31.76284,0.05304,0.28088,0.99976,-0.01013,0.01523,-0.01208,
1573523317691109888,32.27772,0.07199,0.28500,0.99976,-0.01065,0.01477,-0.01189,
1573523317824389888,32.80442,0.09340,0.29156,0.99978,-0.01148,0.01336,-0.01139,
1573523317957669888,33.34222,0.11234,0.29796,0.99978,-0.01115,0.01327,-0.01147,
1573523318090939904,33.88759,0.12676,0.29982,0.99980,-0.01050,0.01323,-0.01048,
1573523318224220160,34.42089,0.14115,0.30222,0.99982,-0.01079,0.01173,-0.01046,
1573523318357499904,34.93998,0.15982,0.30957,0.99978,-0.01292,0.01290,-0.01011,
1573523318490779904,35.45115,0.18267,0.32022,0.99977,-0.01301,0.01364,-0.00977,
1573523318624059904,35.95182,0.17787,0.31755,0.99982,-0.01042,0.01261,-0.00938,
1573523318757339904,36.42786,0.18137,0.31913,0.99986,-0.00808,0.01107,-0.00949,
1573523318890619904,36.90639,0.19355,0.32222,0.99986,-0.00825,0.01100,-0.00910,
1573523319023900160,37.40455,0.21027,0.32344,0.99987,-0.00894,0.01079,-0.00854,
1573523319157179904,37.92375,0.23020,0.32394,0.99985,-0.01015,0.01162,-0.00736,
1573523319290449920,38.43336,0.25183,0.32585,0.99984,-0.01147,0.01244,-0.00646,
1573523319423729920,38.93176,0.26861,0.32973,0.99985,-0.01049,0.01310,-0.00519,
1573523319557009920,39.41582,0.27949,0.32756,0.99986,-0.00789,0.01410,-0.00390,
1573523319690289920,39.87685,0.28725,0.32204,0.99987,-0.00523,0.01525,-0.00257,
1573523319823569920,40.35686,0.31907,0.31673,0.99982,-0.00754,0.01724,-0.00101,
1573523319956850176,40.83981,0.36210,0.31603,0.99977,-0.01036,0.01842,0.00244,
1573523320090129920,41.31879,0.39828,0.31832,0.99975,-0.00983,0.01880,0.00705,
1573523320223409920,41.82208,0.44710,0.31522,0.99970,-0.00712,0.01838,0.01469,
1573523320356679936,42.31810,0.51357,0.31019,0.99952,-0.00504,0.01773,0.02510,
1573523320489959936,42.80548,0.60538,0.30459,0.99914,-0.00441,0.01611,0.03792,
1573523320623239936,43.28608,0.72405,0.30009,0.99839,-0.00573,0.01625,0.05409,
1573523320756519936,43.76809,0.86547,0.29524,0.99727,-0.00692,0.01830,0.07125,
1573523320889799936,44.21385,1.02054,0.29358,0.99585,-0.00735,0.01859,0.08875,
1573523321023079936,44.65347,1.19542,0.29197,0.99393,-0.00695,0.01746,0.10842,
1573523321156359936,45.09059,1.39824,0.29293,0.99134,-0.00689,0.01765,0.12995,
1573523321289639936,45.51864,1.62290,0.28760,0.98798,-0.00609,0.01788,0.15343,
1573523321422919936,45.92939,1.87968,0.28005,0.98377,-0.00654,0.01710,0.17849,
1573523321556189952,46.31158,2.16908,0.28045,0.97870,-0.00983,0.01665,0.20439,
1573523321689469952,46.72087,2.49072,0.28750,0.97275,-0.01317,0.01513,0.23099,
1573523321822749952,47.08482,2.81931,0.28972,0.96581,-0.01279,0.01435,0.25853,
1573523321956029952,47.43320,3.17297,0.29079,0.95810,-0.01094,0.01463,0.28584,
1573523322089309952,47.75980,3.53246,0.28554,0.94960,-0.01050,0.01362,0.31300,
1573523322222589952,48.06485,3.92429,0.28676,0.94043,-0.01194,0.01143,0.33959,
1573523322355869952,48.33667,4.33301,0.29469,0.93058,-0.01496,0.01072,0.36562,
1573523322489149952,48.58440,4.74719,0.30221,0.92008,-0.01640,0.00971,0.39127,
1573523322622419712,48.80936,5.16676,0.29896,0.90921,-0.01441,0.00850,0.41600,
1573523322755699968,49.02553,5.59582,0.30692,0.89793,-0.01444,0.00765,0.43984,
1573523322888979968,49.20657,6.04237,0.31347,0.88632,-0.01554,0.00771,0.46275,
1573523323022259968,49.38453,6.48155,0.30962,0.87467,-0.01430,0.00829,0.48444,
1573523323155539968,49.53341,6.93424,0.31447,0.86242,-0.01294,0.00758,0.50597,
1573523323288819968,49.64835,7.38954,0.32009,0.85003,-0.01422,0.00569,0.52650,
1573523323422099712,49.74368,7.84696,0.31933,0.83773,-0.01585,0.00467,0.54584,
1573523323555379968,49.83600,8.30776,0.32828,0.82597,-0.01578,0.00348,0.56348,
1573523323688649984,49.90361,8.74821,0.33323,0.81469,-0.01577,0.00196,0.57967,
1573523323821929984,49.96591,9.19774,0.33656,0.80400,-0.01572,0.00312,0.59442,
1573523323955190016,50.01814,9.64563,0.34103,0.79388,-0.01587,0.00544,0.60785,
1573523324088470016,50.05234,10.09152,0.34292,0.78460,-0.01687,0.00379,0.61977,
1573523324221750016,50.07861,10.52848,0.34438,0.77600,-0.01674,0.00234,0.63051,
1573523324355030016,50.10194,10.96398,0.34800,0.76811,-0.01631,0.00366,0.64010,
1573523324488289792,50.11738,11.39930,0.35150,0.76021,-0.01526,0.00518,0.64948,
1573523324621569792,50.11743,11.83090,0.35389,0.75218,-0.01480,0.00529,0.65877,
1573523324754839808,50.10736,12.26480,0.35417,0.74403,-0.01535,0.00562,0.66795,
1573523324888089856,50.07874,12.68619,0.35813,0.73614,-0.01680,0.00406,0.67661,
1573523325021369856,50.04255,13.11481,0.35656,0.72774,-0.01765,0.00355,0.68562,
1573523325154629888,50.01212,13.53037,0.35824,0.72005,-0.01707,0.00524,0.69370,
1573523325287849984,49.97015,13.95419,0.36012,0.71301,-0.01662,0.00575,0.70093,
1573523325421089792,49.92035,14.38019,0.36489,0.70660,-0.01671,0.00537,0.70740,
1573523325554370048,49.86799,14.79273,0.36225,0.70114,-0.01544,0.00713,0.71282,
1573523325687650048,49.81972,15.20275,0.36290,0.69617,-0.01593,0.00776,0.71766,
1573523325820920064,49.74456,15.61292,0.36639,0.69259,-0.01785,0.00303,0.72111,
1573523325954200064,49.67462,16.02568,0.37847,0.68967,-0.01727,-0.00019,0.72392,
1573523326220759808,49.61050,16.82901,0.37554,0.68773,-0.01440,0.00422,0.72581,
1573523326487320064,49.51464,17.65734,0.38351,0.68680,-0.01319,0.00270,0.72672,
1573523326620600064,49.47556,18.06167,0.38330,0.68635,-0.01258,0.00240,0.72716,
1573523326753880064,49.42076,18.48883,0.39796,0.68601,-0.01380,0.00255,0.72746,
1573523327020459776,49.34007,19.32629,0.39702,0.68502,-0.01364,0.00377,0.72838,
1573523327153740032,49.29939,19.78381,0.38523,0.68496,-0.01310,0.00541,0.72845,
1573523327286989824,49.25158,20.23742,0.39251,0.68501,-0.01266,0.00635,0.72840,
1573523327420270080,49.20952,20.70546,0.39393,0.68496,-0.01337,0.00568,0.72844,
1573523327686830080,49.11347,21.68443,0.39398,0.68520,-0.01209,0.00519,0.72823,
1573523327820099840,49.05485,22.18455,0.40148,0.68546,-0.01227,0.00295,0.72800,
1573523327953379840,48.99873,22.70262,0.40439,0.68533,-0.01238,0.00191,0.72812,
1573523328219939840,48.89301,23.76835,0.41197,0.68567,-0.01320,0.00153,0.72779,
1573523328353209856,48.83890,24.32315,0.41541,0.68614,-0.01286,0.00297,0.72735,
1573523328619770112,48.71580,25.45367,0.42985,0.68677,-0.01581,0.00134,0.72671,
1573523328753049856,48.66010,26.00929,0.43446,0.68695,-0.01505,0.00116,0.72655,
1573523329019609856,48.55218,27.13707,0.44354,0.68710,-0.01542,0.00279,0.72639,
1573523329152889856,48.49094,27.69877,0.44975,0.68737,-0.01609,0.00186,0.72612,
1573523329286170112,48.41715,28.33959,0.45387,0.68711,-0.01673,0.00148,0.72636,
1573523329552719872,48.31123,29.48373,0.46214,0.68750,-0.01546,0.00229,0.72602,
1573523329685999872,48.25220,30.06795,0.46430,0.68780,-0.01573,0.00313,0.72572,
1573523329819279872,48.19732,30.65704,0.46568,0.68843,-0.01531,0.00392,0.72513,
1573523330085949952,48.07877,31.85508,0.47724,0.68906,-0.01631,0.00186,0.72452,
1573523330219280128,48.02393,32.46704,0.48204,0.68944,-0.01533,0.00273,0.72418,
1573523330352560128,47.97010,33.06813,0.48042,0.68923,-0.01493,0.00319,0.72438,
1573523330485839872,47.92016,33.65714,0.48721,0.68958,-0.01523,0.00293,0.72405,
1573523330619109888,47.86849,34.25286,0.49153,0.68961,-0.01455,0.00313,0.72402,
1573523330752389888,47.81907,34.85356,0.49641,0.68974,-0.01385,0.00483,0.72391,
1573523330885689856,47.75934,35.45065,0.50059,0.69010,-0.01427,0.00409,0.72356,
1573523331018970112,47.70451,36.03213,0.50576,0.69010,-0.01422,0.00283,0.72357,
1573523331152250112,47.66082,36.61401,0.50914,0.69020,-0.01244,0.00463,0.72350,
1573523331285529856,47.61555,37.19655,0.51579,0.69018,-0.01091,0.00595,0.72353,
1573523331418809856,47.56042,37.76414,0.52094,0.69054,-0.01078,0.00539,0.72319,
1573523331552089856,47.50552,38.33299,0.53109,0.69073,-0.01067,0.00367,0.72303,
1573523331685390080,47.46360,38.90722,0.53499,0.69071,-0.00955,0.00584,0.72304,
1573523331818660096,47.41998,39.47862,0.54157,0.69081,-0.00902,0.00696,0.72295,
1573523331951940096,47.36924,40.04550,0.55007,0.69060,-0.00852,0.00596,0.72316,
1573523332085219840,47.32590,40.60648,0.55456,0.69066,-0.00775,0.00661,0.72310,
1573523332218499840,47.27789,41.15751,0.56138,0.69019,-0.00835,0.00762,0.72354,
1573523332351779840,47.22857,41.69416,0.56782,0.68907,-0.00734,0.00656,0.72463,
1573523332485060096,47.17620,42.20654,0.57576,0.68822,-0.00900,0.00638,0.72541,
1573523332618340096,47.11996,42.75292,0.58148,0.68576,-0.00932,0.00755,0.72773,
1573523332751620096,47.05808,43.28884,0.58503,0.68328,-0.00747,0.00780,0.73007,
1573523332884889856,46.97488,43.86387,0.59201,0.67984,-0.00721,0.00696,0.73329,
1573523333018179840,46.89125,44.38740,0.59897,0.67618,-0.00809,0.00678,0.73666,
1573523333151449856,46.80390,44.88374,0.60271,0.67139,-0.00807,0.00553,0.74104,
1573523333284729856,46.71003,45.35559,0.60719,0.66617,-0.00769,0.00451,0.74575,
1573523333418030080,46.61086,45.81614,0.61465,0.66004,-0.00786,0.00435,0.75118,
1573523333551309824,46.49412,46.28170,0.62330,0.65297,-0.00925,0.00232,0.75732,
1573523333684589824,46.36287,46.73739,0.62809,0.64481,-0.01113,0.00046,0.76426,
1573523333817869824,46.22512,47.19317,0.62481,0.63536,-0.01206,0.00106,0.77212,
1573523333951149824,46.07442,47.64454,0.62228,0.62539,-0.01264,0.00248,0.78020,
1573523334084419840,45.90746,48.07515,0.62535,0.61358,-0.01308,0.00281,0.78952,
1573523334217700096,45.71406,48.48653,0.63362,0.60041,-0.01524,0.00063,0.79955,
1573523334350980096,45.49504,48.89244,0.63551,0.58539,-0.01818,-0.00263,0.81054,
1573523334484259840,45.26616,49.29468,0.63214,0.56922,-0.01856,-0.00372,0.82197,
1573523334617539840,45.01972,49.69967,0.63200,0.55163,-0.01763,-0.00240,0.83390,
1573523334750819840,44.74533,50.09724,0.64026,0.53205,-0.01796,-0.00221,0.84652,
1573523334884099840,44.44748,50.46022,0.64411,0.51065,-0.01831,-0.00359,0.85959,
1573523335017380096,44.14007,50.80442,0.64302,0.48797,-0.01696,-0.00292,0.87269,
1573523335150670080,43.81199,51.13410,0.64558,0.46520,-0.01648,-0.00322,0.88504,
1573523335283949824,43.46134,51.44759,0.65022,0.44182,-0.01725,-0.00430,0.89693,
1573523335417229824,43.09524,51.74280,0.65416,0.41823,-0.01741,-0.00597,0.90815,
1573523335550509824,42.72416,52.02420,0.65526,0.39435,-0.01590,-0.00530,0.91881,
1573523335683790080,42.35608,52.25631,0.65917,0.37108,-0.01404,-0.00335,0.92849,
1573523335817070080,41.95768,52.52663,0.66284,0.34758,-0.01353,-0.00285,0.93755,
1573523335950350080,41.55404,52.73821,0.66994,0.32458,-0.01423,-0.00516,0.94574,
1573523336083629824,41.14752,52.92793,0.67612,0.30078,-0.01371,-0.00653,0.95357,
1573523336216909824,40.73574,53.10312,0.67825,0.27749,-0.01265,-0.00694,0.96062,
1573523336350159872,40.31730,53.26148,0.67780,0.25438,-0.01165,-0.00677,0.96701,
1573523336483439872,39.89848,53.38269,0.67924,0.23118,-0.01237,-0.00753,0.97280,
1573523336616719872,39.47324,53.48841,0.67792,0.20877,-0.01421,-0.00884,0.97782,
1573523336750000128,39.05047,53.56689,0.67966,0.18688,-0.01665,-0.01029,0.98219,
1573523336883280128,38.63221,53.63050,0.68330,0.16564,-0.01741,-0.01140,0.98597,
1573523337016559872,38.21754,53.68351,0.68306,0.14636,-0.01703,-0.01093,0.98903,
1573523337149839872,37.80904,53.72619,0.68201,0.12911,-0.01676,-0.01003,0.99144,
1573523337283119872,37.39411,53.74988,0.68481,0.11319,-0.01745,-0.01232,0.99334,
1573523337416399872,36.98569,53.76274,0.68371,0.09927,-0.01770,-0.01591,0.99478,
1573523337549669888,36.58636,53.77578,0.68412,0.08607,-0.01703,-0.01559,0.99602,
1573523337682950144,36.17137,53.80760,0.67694,0.07650,-0.01669,-0.01434,0.99683,
1573523337816230144,35.76827,53.82147,0.67721,0.06731,-0.01723,-0.01448,0.99748,
1573523337949489920,35.36584,53.84115,0.67563,0.06000,-0.01744,-0.01434,0.99794,
1573523338082769920,34.96271,53.84741,0.67471,0.05403,-0.01747,-0.01329,0.99830,
1573523338216049920,34.55348,53.85332,0.66864,0.04937,-0.01708,-0.01557,0.99851,
1573523338482609920,33.76035,53.88089,0.66969,0.04296,-0.01782,-0.01477,0.99881,
1573523338615889920,33.35445,53.89322,0.67251,0.04035,-0.01900,-0.01501,0.99889,
1573523338749159936,32.94868,53.90119,0.67349,0.03842,-0.01885,-0.01638,0.99895,
1573523339015699968,32.13221,53.92366,0.67109,0.03452,-0.02021,-0.01514,0.99908,
1573523339148979968,31.72846,53.92958,0.66889,0.03187,-0.01862,-0.01593,0.99919,
1573523339282259968,31.30694,53.93460,0.66978,0.03006,-0.01840,-0.01653,0.99924,
1573523339548819968,30.50889,53.95322,0.67820,0.03031,-0.01491,-0.01812,0.99927,
1573523339682099968,30.10058,53.97659,0.67221,0.03190,-0.01584,-0.01611,0.99924,
1573523339948649984,29.28362,54.01309,0.66523,0.03447,-0.01615,-0.01545,0.99916,
1573523340081929984,28.86887,54.02366,0.67428,0.03483,-0.01601,-0.01738,0.99911,
1573523340348489984,28.01242,54.05408,0.66979,0.03394,-0.02030,-0.01530,0.99910,
1573523340615049728,27.15196,54.07134,0.65853,0.03146,-0.01982,-0.01559,0.99919,
1573523340881609984,26.27076,54.08676,0.65520,0.02880,-0.02090,-0.01502,0.99925,
1573523341148179968,25.34537,54.08327,0.65386,0.02510,-0.01851,-0.01625,0.99938,
1573523341414739968,24.41183,54.08555,0.64394,0.02157,-0.01735,-0.01382,0.99952,
1573523341548019968,23.92632,54.07912,0.64138,0.01965,-0.01748,-0.01468,0.99955,
1573523341681299968,23.43374,54.06947,0.64323,0.01832,-0.01749,-0.01577,0.99955,
1573523341814579968,22.93598,54.06581,0.64202,0.01704,-0.01794,-0.01564,0.99957,
1573523342081159936,21.92750,54.06732,0.63320,0.01690,-0.01891,-0.01375,0.99958,
1573523342214429952,21.41561,54.05894,0.63227,0.01720,-0.01825,-0.01581,0.99956,
1573523342347709952,20.89529,54.05418,0.63337,0.01717,-0.01815,-0.01677,0.99955,
1573523342480989952,20.36375,54.06132,0.62630,0.01711,-0.01931,-0.01418,0.99957,
1573523342614269952,19.82942,54.06835,0.61652,0.01758,-0.01855,-0.01191,0.99960,
1573523342747549952,19.29507,54.06389,0.61571,0.01775,-0.01746,-0.01342,0.99960,
1573523342880829952,18.74809,54.05195,0.61574,0.01787,-0.01791,-0.01628,0.99955,
1573523343014109952,18.18439,54.04693,0.60809,0.01792,-0.01892,-0.01653,0.99952,
1573523343147389952,17.63039,54.05301,0.59723,0.01787,-0.01858,-0.01552,0.99955,
1573523343280659968,17.07420,54.05704,0.59401,0.01772,-0.01847,-0.01452,0.99957,
1573523343413939968,16.50422,54.05223,0.59573,0.01792,-0.01908,-0.01628,0.99952,
1573523343547219968,15.93717,54.05196,0.59100,0.01767,-0.01885,-0.01672,0.99953,
1573523343680499968,15.36674,54.05784,0.58224,0.01755,-0.01775,-0.01475,0.99958,
1573523343813779712,14.78911,54.05536,0.57599,0.01771,-0.01822,-0.01486,0.99957,
1573523343947059968,14.19801,54.04770,0.57791,0.01763,-0.01953,-0.01606,0.99952,
1573523344080339968,13.61614,54.04271,0.57787,0.01757,-0.01846,-0.01698,0.99953,
1573523344213619968,13.01502,54.04558,0.57239,0.01731,-0.01744,-0.01538,0.99958,
1573523344346889984,12.42417,54.04944,0.56778,0.01754,-0.01627,-0.01339,0.99962,
1573523344480169984,11.84052,54.04929,0.56899,0.01736,-0.01543,-0.01327,0.99964,
1573523344613449984,11.26070,54.04775,0.57010,0.01771,-0.01461,-0.01364,0.99964,
1573523344746729728,10.65179,54.04900,0.56612,0.01784,-0.01558,-0.01328,0.99963,
1573523344880009984,10.01908,54.04360,0.56170,0.01790,-0.01670,-0.01384,0.99960,
1573523345013289984,9.40107,54.04085,0.55695,0.01804,-0.01887,-0.01429,0.99956,
1573523345146569984,8.78456,54.04025,0.55347,0.01796,-0.02124,-0.01399,0.99952,
1573523345279849984,8.17463,54.04377,0.54917,0.01798,-0.02020,-0.01222,0.99956,
1573523345413129984,7.57883,54.04382,0.54857,0.01819,-0.01807,-0.01292,0.99959,
1573523345546399744,6.95695,54.03500,0.54804,0.01813,-0.01696,-0.01529,0.99957,
1573523345679679744,6.34267,54.03057,0.54606,0.01801,-0.01497,-0.01666,0.99959,
1573523345812960000,5.70964,54.03525,0.54037,0.01784,-0.01665,-0.01523,0.99959,
1573523345946240000,5.07856,54.03979,0.53533,0.01818,-0.01824,-0.01392,0.99957,
1573523346079520000,4.44299,54.03129,0.53509,0.01861,-0.01855,-0.01613,0.99952,
1573523346212800000,3.81284,54.02784,0.53617,0.01871,-0.01859,-0.01697,0.99951,
1573523346346079744,3.18392,54.02992,0.53210,0.01852,-0.01767,-0.01619,0.99954,
1573523346479359744,2.55601,54.03378,0.52610,0.01865,-0.01751,-0.01445,0.99957,
1573523346612630016,1.91840,54.02834,0.52036,0.01873,-0.01935,-0.01577,0.99951,
1573523346745910016,1.29376,54.02814,0.51918,0.01832,-0.01988,-0.01519,0.99952,
1573523346879190016,0.67300,54.03130,0.51880,0.01793,-0.01876,-0.01418,0.99956,
1573523347012470016,0.06505,54.03055,0.51929,0.01729,-0.01751,-0.01417,0.99960,
1573523347145750016,-0.57585,54.02409,0.51364,0.01732,-0.01598,-0.01551,0.99960,
1573523347279029760,-1.23399,54.02010,0.50641,0.01676,-0.01845,-0.01598,0.99956,
1573523347412309760,-1.89568,54.01803,0.50249,0.01673,-0.02026,-0.01555,0.99953,
1573523347545590016,-2.55695,54.01482,0.50606,0.01657,-0.01949,-0.01449,0.99957,
1573523347678870016,-3.20721,54.00966,0.50606,0.01669,-0.01848,-0.01467,0.99958,
1573523347812140032,-3.84811,54.00366,0.50136,0.01687,-0.01706,-0.01534,0.99959,
1573523347945420032,-4.50385,53.99818,0.49753,0.01685,-0.01714,-0.01555,0.99959,
1573523348078699776,-5.15478,53.99785,0.49665,0.01690,-0.01889,-0.01427,0.99958,
1573523348211979776,-5.78274,54.00374,0.49270,0.01716,-0.01895,-0.01242,0.99960,
1573523348345260032,-6.42998,54.00313,0.49037,0.01737,-0.01776,-0.01249,0.99961,
1573523348478540032,-7.11632,53.99532,0.48854,0.01783,-0.01881,-0.01379,0.99957,
1573523348611820032,-7.81514,53.98967,0.48423,0.01791,-0.01914,-0.01378,0.99956,
1573523348745100032,-8.48218,53.99234,0.47960,0.01796,-0.01892,-0.01184,0.99959,
1573523348878380032,-9.16064,53.99087,0.47763,0.01837,-0.01981,-0.01140,0.99957,
1573523349011649792,-9.81778,53.98656,0.47314,0.01862,-0.01969,-0.01285,0.99955,
1573523349144929792,-10.46641,53.98549,0.46668,0.01922,-0.02044,-0.01369,0.99951,
1573523349278210048,-11.11600,53.99275,0.46418,0.01992,-0.02021,-0.01311,0.99951,
1573523349411490048,-11.75232,54.00381,0.46083,0.02055,-0.01862,-0.01271,0.99953,
1573523349544770048,-12.41756,54.00820,0.45430,0.02143,-0.01847,-0.01330,0.99951,
1573523349678050048,-13.08893,54.01249,0.44688,0.02211,-0.01874,-0.01402,0.99948,
1573523349811329792,-13.78371,54.02059,0.44323,0.02264,-0.01994,-0.01276,0.99946,
1573523349944609792,-14.47911,54.02512,0.44108,0.02276,-0.02058,-0.01247,0.99945,
1573523350077889792,-15.17915,54.02861,0.43654,0.02286,-0.01895,-0.01322,0.99947,
1573523350211160064,-15.86396,54.03189,0.43481,0.02258,-0.01824,-0.01325,0.99949,
1573523350344440064,-16.52849,54.03864,0.43338,0.02226,-0.01907,-0.01293,0.99949,
1573523350477720064,-17.15300,54.04638,0.42753,0.02186,-0.01991,-0.01241,0.99949,
1573523350610999808,-17.81906,54.05005,0.42134,0.02141,-0.02145,-0.01295,0.99946,
1573523350744279808,-18.51143,54.05217,0.41802,0.02112,-0.02186,-0.01275,0.99946,
1573523350877559808,-19.18813,54.05459,0.41372,0.02074,-0.02013,-0.01200,0.99951,
1573523351010840064,-19.89987,54.05176,0.40779,0.02014,-0.01924,-0.01187,0.99954,
1573523351144120064,-20.58893,54.04639,0.40478,0.02003,-0.01779,-0.01253,0.99956,
1573523351277390080,-21.26071,54.04607,0.40332,0.01914,-0.01821,-0.01142,0.99959,
1573523351410670080,-21.94661,54.04719,0.40036,0.01899,-0.01870,-0.01037,0.99959,
1573523351543949824,-22.62741,54.04122,0.39780,0.01871,-0.01773,-0.01165,0.99960,
1573523351677229824,-23.30661,54.03429,0.39698,0.01821,-0.01844,-0.01306,0.99958,
1573523351810509824,-23.96543,54.03380,0.39535,0.01787,-0.01857,-0.01256,0.99959,
1573523351943790080,-24.60889,54.03635,0.39777,0.01771,-0.01650,-0.01151,0.99964,
1573523352077070080,-25.29548,54.03447,0.39703,0.01826,-0.01703,-0.01189,0.99962,
1573523352210350080,-25.99805,54.03079,0.39389,0.01903,-0.01696,-0.01277,0.99959,
1573523352343629824,-26.66792,54.03230,0.39155,0.01948,-0.01810,-0.01293,0.99956,
1573523352476899840,-27.33120,54.03885,0.39112,0.01993,-0.02044,-0.01126,0.99953,
1573523352610179840,-27.97859,54.04530,0.38832,0.02047,-0.01941,-0.01036,0.99955,
1573523352743459840,-28.66041,54.04185,0.38941,0.02061,-0.01843,-0.01204,0.99955,
1573523352876740096,-29.33694,54.04059,0.38818,0.02092,-0.01785,-0.01288,0.99954,
1573523353010020096,-30.01560,54.04586,0.38406,0.02061,-0.01730,-0.01139,0.99957,
1573523353143300096,-30.66237,54.05418,0.38046,0.02030,-0.01712,-0.00919,0.99960,
1573523353276579840,-31.31515,54.05210,0.38027,0.02069,-0.01782,-0.01051,0.99957,
1573523353409859840,-31.98057,54.04828,0.37437,0.02032,-0.01968,-0.01159,0.99953,
1573523353543129856,-32.62126,54.05002,0.37101,0.02018,-0.02052,-0.01127,0.99952,
1573523353676409856,-33.26660,54.05127,0.36868,0.01999,-0.02133,-0.01065,0.99952,
1573523353809690112,-33.89072,54.05401,0.36326,0.01977,-0.02158,-0.01038,0.99952,
1573523353942970112,-34.47807,54.05939,0.35701,0.01958,-0.01984,-0.01005,0.99956,
1573523354076249856,-35.07424,54.05779,0.35755,0.01947,-0.01930,-0.01025,0.99957,
1573523354209529856,-35.64785,54.05424,0.35695,0.01946,-0.01929,-0.01132,0.99956,
1573523354342809856,-36.20490,54.05562,0.35053,0.01908,-0.01791,-0.01108,0.99960,
1573523354476089856,-36.76210,54.06206,0.34605,0.01886,-0.01757,-0.00939,0.99962,
1573523354609359872,-37.33567,54.06223,0.34720,0.01849,-0.01826,-0.00892,0.99962,
1573523354742640128,-37.90148,54.05310,0.34806,0.01749,-0.01889,-0.01051,0.99961,
1573523354875920128,-38.48438,54.03827,0.34249,0.01501,-0.01855,-0.01085,0.99966,
1573523355009199872,-39.02881,54.02323,0.34121,0.01176,-0.01788,-0.00994,0.99972,
1573523355142479872,-39.54032,54.00581,0.33893,0.00620,-0.01783,-0.00793,0.99979,
1573523355275759872,-40.06059,53.96769,0.33488,-0.00182,-0.01922,-0.00771,0.99978,
1573523355409039872,-40.57094,53.90740,0.32988,-0.01222,-0.01844,-0.00954,0.99971,
1573523355542320128,-41.08749,53.83008,0.32634,-0.02481,-0.01745,-0.01013,0.99949,
1573523355675600128,-41.62430,53.73356,0.32832,-0.04126,-0.01814,-0.00844,0.99895,
1573523355808869888,-42.14481,53.60722,0.32644,-0.06140,-0.01824,-0.00626,0.99793,
1573523355942149888,-42.64720,53.44656,0.32467,-0.08357,-0.01643,-0.00623,0.99635,
1573523356075429888,-43.13782,53.25477,0.32473,-0.10837,-0.01557,-0.00707,0.99396,
1573523356208709888,-43.62293,53.04058,0.32323,-0.13371,-0.01631,-0.00590,0.99087,
1573523356341989888,-44.08615,52.79401,0.32202,-0.16043,-0.01710,-0.00630,0.98688,
1573523356475270144,-44.53819,52.50722,0.31773,-0.18977,-0.01722,-0.00792,0.98165,
1573523356608529920,-44.96164,52.19924,0.31532,-0.22036,-0.01635,-0.00841,0.97524,
1573523356741809920,-45.34561,51.85432,0.32845,-0.25373,-0.01571,-0.00838,0.96711,
1573523356875089920,-45.68898,51.47669,0.32689,-0.28837,-0.01460,-0.00870,0.95737,
1573523357008339968,-46.01774,51.08142,0.31156,-0.32320,-0.01402,-0.00989,0.94618,
1573523357141600000,-46.29664,50.65175,0.32995,-0.35723,-0.01198,-0.01191,0.93386,
1573523357274880000,-46.55761,50.20387,0.32402,-0.39206,-0.01056,-0.01499,0.91976,
1573523357408160000,-46.78313,49.74733,0.32611,-0.42565,-0.00818,-0.01421,0.90474,
1573523357541440000,-46.96017,49.27998,0.33890,-0.45880,-0.00704,-0.01372,0.88840,
1573523357674720000,-47.12304,48.80430,0.33735,-0.49078,-0.00702,-0.01505,0.87113,
1573523357807999744,-47.23881,48.31694,0.34401,0.52165,0.00557,0.01703,-0.85297,
1573523357941280000,-47.32679,47.83499,0.33866,0.55149,0.00527,0.01723,-0.83399,
1573523358074560000,-47.36694,47.34580,0.33056,0.58011,0.00577,0.01608,-0.81436,
1573523358207849984,-47.38567,46.88188,0.34306,0.60759,0.00716,0.01718,-0.79404,
1573523358341129984,-47.36390,46.40003,0.32720,0.63375,0.00790,0.01884,-0.77327,
1573523358474409984,-47.32208,45.93809,0.33169,0.65968,0.00798,0.01727,-0.75131,
1573523358607689984,-47.25556,45.49668,0.32391,0.68473,0.00889,0.01696,-0.72854,
1573523358740969984,-47.13833,45.05468,0.32205,0.70833,0.00841,0.01994,-0.70555,
1573523358874249984,-47.00216,44.64451,0.31399,0.73171,0.00739,0.02086,-0.68126,
1573523359007529984,-46.83411,44.22937,0.30649,0.75396,0.00880,0.02158,-0.65651,
1573523359140809984,-46.65126,43.81860,0.30232,0.77517,0.01021,0.02217,-0.63128,
1573523359274080000,-46.43191,43.41007,0.29208,0.79606,0.00992,0.02083,-0.60478,
1573523359407359744,-46.19580,43.02593,0.29206,0.81563,0.00921,0.02023,-0.57815,
1573523359540640000,-45.92060,42.66387,0.29659,0.83470,0.00678,0.02078,-0.55027,
1573523359673920000,-45.63006,42.32711,0.29737,0.85258,0.00385,0.01872,-0.52224,
1573523359807200000,-45.30374,42.00133,0.28856,0.87017,0.00210,0.01761,-0.49243,
1573523359940480000,-44.95140,41.68271,0.28880,0.88580,0.00089,0.01872,-0.46369,
1573523360073760000,-44.57398,41.38928,0.29010,0.90055,-0.00103,0.02025,-0.43429,
1573523360207039744,-44.17892,41.11512,0.28963,0.91342,-0.00288,0.02139,-0.40646,
1573523360340339968,-43.77979,40.84682,0.28937,0.92452,-0.00205,0.02006,-0.38060,
1573523360473609984,-43.36655,40.59374,0.29284,0.93423,-0.00108,0.01873,-0.35618,
1573523360606889984,-42.92851,40.37873,0.30344,0.94233,-0.00541,0.01908,-0.33410,
1573523360740169984,-42.49410,40.16405,0.30635,0.94918,-0.00976,0.01792,-0.31407,
1573523360873449984,-42.05760,39.93810,0.29971,0.95510,-0.00917,0.01500,-0.29576,
1573523361006729728,-41.60056,39.72084,0.29471,0.96011,-0.00832,0.01391,-0.27914,
1573523361140009984,-41.12354,39.51555,0.29630,0.96422,-0.00900,0.01640,-0.26446,
1573523361273289984,-40.65008,39.31800,0.29996,0.96752,-0.00883,0.01797,-0.25201,
1573523361406569984,-40.16934,39.10873,0.29661,0.96976,-0.01077,0.01908,-0.24306,
1573523361539840000,-39.67196,38.90761,0.30183,0.97110,-0.01230,0.02040,-0.23748,
1573523361673120000,-39.20366,38.69954,0.30365,0.97216,-0.01103,0.01935,-0.23326,
1573523361806399744,-38.70736,38.48619,0.30236,0.97277,-0.01193,0.01911,-0.23066,
1573523361939679744,-38.20880,38.27305,0.29737,0.97321,-0.01206,0.01997,-0.22875,
1573523362072960000,-37.70917,38.05889,0.29340,0.97350,-0.01100,0.01981,-0.22756,
1573523362206240000,-37.20358,37.84128,0.29287,0.97379,-0.01124,0.02003,-0.22630,
1573523362339520000,-36.69933,37.62892,0.29978,0.97378,-0.01282,0.02138,-0.22614,
1573523362472800000,-36.19413,37.41384,0.30459,0.97385,-0.01495,0.01919,-0.22588,
1573523362606080000,-35.68501,37.18593,0.30094,0.97392,-0.01374,0.01770,-0.22577,
1573523362739359744,-35.16517,36.95258,0.29600,0.97390,-0.01235,0.01795,-0.22592,
1573523362872629760,-34.63272,36.71955,0.29334,0.97383,-0.01302,0.01854,-0.22616,
1573523363005910016,-34.09360,36.48707,0.29723,0.97368,-0.01397,0.01860,-0.22672,
1573523363139190016,-33.56276,36.24509,0.29980,0.97368,-0.01193,0.01811,-0.22688,
1573523363272470016,-33.02176,36.00065,0.29319,0.97366,-0.00966,0.01758,-0.22711,
1573523363405750016,-32.47312,35.76600,0.28817,0.97360,-0.01103,0.01856,-0.22725,
1573523363539029760,-31.90888,35.52480,0.28804,0.97358,-0.01271,0.01912,-0.22719,
1573523363672309760,-31.35157,35.27160,0.28748,0.97364,-0.00938,0.01991,-0.22702,
1573523363805590016,-30.80805,35.02543,0.28796,0.97360,-0.00821,0.01932,-0.22729,
1573523363938860032,-30.25047,34.79274,0.28475,0.97343,-0.01274,0.01887,-0.22785,
1573523364072140032,-29.68564,34.55023,0.28383,0.97343,-0.01429,0.02033,-0.22762,
1573523364205420032,-29.13474,34.29860,0.28208,0.97347,-0.01248,0.02106,-0.22749,
1573523364338700032,-28.56706,34.04024,0.27908,0.97351,-0.00965,0.02177,-0.22738,
1573523364471979776,-27.99686,33.79358,0.27482,0.97349,-0.01064,0.02105,-0.22753,
1573523364605259776,-27.42763,33.55051,0.27376,0.97352,-0.01307,0.02124,-0.22725,
1573523364738540032,-26.85267,33.29772,0.27197,0.97361,-0.01255,0.02121,-0.22690,
1573523364871820032,-26.27755,33.04404,0.26679,0.97386,-0.01123,0.02096,-0.22590,
1573523365005090048,-25.68051,32.79745,0.26534,0.97412,-0.01219,0.02038,-0.22480,
1573523365138370048,-25.09538,32.55507,0.27214,0.97439,-0.01335,0.01887,-0.22366,
1573523365271649792,-24.51630,32.31075,0.27866,0.97479,-0.01325,0.01714,-0.22205,
1573523365404929792,-23.94644,32.07062,0.27847,0.97508,-0.01304,0.01555,-0.22091,
1573523365538209792,-23.38618,31.84193,0.28097,0.97517,-0.01529,0.01610,-0.22036,
1573523365671490048,-22.81412,31.60506,0.28677,0.97517,-0.01631,0.01671,-0.22024,
1573523365804770048,-22.24983,31.36021,0.29179,0.97507,-0.01526,0.01814,-0.22061,
1573523365938050048,-21.70113,31.11792,0.29298,0.97478,-0.01427,0.01796,-0.22199,
1573523366071320064,-21.14742,30.87462,0.29398,0.97421,-0.01455,0.01774,-0.22446,
1573523366204599808,-20.61285,30.63540,0.30005,0.97313,-0.01761,0.01861,-0.22881,
1573523366337879808,-20.09351,30.38407,0.30726,0.97167,-0.01881,0.01936,-0.23480,
1573523366471159808,-19.59974,30.11857,0.30887,0.97002,-0.01693,0.01798,-0.24176,
1573523366604440064,-19.11171,29.84220,0.30924,0.96803,-0.01492,0.01693,-0.24982,
1573523366737720064,-18.62923,29.56640,0.31014,0.96599,-0.01424,0.01705,-0.25764,
1573523366871000064,-18.12776,29.27814,0.31464,0.96386,-0.01528,0.01725,-0.26540,
1573523367004279808,-17.63891,28.98240,0.31799,0.96164,-0.01612,0.01809,-0.27325,
1573523367137559808,-17.17156,28.67494,0.31490,0.95937,-0.01360,0.01839,-0.28124,
1573523367270829824,-16.72328,28.36487,0.30987,0.95667,-0.01209,0.01875,-0.29033,
1573523367404110080,-16.27559,28.04630,0.30632,0.95371,-0.01225,0.02153,-0.29970,
1573523367537390080,-15.82935,27.71181,0.30504,0.95006,-0.01211,0.02313,-0.31098,
1573523367670670080,-15.38672,27.35730,0.30020,0.94597,-0.01129,0.02326,-0.32322,
1573523367803949824,-14.92085,26.97023,0.29467,0.94186,-0.00749,0.02362,-0.33508,
1573523367937229824,-14.50187,26.60045,0.28796,0.93719,-0.00770,0.02316,-0.34796,
1573523368070509824,-14.09130,26.22695,0.28837,0.93202,-0.01097,0.02378,-0.36146,
1573523368203789824,-13.69835,25.82940,0.28572,0.92639,-0.00980,0.02465,-0.37562,
1573523368337070080,-13.33125,25.41807,0.27687,0.92082,-0.00669,0.02422,-0.38919,
1573523368470340096,-12.98171,24.99903,0.26339,0.91515,-0.00402,0.02337,-0.40241,
1573523368603620096,-12.62890,24.59234,0.26956,0.90906,-0.00724,0.02459,-0.41588,
1573523368736899840,-12.28596,24.17211,0.27903,0.90297,-0.00911,0.02362,-0.42897,
1573523368870179840,-11.98445,23.71995,0.26864,0.89610,-0.00799,0.02155,-0.44325,
1573523369003459840,-11.66706,23.26222,0.27298,0.88890,-0.00665,0.02056,-0.45758,
1573523369136740096,-11.37455,22.78416,0.26519,0.88151,-0.00592,0.01944,-0.47172,
1573523369270020096,-11.09602,22.31727,0.27218,0.87377,-0.00755,0.01873,-0.48591,
1573523369403300096,-10.83862,21.83672,0.27972,0.86589,-0.00656,0.01899,-0.49983,
1573523369536569856,-10.60737,21.36813,0.28262,0.85732,-0.00800,0.01854,-0.51438,
1573523369669849856,-10.38775,20.89268,0.27874,0.84909,-0.00966,0.01917,-0.52781,
1573523369803129856,-10.17032,20.38720,0.27573,0.84062,-0.00723,0.02044,-0.54119,
1573523369936409856,-9.98579,19.88750,0.27422,0.83243,-0.00454,0.02175,-0.55368,
1573523370069690112,-9.81181,19.39521,0.27522,0.82475,-0.00369,0.02250,-0.56504,
1573523370202970112,-9.62105,18.90333,0.28060,0.81776,-0.00528,0.02359,-0.57505,
1573523370336249856,-9.44904,18.40984,0.28399,0.81181,-0.00650,0.02300,-0.58344,
1573523370469529856,-9.29890,17.91366,0.28459,0.80682,-0.00418,0.02094,-0.59042,
1573523370602809856,-9.13708,17.41707,0.28215,0.80202,-0.00429,0.02223,-0.59686,
1573523370869359872,-8.85237,16.43213,0.28670,0.79314,-0.00338,0.02318,-0.60858,
1573523371135920128,-8.59586,15.43437,0.29867,0.78535,-0.00223,0.02280,-0.61863,
1573523371269199872,-8.48102,14.94659,0.29318,0.78215,-0.00107,0.02184,-0.62271,
1573523371402479872,-8.37022,14.45355,0.29245,0.77935,0.00010,0.02106,-0.62623,
1573523371669039872,-8.12465,13.43160,0.29588,0.77383,-0.00153,0.02178,-0.63301,
1573523371935590144,-7.92901,12.43028,0.29271,0.76937,0.00197,0.01912,-0.63851,
1573523372068869888,-7.82950,11.93559,0.28381,0.76832,0.00404,0.01770,-0.63981,
1573523372202149888,-7.72359,11.44170,0.28157,0.76812,0.00316,0.01900,-0.64002,
1573523372335429888,-7.59077,10.95349,0.28098,0.76958,0.00171,0.02050,-0.63822,
1573523372601989888,-7.36554,10.03966,0.27991,0.77422,0.00340,0.01795,-0.63265,
1573523372735270144,-7.23788,9.60421,0.27328,0.77740,0.00288,0.01757,-0.62875,
1573523373001819904,-6.98084,8.78100,0.27477,0.78419,0.00256,0.01887,-0.62023,
1573523373135099904,-6.84827,8.40746,0.27907,0.78807,0.00050,0.01798,-0.61532,
1573523373401659904,-6.57987,7.65251,0.28520,0.79592,0.00187,0.01756,-0.60515,
1573523373534939904,-6.44677,7.29032,0.27981,0.79974,0.00481,0.01643,-0.60010,
1573523373801499904,-6.14116,6.61954,0.29458,0.80870,-0.00392,0.01690,-0.58796,
1573523373934779904,-5.97924,6.28391,0.29857,0.81287,-0.00563,0.01889,-0.58211,
1573523374068059904,-5.82963,5.96432,0.29825,0.81728,-0.00467,0.01952,-0.57589,
1573523374334609920,-5.52500,5.35864,0.29529,0.82708,-0.00286,0.01765,-0.56179,
1573523374467889920,-5.37312,5.08378,0.29005,0.83244,-0.00190,0.01591,-0.55389,
1573523374601169920,-5.21690,4.81849,0.29330,0.83708,-0.00104,0.01634,-0.54683,
1573523374734449920,-5.05089,4.56121,0.29913,0.84173,-0.00290,0.01795,-0.53959,
1573523374867729920,-4.87305,4.31763,0.30475,0.84602,-0.00722,0.02040,-0.53272,
1573523375001009920,-4.70410,4.07453,0.30428,0.84980,-0.00949,0.02040,-0.52663,
1573523375134289920,-4.53919,3.81631,0.29935,0.85364,-0.00792,0.01955,-0.52043,
1573523375267559936,-4.38343,3.58683,0.29886,0.85734,-0.00682,0.01966,-0.51432,
1573523375400839936,-4.21397,3.36023,0.30013,0.86123,-0.00725,0.01994,-0.50776,
1573523375667399936,-3.86424,2.91020,0.30035,0.87021,-0.00594,0.01989,-0.49224,
1573523375800679936,-3.67960,2.69834,0.30120,0.87564,-0.00437,0.02027,-0.48252,
1573523375933959936,-3.48728,2.50067,0.30159,0.88148,-0.00507,0.02133,-0.47171,
1573523376067239936,-3.29169,2.31518,0.30343,0.88742,-0.00654,0.02127,-0.46042,
1573523376200519936,-3.08016,2.12937,0.30213,0.89379,-0.00751,0.02145,-0.44790,
1573523376333769984,-2.87482,1.95525,0.30111,0.90039,-0.00773,0.02178,-0.43447,
1573523376467049728,-2.66433,1.79005,0.29891,0.90712,-0.00724,0.02144,-0.42025,
1573523376600329984,-2.44752,1.63867,0.30014,0.91338,-0.00833,0.02097,-0.40649,
1573523376733609984,-2.22991,1.50624,0.29914,0.91983,-0.00893,0.02143,-0.39163,
1573523377000169984,-1.80487,1.26001,0.29286,0.93184,-0.00847,0.02108,-0.36216,
1573523377133430016,-1.58257,1.16448,0.29656,0.93775,-0.00947,0.02231,-0.34647,
1573523377266710016,-1.38165,1.07366,0.29549,0.94258,-0.00944,0.02205,-0.33311,
1573523377399989760,-1.18489,0.99298,0.29573,0.94744,-0.00933,0.02193,-0.31905,
1573523377666540032,-0.81701,0.86680,0.30189,0.95551,-0.00996,0.02120,-0.29402,
1573523377799820032,-0.64747,0.81135,0.30497,0.95899,-0.01014,0.02088,-0.28250,
1573523378066380032,-0.34085,0.73634,0.31236,0.96483,-0.01257,0.02078,-0.26176,
1573523378199659776,-0.19917,0.70911,0.31445,0.96713,-0.01233,0.02082,-0.25312,
1573523378466219776,0.03920,0.65287,0.31520,0.97106,-0.01185,0.02052,-0.23767,
1573523378732770048,0.23242,0.61480,0.31786,0.97401,-0.01217,0.02011,-0.22528,
1573523378866050048,0.30806,0.60100,0.31810,0.97524,-0.01245,0.01961,-0.21993,
1573523379132609792,0.46201,0.57582,0.31798,0.97745,-0.01301,0.01868,-0.20992,
1573523379399170048,0.61278,0.55557,0.31913,0.97945,-0.01350,0.01844,-0.20038,
1573523379532450048,0.68266,0.54644,0.31939,0.98032,-0.01354,0.01842,-0.19610,
1573523379665730048,0.74875,0.53755,0.32004,0.98102,-0.01360,0.01859,-0.19253,
1573523379932270080,0.85702,0.52086,0.32057,0.98196,-0.01347,0.01899,-0.18764,
