1573538004489458688,2.78829,-0.03695,-0.07960,0.99991,0.00260,0.01281,-0.00030,
1573538004622738944,3.09754,-0.04585,-0.09454,0.99987,0.00105,0.01617,-0.00094,
1573538004756018944,3.42183,-0.05265,-0.12284,0.99978,-0.00164,0.02089,-0.00141,
1573538004889298944,3.74868,-0.05285,-0.14761,0.99977,-0.00466,0.02084,-0.00207,
1573538005022568704,4.08811,-0.06084,-0.17213,0.99976,-0.00456,0.02140,-0.00253,
1573538005155848704,4.44781,-0.07028,-0.20082,0.99969,-0.00328,0.02446,-0.00375,
1573538005289128704,4.81914,-0.07548,-0.22363,0.99968,-0.00220,0.02485,-0.00406,
1573538005422408704,5.20074,-0.08058,-0.23934,0.99970,-0.00102,0.02415,-0.00470,
1573538005555688960,5.59477,-0.09324,-0.24848,0.99974,0.00141,0.02216,-0.00514,
1573538005688968960,5.99489,-0.10767,-0.26334,0.99976,0.00289,0.02079,-0.00584,
1573538005822248704,6.40144,-0.11278,-0.27707,0.99977,0.00127,0.02057,-0.00604,
1573538005955528704,6.81159,-0.12307,-0.28255,0.99980,-0.00009,0.01899,-0.00579,
1573538006088808704,7.23294,-0.14632,-0.28857,0.99982,0.00225,0.01804,-0.00608,
1573538006222078720,7.64595,-0.15230,-0.29666,0.99978,0.00325,0.01979,-0.00649,
1573538006355358720,8.07383,-0.15831,-0.30612,0.99982,0.00064,0.01790,-0.00601,
1573538006488638976,8.50469,-0.16526,-0.30854,0.99988,-0.00129,0.01451,-0.00559,
1573538006621918976,8.94830,-0.17907,-0.31573,0.99987,-0.00073,0.01486,-0.00560,
1573538006755198720,9.39842,-0.19256,-0.32135,0.99986,0.00048,0.01587,-0.00560,
1573538006888478720,9.84356,-0.20379,-0.32975,0.99988,0.00081,0.01415,-0.00555,
1573538007021758720,10.29063,-0.21855,-0.33464,0.99992,0.00178,0.01093,-0.00534,
1573538007155038720,10.75598,-0.23131,-0.34032,0.99991,0.00211,0.01186,-0.00551,
1573538007288318976,11.22567,-0.24245,-0.34406,0.99991,0.00197,0.01195,-0.00539,
1573538007421588992,11.69216,-0.25791,-0.35135,0.99992,0.00312,0.01083,-0.00551,
1573538007554868736,12.16133,-0.27156,-0.35988,0.99991,0.00403,0.01139,-0.00532,
1573538007688148736,12.64837,-0.27955,-0.37010,0.99989,0.00325,0.01362,-0.00533,
1573538007821428736,13.13550,-0.28830,-0.38322,0.99986,0.00376,0.01515,-0.00524,
1573538007954708736,13.61836,-0.30129,-0.40015,0.99985,0.00551,0.01525,-0.00530,
1573538008087988736,14.10305,-0.31020,-0.41631,0.99984,0.00640,0.01610,-0.00519,
1573538008221268992,14.59088,-0.32036,-0.42979,0.99986,0.00650,0.01479,-0.00497,
1573538008354548736,15.09201,-0.33542,-0.44197,0.99985,0.00786,0.01465,-0.00504,
1573538008487828736,15.59164,-0.34379,-0.45519,0.99986,0.00745,0.01439,-0.00488,
1573538008621098752,16.09329,-0.34920,-0.46416,0.99988,0.00626,0.01334,-0.00451,
1573538008754378752,16.59952,-0.36042,-0.47370,0.99988,0.00698,0.01311,-0.00478,
1573538008887658752,17.11101,-0.37096,-0.48361,0.99985,0.00750,0.01472,-0.00427,
1573538009020938752,17.61795,-0.37908,-0.49500,0.99987,0.00766,0.01384,-0.00383,
1573538009154219008,18.12363,-0.38484,-0.50582,0.99989,0.00696,0.01294,-0.00353,
1573538009287498752,18.61810,-0.37860,-0.51689,0.99990,0.00396,0.01304,-0.00275,
1573538009420778752,19.11687,-0.38761,-0.52735,0.99989,0.00473,0.01375,-0.00190,
1573538009554058752,19.60876,-0.40403,-0.54066,0.99987,0.00848,0.01356,-0.00119,
1573538009687338752,20.11329,-0.40473,-0.55602,0.99987,0.00829,0.01409,-0.00001,
1573538009820608768,20.58713,-0.39932,-0.56535,0.99987,0.00654,0.01462,0.00128,
1573538009953888768,21.07187,-0.39503,-0.57785,0.99987,0.00576,0.01503,0.00269,
1573538010087168768,21.55695,-0.38984,-0.59172,0.99985,0.00578,0.01543,0.00523,
1573538010220448768,22.03708,-0.38719,-0.61625,0.99981,0.00874,0.01572,0.00805,
1573538010353728768,22.51041,-0.36938,-0.64155,0.99975,0.00857,0.01752,0.01084,
1573538010487008768,22.99560,-0.35136,-0.66478,0.99966,0.00914,0.01972,0.01459,
1573538010620288768,23.47314,-0.33994,-0.68455,0.99955,0.01189,0.02110,0.01781,
1573538010753568768,23.95342,-0.31538,-0.71439,0.99944,0.01183,0.02216,0.02191,
1573538010886839040,24.42255,-0.27982,-0.75781,0.99929,0.01116,0.02484,0.02618,
1573538011020118784,24.89441,-0.24563,-0.79396,0.99913,0.01338,0.02514,0.03043,
1573538011153398784,25.37049,-0.20748,-0.81749,0.99900,0.01392,0.02455,0.03476,
1573538011286678784,25.83489,-0.16830,-0.84585,0.99878,0.01365,0.02545,0.03999,
1573538011419958784,26.29977,-0.12870,-0.87155,0.99856,0.01379,0.02667,0.04441,
1573538011553238784,26.75958,-0.07061,-0.88285,0.99840,0.00969,0.02551,0.04956,
1573538011686518784,27.21054,-0.00390,-0.87697,0.99821,0.00661,0.02164,0.05537,
1573538011819798784,27.66433,0.06045,-0.86300,0.99793,0.00514,0.01968,0.06096,
1573538011953078784,28.10829,0.12742,-0.85409,0.99759,0.00526,0.01696,0.06714,
1573538012086348800,28.54651,0.21212,-0.83893,0.99722,0.00201,0.01228,0.07344,
1573538012219628800,28.98675,0.29784,-0.82758,0.99674,0.00137,0.01012,0.08000,
1573538012352908800,29.42379,0.38362,-0.81506,0.99624,0.00252,0.00887,0.08615,
1573538012486188800,29.84657,0.47425,-0.82002,0.99572,0.00326,0.00811,0.09196,
1573538012619468800,30.27421,0.57784,-0.80306,0.99519,0.00301,0.00438,0.09778,
1573538012752748800,30.69941,0.68702,-0.79862,0.99467,0.00089,0.00293,0.10305,
1573538012886028800,31.11859,0.79125,-0.78698,0.99416,0.00112,0.00075,0.10787,
1573538013019308800,31.53797,0.89073,-0.78628,0.99371,0.00134,0.00229,0.11200,
1573538013152578816,31.95771,0.99513,-0.76978,0.99325,0.00324,0.00014,0.11599,
1573538013285858816,32.37053,1.09855,-0.75884,0.99277,0.00427,-0.00241,0.11993,
1573538013419138816,32.78880,1.20130,-0.75045,0.99241,0.00616,-0.00105,0.12284,
1573538013552418816,33.20153,1.30611,-0.75404,0.99205,0.00857,0.00122,0.12554,
1573538013685698816,33.61495,1.41538,-0.75138,0.99167,0.00988,0.00238,0.12838,
1573538013818978816,34.02477,1.52739,-0.75112,0.99133,0.01065,0.00402,0.13088,
1573538013952258816,34.43871,1.63398,-0.75276,0.99099,0.01386,0.00725,0.13304,
1573538014085538816,34.85362,1.73264,-0.75217,0.99059,0.01984,0.01210,0.13486,
1573538014218818816,35.24720,1.84546,-0.74576,0.99037,0.02097,0.01209,0.13629,
1573538014352088576,35.62060,1.96529,-0.74077,0.99041,0.01790,0.00573,0.13688,
1573538014485368832,35.98728,2.08244,-0.73530,0.99056,0.01370,-0.00044,0.13642,
1573538014618648832,36.36277,2.18232,-0.73280,0.99067,0.01348,-0.00135,0.13563,
1573538014751928832,36.73762,2.27179,-0.73544,0.99072,0.01568,-0.00286,0.13501,
1573538014885208832,37.11091,2.35520,-0.74214,0.99064,0.01947,-0.00546,0.13497,
1573538015018488832,37.49175,2.44480,-0.74398,0.99083,0.02113,-0.00516,0.13335,
1573538015151768576,37.87570,2.54246,-0.74179,0.99096,0.01950,-0.00181,0.13269,
1573538015285048832,38.26066,2.63890,-0.73456,0.99124,0.01832,0.00251,0.13076,
1573538015418328832,38.62742,2.74262,-0.73096,0.99154,0.01372,0.00435,0.12901,
1573538015551598848,38.98338,2.84627,-0.73088,0.99177,0.00794,0.00269,0.12779,
1573538015684858880,39.34004,2.94068,-0.73066,0.99198,0.00508,0.00300,0.12622,
1573538015818138880,39.69440,3.01604,-0.72690,0.99201,0.00817,0.00340,0.12581,
1573538015951418880,40.05323,3.08837,-0.72543,0.99201,0.01341,0.00381,0.12542,
1573538016084698880,40.41537,3.17897,-0.73405,0.99196,0.01456,0.00609,0.12556,
1573538016217978624,40.76438,3.26360,-0.75178,0.99190,0.01450,0.00881,0.12591,
1573538016351258880,41.12987,3.33734,-0.75493,0.99187,0.01740,0.01091,0.12558,
1573538016484538880,41.48018,3.44759,-0.75060,0.99187,0.01353,0.01033,0.12612,
1573538016617818880,41.81302,3.55250,-0.74532,0.99193,0.00779,0.00747,0.12637,
1573538016751088896,42.15298,3.66078,-0.73831,0.99185,0.00728,0.00605,0.12708,
1573538016884368896,42.49234,3.71911,-0.73483,0.99166,0.01109,0.00646,0.12826,
1573538017017648640,42.83396,3.78940,-0.72750,0.99155,0.01360,0.00505,0.12892,
1573538017150928640,43.15190,3.89487,-0.73839,0.99137,0.01051,-0.00041,0.13068,
1573538017284208896,43.47171,3.99401,-0.74562,0.99105,0.00821,-0.00404,0.13320,
1573538017417488896,43.79856,4.07370,-0.74610,0.99065,0.01245,-0.00397,0.13579,
1573538017550768896,44.12458,4.16821,-0.73765,0.99022,0.01438,-0.00103,0.13874,
1573538017684048896,44.43812,4.27693,-0.73812,0.98939,0.01232,0.00044,0.14479,
1573538017817328640,44.72993,4.39220,-0.73835,0.98858,0.01120,-0.00039,0.15030,
1573538017950598656,45.02523,4.49929,-0.73848,0.98732,0.01386,0.00085,0.15812,
1573538018083878656,45.31201,4.62057,-0.73800,0.98601,0.01484,0.00307,0.16597,
1573538018217158912,45.58120,4.75862,-0.74007,0.98438,0.01150,0.00458,0.17563,
1573538018350438912,45.84117,4.90061,-0.74384,0.98261,0.01003,0.00520,0.18535,
1573538018483718912,46.09708,5.04196,-0.75132,0.98039,0.01101,0.00512,0.19668,
1573538018616998912,46.34774,5.19346,-0.75320,0.97781,0.01069,0.00681,0.20913,
1573538018750278656,46.58917,5.35610,-0.75447,0.97533,0.00860,0.00657,0.22050,
1573538018883558656,46.82747,5.51614,-0.75441,0.97253,0.00967,0.00596,0.23250,
1573538019016838912,47.06855,5.67960,-0.75307,0.96952,0.01146,0.00585,0.24466,
1573538019150108928,47.30302,5.85228,-0.75107,0.96644,0.01319,0.00573,0.25647,
1573538019283388928,47.53200,6.03273,-0.74820,0.96301,0.01376,0.00493,0.26906,
1573538019416668928,47.75518,6.22224,-0.75002,0.95954,0.01355,0.00312,0.28124,
1573538019549948672,47.97336,6.41394,-0.75103,0.95556,0.01599,0.00145,0.29435,
1573538019683228672,48.18698,6.61621,-0.75114,0.95158,0.01634,0.00043,0.30698,
1573538019816508672,48.38821,6.83134,-0.75033,0.94736,0.01446,-0.00003,0.31985,
1573538019949788928,48.58022,7.04964,-0.75279,0.94259,0.01348,-0.00242,0.33367,
1573538020083068928,48.77075,7.26862,-0.75212,0.93750,0.01445,-0.00390,0.34766,
1573538020216348928,48.96076,7.49711,-0.74703,0.93250,0.01593,-0.00278,0.36081,
1573538020349618944,49.14478,7.73097,-0.74138,0.92668,0.01719,-0.00123,0.37544,
1573538020482898688,49.31473,7.97745,-0.74063,0.92102,0.01701,-0.00088,0.38915,
1573538020616178688,49.47908,8.23118,-0.73885,0.91446,0.01673,-0.00015,0.40434,
1573538020749458688,49.63459,8.49320,-0.74066,0.90798,0.01770,0.00075,0.41864,
1573538020882738944,49.79356,8.75688,-0.73374,0.90094,0.01673,0.00115,0.43362,
1573538021016018944,49.92218,9.03247,-0.72813,0.89347,0.01533,0.00262,0.44886,
1573538021149298944,50.06485,9.30070,-0.72607,0.88625,0.01446,0.00256,0.46298,
1573538021282578688,50.18451,9.57981,-0.72403,0.87832,0.01428,0.00204,0.47785,
1573538021415858688,50.30341,9.86149,-0.72214,0.87018,0.01429,0.00264,0.49252,
1573538021549128704,50.41931,10.14982,-0.71725,0.86149,0.01554,0.00399,0.50752,
1573538021682408704,50.52007,10.45008,-0.71580,0.85247,0.01738,0.00534,0.52246,
1573538021815688960,50.60943,10.75248,-0.71158,0.84315,0.01664,0.00590,0.53739,
1573538021948968960,50.69956,11.05279,-0.70336,0.83331,0.01536,0.00612,0.55255,
1573538022082248704,50.76291,11.36553,-0.70263,0.82331,0.01563,0.00675,0.56734,
1573538022215528704,50.81997,11.68493,-0.70119,0.81302,0.01609,0.00677,0.58197,
1573538022348808704,50.86585,12.00661,-0.69408,0.80222,0.01669,0.00717,0.59675,
1573538022482088704,50.67577,12.06446,-0.70244,0.79207,0.02258,0.00266,0.61001,
1573538022615368960,50.90660,12.63007,-0.69381,0.78101,0.01589,0.00774,0.62426,
1573538022748638976,50.92445,12.96387,-0.69061,0.77115,0.01612,0.00631,0.63641,
1573538022881918976,50.94142,13.29987,-0.68733,0.76165,0.01678,0.00627,0.64774,
1573538023015198720,50.96060,13.64424,-0.68498,0.75294,0.01857,0.00771,0.65779,
1573538023148478720,50.96924,13.99410,-0.68205,0.74475,0.01864,0.00875,0.66703,
1573538023281758720,50.96803,14.35239,-0.68560,0.73724,0.01681,0.00778,0.67537,
1573538023415038720,50.96755,14.70541,-0.67933,0.73007,0.01778,0.00727,0.68310,
1573538023548318976,50.96337,15.07157,-0.67414,0.72401,0.01738,0.00765,0.68953,
1573538023681598976,50.95138,15.44257,-0.67332,0.71814,0.01498,0.00722,0.69570,
1573538023814878720,50.94399,15.81747,-0.67219,0.71288,0.01519,0.00811,0.70108,
1573538023948148736,50.93616,16.20128,-0.66758,0.70781,0.01578,0.01039,0.70615,
1573538024081428736,50.92404,16.58849,-0.66334,0.70317,0.01589,0.01217,0.71074,
1573538024214708736,50.90255,16.97628,-0.66082,0.69893,0.01646,0.01333,0.71488,
1573538024347988736,50.88108,17.37059,-0.65702,0.69491,0.01514,0.01278,0.71882,
1573538024481268992,50.85330,17.76475,-0.65278,0.69163,0.01436,0.01258,0.72199,
1573538024614548736,50.83102,18.16158,-0.64774,0.68859,0.01565,0.01273,0.72487,
1573538024747828736,50.80469,18.56038,-0.64385,0.68617,0.01588,0.01127,0.72718,
1573538024881108736,50.77533,18.96586,-0.64799,0.68470,0.01446,0.00900,0.72863,
1573538025014388736,50.75390,19.37026,-0.64002,0.68338,0.01490,0.00911,0.72985,
1573538025147658752,50.73472,19.79407,-0.63021,0.68336,0.01482,0.00959,0.72987,
1573538025280938752,50.70333,20.20644,-0.63343,0.68265,0.01391,0.00863,0.73057,
1573538025414219008,50.67956,20.62207,-0.62777,0.68243,0.01448,0.00869,0.73076,
1573538025547498752,50.65697,21.04443,-0.62363,0.68231,0.01477,0.01066,0.73084,
1573538025680778752,50.63625,21.47260,-0.61675,0.68229,0.01311,0.00977,0.73090,
1573538025814058752,50.58100,21.90063,-0.62361,0.68241,0.01120,0.00812,0.73084,
1573538025947338752,50.56963,22.33886,-0.60768,0.68261,0.01208,0.00825,0.73063,
1573538026080618752,50.55144,22.77235,-0.60197,0.68273,0.01337,0.00921,0.73049,
1573538026213899008,50.51471,23.21357,-0.61087,0.68283,0.01249,0.00973,0.73040,
1573538026347168768,50.49530,23.65954,-0.60557,0.68272,0.01160,0.00941,0.73053,
1573538026480448768,50.47760,24.09871,-0.59378,0.68285,0.01233,0.00929,0.73039,
1573538026613728768,50.44516,24.55313,-0.60104,0.68266,0.01200,0.00880,0.73058,
1573538026747008768,50.41457,25.01136,-0.60009,0.68251,0.01102,0.00881,0.73074,
1573538026880288768,50.39014,25.46958,-0.59662,0.68243,0.01158,0.00925,0.73080,
1573538027013568768,50.36513,25.93155,-0.59592,0.68228,0.01238,0.00978,0.73092,
1573538027146849024,50.33412,26.39505,-0.59742,0.68239,0.01177,0.00894,0.73084,
1573538027280128768,50.31032,26.86773,-0.59495,0.68197,0.01191,0.01111,0.73120,
1573538027413398784,50.27912,27.34151,-0.59441,0.68236,0.01208,0.01126,0.73083,
1573538027546678784,50.24109,27.81639,-0.59529,0.68213,0.01031,0.00977,0.73109,
1573538027679958784,50.21040,28.29747,-0.59250,0.68222,0.00932,0.00926,0.73103,
1573538027813238784,50.18325,28.76631,-0.59275,0.68221,0.01116,0.00977,0.73100,
1573538027946518784,50.15447,29.24498,-0.58871,0.68222,0.01170,0.01087,0.73097,
1573538028079798784,50.11930,29.73522,-0.59049,0.68222,0.01154,0.01009,0.73099,
1573538028213078784,50.08083,30.21605,-0.58998,0.68228,0.01073,0.00930,0.73096,
1573538028346358784,50.06683,30.69861,-0.58828,0.68227,0.01144,0.00969,0.73094,
1573538028479638784,50.04634,31.19452,-0.58415,0.68240,0.01239,0.01086,0.73080,
1573538028612908800,50.01442,31.68959,-0.58064,0.68230,0.01232,0.01189,0.73087,
1573538028746188800,49.98422,32.18497,-0.58250,0.68233,0.01058,0.01016,0.73090,
1573538028879468800,49.95361,32.67362,-0.58034,0.68210,0.01064,0.00947,0.73112,
1573538029012748800,49.93420,33.19122,-0.57877,0.68183,0.01248,0.01176,0.73131,
1573538029146028800,49.90524,33.69660,-0.57090,0.68121,0.01345,0.01240,0.73186,
1573538029279308800,49.87112,34.20652,-0.56848,0.68064,0.01322,0.01180,0.73240,
1573538029412588800,49.83417,34.71467,-0.56925,0.68027,0.01277,0.01079,0.73277,
1573538029545868800,49.80043,35.21793,-0.56389,0.67956,0.01286,0.01093,0.73342,
1573538029679148800,49.77789,35.72314,-0.56127,0.67892,0.01425,0.01327,0.73396,
1573538029812418816,49.74061,36.22277,-0.55743,0.67804,0.01451,0.01371,0.73475,
1573538029945698816,49.69126,36.71606,-0.54994,0.67687,0.01340,0.01235,0.73587,
1573538030078978816,49.65426,37.21605,-0.54542,0.67558,0.01450,0.01220,0.73705,
1573538030212258816,49.61590,37.71359,-0.53974,0.67397,0.01473,0.01454,0.73847,
1573538030345538816,49.56763,38.20199,-0.53608,0.67172,0.01386,0.01438,0.74053,
1573538030478818816,49.51420,38.67943,-0.53418,0.66888,0.01440,0.01215,0.74313,
1573538030612098816,49.44802,39.15870,-0.52824,0.66610,0.01264,0.01260,0.74565,
1573538030745378816,49.38957,39.62951,-0.52860,0.66166,0.01175,0.01416,0.74958,
1573538030878658816,49.32479,40.10098,-0.52301,0.65687,0.01313,0.01448,0.75375,
1573538031011928832,49.23935,40.54165,-0.51838,0.65049,0.01378,0.01400,0.75926,
1573538031145208832,49.13800,40.98732,-0.51409,0.64329,0.01267,0.01318,0.76541,
1573538031278488832,49.02910,41.41154,-0.50780,0.63451,0.01197,0.01331,0.77270,
1573538031411768832,48.90501,41.84459,-0.50517,0.62466,0.01284,0.01300,0.78068,
1573538031545048832,48.76209,42.24819,-0.50192,0.61366,0.01240,0.01137,0.78939,
1573538031678328832,48.60634,42.66224,-0.49836,0.60095,0.01087,0.01077,0.79914,
1573538031811608832,48.43066,43.03877,-0.49522,0.58669,0.00916,0.00915,0.80970,
1573538031944888832,48.23985,43.40858,-0.49547,0.57073,0.00793,0.00814,0.82106,
1573538032078168832,48.04201,43.76677,-0.49762,0.55532,0.00668,0.00936,0.83156,
1573538032211438848,47.83123,44.12557,-0.49830,0.53944,0.00554,0.01139,0.84193,
1573538032344718592,47.60351,44.45991,-0.50010,0.52343,0.00377,0.01085,0.85199,
1573538032477998848,47.36544,44.77441,-0.50053,0.50752,0.00237,0.00919,0.86159,
1573538032611278848,47.12384,45.07960,-0.49719,0.49148,0.00286,0.00976,0.87083,
1573538032744558848,46.87415,45.38626,-0.49533,0.47481,0.00442,0.01211,0.87999,
1573538032877838848,46.61033,45.68745,-0.49485,0.45873,0.00514,0.01338,0.88846,
1573538033011118848,46.33129,45.98433,-0.49512,0.44281,0.00546,0.01362,0.89649,
1573538033144398592,46.03866,46.27676,-0.49660,0.42658,0.00536,0.01375,0.90433,
1573538033277698816,45.73636,46.55764,-0.49723,0.41037,0.00528,0.01341,0.91181,
1573538033410968832,45.42894,46.82977,-0.49179,0.39368,0.00636,0.01424,0.91912,
1573538033544248832,45.11280,47.08384,-0.48370,0.37729,0.00636,0.01549,0.92595,
1573538033677528832,44.78204,47.32415,-0.48369,0.36096,0.00581,0.01500,0.93244,
1573538033810808832,44.44048,47.55838,-0.48653,0.34589,0.00559,0.01363,0.93816,
1573538033944088576,44.09014,47.78910,-0.48716,0.33121,0.00580,0.01220,0.94346,
1573538034077368832,43.73147,48.02025,-0.48514,0.31714,0.00575,0.01318,0.94827,
1573538034210648832,43.36335,48.23655,-0.48057,0.30302,0.00559,0.01295,0.95288,
1573538034343928832,42.97999,48.43820,-0.48081,0.28906,0.00400,0.01116,0.95724,
1573538034477208832,42.58941,48.63835,-0.48460,0.27512,0.00389,0.00946,0.96135,
1573538034610478848,42.19137,48.83347,-0.48667,0.26195,0.00353,0.00954,0.96503,
1573538034743758848,41.77849,49.02575,-0.48779,0.24810,0.00230,0.00978,0.96868,
1573538034877038592,41.36698,49.20805,-0.48476,0.23448,0.00344,0.01138,0.97205,
1573538035010318848,40.94680,49.38123,-0.47937,0.22124,0.00468,0.01273,0.97512,
1573538035143598848,40.51060,49.52835,-0.48134,0.20817,0.00304,0.00860,0.97805,
1573538035276878848,40.06978,49.67413,-0.48643,0.19552,0.00231,0.00623,0.98068,
1573538035410158848,39.62019,49.82997,-0.48721,0.18385,0.00230,0.00864,0.98291,
1573538035543428864,39.15899,49.97868,-0.48766,0.17213,0.00257,0.00954,0.98502,
1573538035676708608,38.68961,50.11346,-0.48202,0.16017,0.00181,0.00923,0.98704,
1573538035809988864,38.20840,50.24187,-0.47801,0.15014,0.00012,0.00828,0.98863,
1573538035943268864,37.73253,50.35115,-0.47806,0.13936,0.00126,0.00663,0.99022,
1573538036076548864,37.24314,50.46785,-0.48180,0.12954,0.00177,0.00797,0.99154,
1573538036209828864,36.74619,50.57226,-0.48555,0.11992,0.00051,0.00900,0.99274,
1573538036343108864,36.23775,50.66708,-0.48620,0.11095,-0.00164,0.00828,0.99379,
1573538036476388608,35.72989,50.75192,-0.48666,0.10241,-0.00133,0.00694,0.99472,
1573538036609668608,35.21348,50.83526,-0.48847,0.09382,-0.00216,0.00717,0.99556,
1573538036742938880,34.68637,50.91338,-0.49154,0.08531,-0.00257,0.00781,0.99632,
1573538036876218880,34.15728,50.98113,-0.49132,0.07742,-0.00086,0.00754,0.99697,
1573538037009498880,33.62434,51.04237,-0.48601,0.06991,0.00132,0.00706,0.99753,
1573538037142778880,33.08346,51.09938,-0.48747,0.06288,0.00064,0.00776,0.99799,
1573538037276058880,32.54624,51.14465,-0.49421,0.05646,0.00031,0.00843,0.99837,
1573538037409338624,31.98773,51.19158,-0.49745,0.05034,0.00055,0.00742,0.99870,
1573538037542618624,31.42720,51.22798,-0.49748,0.04454,-0.00158,0.00691,0.99898,
1573538037675898880,30.85932,51.26452,-0.49945,0.03908,-0.00460,0.00832,0.99919,
1573538037809178880,30.29714,51.29356,-0.50975,0.03427,-0.00415,0.00861,0.99937,
1573538037942448896,29.72258,51.32434,-0.51640,0.03133,-0.00407,0.00865,0.99946,
1573538038075728896,29.13926,51.35627,-0.51780,0.02917,-0.00484,0.00743,0.99954,
1573538038209008640,28.55670,51.39021,-0.52044,0.02780,-0.00345,0.00690,0.99958,
1573538038342288640,27.97560,51.43317,-0.52248,0.02632,-0.00077,0.00929,0.99961,
1573538038475568896,27.38221,51.46963,-0.52906,0.02531,-0.00073,0.01038,0.99963,
1573538038608848896,26.78330,51.49837,-0.53383,0.02403,-0.00178,0.00927,0.99967,
1573538038742128896,26.18104,51.52833,-0.53626,0.02311,-0.00163,0.00871,0.99969,
1573538038875408896,25.56708,51.56342,-0.53639,0.02180,-0.00226,0.00985,0.99971,
1573538039008688640,24.95745,51.59559,-0.53837,0.02052,-0.00276,0.01141,0.99972,
1573538039141958656,24.34115,51.62044,-0.54348,0.01957,-0.00222,0.00969,0.99976,
1573538039275248640,23.72427,51.64281,-0.54628,0.01808,-0.00232,0.00812,0.99980,
1573538039408518912,23.10489,51.67676,-0.54813,0.01679,-0.00327,0.01038,0.99980,
1573538039541798912,22.48346,51.70799,-0.54852,0.01599,-0.00270,0.01283,0.99979,
1573538039675078912,21.86072,51.72740,-0.55179,0.01493,-0.00167,0.01157,0.99982,
1573538039808358912,21.23064,51.74033,-0.55734,0.01397,-0.00288,0.00862,0.99986,
1573538039941638656,20.59272,51.75674,-0.56511,0.01293,-0.00286,0.00862,0.99988,
1573538040074918656,19.95332,51.78251,-0.56982,0.01194,-0.00266,0.01034,0.99987,
1573538040208198912,19.30940,51.80043,-0.57012,0.01124,-0.00321,0.00924,0.99989,
1573538040341468928,18.66653,51.81592,-0.57234,0.01065,-0.00317,0.00845,0.99990,
1573538040474748928,18.02819,51.83780,-0.57515,0.01012,-0.00193,0.00976,0.99990,
1573538040608028928,17.39740,51.86083,-0.57978,0.00975,-0.00220,0.01062,0.99989,
1573538040741308672,16.76025,51.87518,-0.58303,0.00925,-0.00354,0.00981,0.99990,
1573538040874588672,16.13183,51.88680,-0.58582,0.00852,-0.00280,0.00839,0.99992,
1573538041007868672,15.49220,51.90746,-0.58427,0.00796,-0.00180,0.00971,0.99992,
1573538041141148928,14.84504,51.93011,-0.58272,0.00798,-0.00033,0.01171,0.99990,
1573538041274428928,14.19353,51.94654,-0.57945,0.00780,0.00063,0.01247,0.99989,
1573538041407708928,13.54393,51.95917,-0.57877,0.00821,0.00086,0.01133,0.99990,
1573538041540978944,12.87988,51.97428,-0.57997,0.00816,-0.00002,0.01067,0.99991,
1573538041674258688,12.21977,51.99046,-0.58330,0.00796,-0.00125,0.01089,0.99991,
1573538041807538688,11.55297,52.00619,-0.58850,0.00796,-0.00378,0.01118,0.99990,
1573538041940818688,10.87990,52.02457,-0.58902,0.00756,-0.00478,0.01169,0.99989,
1573538042074098944,10.20852,52.04679,-0.58743,0.00726,-0.00320,0.01259,0.99989,
1573538042207378944,9.54422,52.05710,-0.59034,0.00742,-0.00181,0.01153,0.99990,
1573538042340658944,8.89270,52.06160,-0.60079,0.00712,-0.00009,0.00892,0.99993,
1573538042473938688,8.24761,52.06807,-0.60906,0.00704,0.00021,0.00867,0.99994,
1573538042607218688,7.59053,52.09147,-0.61248,0.00658,-0.00190,0.01149,0.99991,
1573538042740488704,6.93992,52.10321,-0.61585,0.00663,-0.00282,0.01085,0.99992,
1573538042873768704,6.28839,52.10569,-0.61851,0.00643,-0.00267,0.00805,0.99994,
1573538043007048960,5.63589,52.11984,-0.61896,0.00665,-0.00243,0.00829,0.99994,
1573538043140328960,4.98100,52.14268,-0.62210,0.00692,-0.00090,0.00994,0.99993,
1573538043273608704,4.32963,52.15710,-0.62856,0.00747,-0.00197,0.01030,0.99992,
1573538043406888704,3.67206,52.16964,-0.63395,0.00738,-0.00379,0.00960,0.99992,
1573538043540168704,3.01904,52.18787,-0.62993,0.00682,-0.00317,0.01090,0.99991,
1573538043673448704,2.36216,52.19910,-0.62743,0.00643,-0.00200,0.01053,0.99992,
1573538043806718720,1.71721,52.21169,-0.63133,0.00558,-0.00023,0.01049,0.99993,
1573538043939998976,1.06035,52.22501,-0.64061,0.00558,-0.00025,0.00918,0.99994,
1573538044073278976,0.40471,52.24277,-0.64441,0.00511,-0.00312,0.00971,0.99993,
1573538044206558720,-0.25226,52.26055,-0.64233,0.00514,-0.00333,0.01031,0.99993,
1573538044339838720,-0.89885,52.27540,-0.63954,0.00502,-0.00222,0.01052,0.99993,
1573538044473118720,-1.54912,52.28252,-0.64719,0.00524,-0.00109,0.00994,0.99994,
1573538044739678976,-2.87852,52.32707,-0.65499,0.00529,-0.00071,0.00980,0.99994,
1573538044872958976,-3.54297,52.35560,-0.65450,0.00513,-0.00202,0.01153,0.99992,
1573538045006238720,-4.19282,52.37941,-0.65552,0.00540,-0.00122,0.01271,0.99990,
1573538045272788736,-5.51289,52.41475,-0.66421,0.00548,-0.00222,0.01053,0.99993,
1573538045406068736,-6.17264,52.44157,-0.65996,0.00509,-0.00207,0.01157,0.99992,
1573538045539348736,-6.83275,52.46405,-0.64867,0.00526,-0.00186,0.01270,0.99990,
1573538045672628992,-7.49502,52.48245,-0.64810,0.00545,-0.00271,0.01225,0.99991,
1573538045805908992,-8.15988,52.49763,-0.65157,0.00542,-0.00292,0.01133,0.99992,
1573538045939188736,-8.82663,52.51773,-0.65210,0.00564,-0.00341,0.01105,0.99992,
1573538046072468736,-9.49167,52.54448,-0.64962,0.00565,-0.00273,0.01186,0.99991,
1573538046205748736,-10.15955,52.56626,-0.65056,0.00578,-0.00127,0.01183,0.99991,
1573538046339018752,-10.82411,52.57696,-0.65898,0.00582,-0.00159,0.01081,0.99992,
1573538046472298752,-11.49319,52.59476,-0.66224,0.00568,-0.00173,0.01110,0.99992,
1573538046605579008,-12.15860,52.60991,-0.66427,0.00572,-0.00290,0.01166,0.99991,
1573538046738858752,-12.81419,52.62064,-0.66765,0.00554,-0.00289,0.01149,0.99991,
1573538046872138752,-13.45643,52.63564,-0.67176,0.00556,-0.00117,0.01118,0.99992,
1573538047005418752,-14.09566,52.65199,-0.67070,0.00510,-0.00084,0.01160,0.99992,
1573538047138698752,-14.76618,52.66991,-0.67195,0.00513,-0.00167,0.01123,0.99992,
1573538047405259008,-16.08475,52.69974,-0.68526,0.00457,-0.00352,0.01147,0.99992,
1573538047538529024,-16.72914,52.70968,-0.68269,0.00445,-0.00355,0.01180,0.99991,
1573538047671808768,-17.36105,52.71946,-0.67797,0.00445,-0.00177,0.01221,0.99991,
1573538047805088768,-18.00859,52.72721,-0.67985,0.00456,-0.00105,0.01149,0.99992,
1573538047938368768,-18.67464,52.73798,-0.68177,0.00519,0.00017,0.01121,0.99992,
1573538048071648768,-19.32701,52.75549,-0.67753,0.00526,-0.00036,0.01274,0.99990,
1573538048204928768,-20.01552,52.77489,-0.67729,0.00618,-0.00051,0.01326,0.99989,
1573538048338209024,-20.64872,52.79030,-0.68109,0.00657,0.00057,0.01204,0.99991,
1573538048471488768,-21.31280,52.80327,-0.68564,0.00678,-0.00018,0.01131,0.99991,
1573538048604768768,-21.98809,52.82016,-0.68449,0.00695,-0.00041,0.01165,0.99991,
1573538048738038784,-22.65744,52.83678,-0.68028,0.00708,0.00155,0.01276,0.99989,
1573538048871318784,-23.33025,52.85065,-0.68300,0.00769,0.00104,0.01264,0.99989,
1573538049004598784,-23.99590,52.86165,-0.68935,0.00798,0.00086,0.01136,0.99990,
1573538049137878784,-24.67813,52.87771,-0.69213,0.00820,-0.00044,0.01103,0.99991,
1573538049271158784,-25.36646,52.89995,-0.68982,0.00813,-0.00261,0.01270,0.99988,
1573538049404438784,-26.01271,52.91799,-0.68933,0.00799,-0.00167,0.01342,0.99988,
1573538049537718784,-26.63748,52.92873,-0.69086,0.00750,-0.00054,0.01198,0.99990,
1573538049670998784,-27.27192,52.93898,-0.69226,0.00722,0.00003,0.01081,0.99992,
1573538049804278784,-27.90083,52.95599,-0.69206,0.00678,0.00076,0.01180,0.99991,
1573538049937548800,-28.54806,52.97406,-0.68856,0.00620,0.00127,0.01416,0.99988,
1573538050070828800,-29.17387,52.98193,-0.68909,0.00626,0.00086,0.01349,0.99989,
1573538050204108800,-29.82122,52.98654,-0.69541,0.00570,-0.00097,0.01204,0.99991,
1573538050337388800,-30.47257,53.00003,-0.69615,0.00523,-0.00141,0.01228,0.99991,
1573538050470668800,-31.10003,53.01053,-0.69376,0.00487,-0.00180,0.01280,0.99990,
1573538050603948800,-31.72167,53.02246,-0.69580,0.00441,-0.00244,0.01307,0.99990,
1573538050737228800,-32.30354,53.03389,-0.69594,0.00434,-0.00108,0.01362,0.99990,
1573538050870508800,-32.87842,53.04249,-0.69106,0.00420,-0.00077,0.01316,0.99990,
1573538051003778816,-33.46827,53.05011,-0.68965,0.00411,-0.00086,0.01214,0.99992,
1573538051137058816,-34.04698,53.05864,-0.69251,0.00366,0.00053,0.01262,0.99991,
1573538051270338816,-34.60216,53.07134,-0.68820,0.00353,0.00068,0.01411,0.99989,
1573538051403618816,-35.15607,53.08019,-0.68221,0.00359,-0.00014,0.01367,0.99990,
1573538051536898816,-35.70798,53.08546,-0.68476,0.00327,-0.00068,0.01195,0.99992,
1573538051670178816,-36.23743,53.09390,-0.68719,0.00280,-0.00016,0.01177,0.99993,
1573538051803458816,-36.73895,53.10263,-0.68076,0.00137,0.00045,0.01338,0.99991,
1573538051936738816,-37.20613,53.09804,-0.67938,-0.00194,-0.00017,0.01532,0.99988,
1573538052070018816,-37.67415,53.07533,-0.68093,-0.00703,-0.00105,0.01451,0.99987,
1573538052203288832,-38.15145,53.04023,-0.68627,-0.01459,0.00048,0.01336,0.99980,
1573538052336568832,-38.64270,52.99596,-0.68427,-0.02438,0.00022,0.01425,0.99960,
1573538052469848832,-39.15052,52.93739,-0.67857,-0.03769,-0.00032,0.01611,0.99916,
1573538052603128832,-39.69821,52.85799,-0.67866,-0.05377,0.00029,0.01731,0.99840,
1573538052736408832,-40.19339,52.74638,-0.67976,-0.07274,0.00088,0.01710,0.99720,
1573538052869688832,-40.72016,52.61744,-0.67544,-0.09390,0.00001,0.01888,0.99540,
1573538053002968832,-41.20798,52.46179,-0.67469,-0.11686,-0.00228,0.02118,0.99292,
1573538053136248832,-41.68503,52.26755,-0.67671,-0.14151,-0.00382,0.01887,0.98975,
1573538053269528832,-42.13017,52.04824,-0.67601,-0.16805,-0.00277,0.01732,0.98562,
1573538053402798848,-42.54800,51.80948,-0.67088,-0.19736,-0.00307,0.01819,0.98016,
1573538053536078592,-42.92685,51.54624,-0.66415,-0.22826,-0.00331,0.02009,0.97339,
1573538053669358848,-43.26256,51.25584,-0.66157,-0.26177,-0.00272,0.02101,0.96490,
1573538053802638848,-43.57195,50.92997,-0.66265,-0.29479,-0.00251,0.01759,0.95540,
1573538053935918848,-43.83459,50.58966,-0.66154,-0.32896,-0.00198,0.01676,0.94419,
1573538054069198848,-44.09049,50.24228,-0.66185,-0.36347,-0.00190,0.01751,0.93144,
1573538054202478848,-44.30431,49.87117,-0.65571,-0.39733,-0.00336,0.01715,0.91751,
1573538054335758592,-44.50298,49.49283,-0.65349,-0.43095,-0.00399,0.01586,0.90223,
1573538054469038848,-44.65403,49.10724,-0.64943,-0.46470,-0.00144,0.01491,0.88534,
1573538054602308864,-44.77733,48.70880,-0.65219,-0.49844,-0.00041,0.01219,0.86684,
1573538054735588864,-44.87025,48.30668,-0.64956,0.53044,0.00227,-0.00986,-0.84766,
1573538054868868864,-44.94614,47.90742,-0.64487,0.56124,0.00389,-0.01129,-0.82757,
1573538055002148864,-44.98335,47.51048,-0.64237,0.59089,0.00301,-0.01174,-0.80666,
1573538055135448576,-44.99167,47.11446,-0.63416,0.62000,0.00432,-0.01031,-0.78452,
1573538055268728832,-44.97741,46.72300,-0.62644,0.64697,0.00690,-0.01014,-0.76242,
1573538055402008832,-44.93468,46.33820,-0.62722,0.67361,0.00897,-0.01004,-0.73896,
1573538055535288832,-44.85997,45.96001,-0.63037,0.69894,0.00975,-0.00873,-0.71506,
1573538055668558848,-44.75962,45.59075,-0.63024,0.72323,0.00970,-0.00692,-0.69050,
1573538055801838848,-44.64127,45.23043,-0.62629,0.74668,0.01121,-0.00646,-0.66506,
1573538055935118848,-44.50254,44.87643,-0.62463,0.76884,0.01408,-0.00522,-0.63927,
1573538056068398592,-44.34589,44.53124,-0.62545,0.79002,0.01737,-0.00482,-0.61282,
1573538056201678848,-44.16409,44.20124,-0.62682,0.80974,0.01864,-0.00425,-0.58648,
1573538056334958848,-43.95491,43.89439,-0.62997,0.82833,0.01735,-0.00355,-0.55996,
1573538056468238848,-43.73219,43.60251,-0.63014,0.84586,0.01818,-0.00349,-0.53308,
1573538056601518848,-43.49893,43.32496,-0.62886,0.86187,0.01926,-0.00471,-0.50673,
1573538056734798848,-43.24572,43.07281,-0.63043,0.87736,0.01860,-0.00458,-0.47945,
1573538056868068608,-42.97953,42.83825,-0.63836,0.89119,0.01588,-0.00586,-0.45331,
1573538057001348608,-42.70555,42.60999,-0.63953,0.90393,0.01587,-0.00603,-0.42734,
1573538057134628864,-42.41651,42.39277,-0.64114,0.91498,0.01508,-0.00466,-0.40319,
1573538057267908864,-42.11987,42.19182,-0.64522,0.92531,0.01329,-0.00351,-0.37896,
1573538057401188864,-41.81333,42.00020,-0.64982,0.93414,0.01185,-0.00154,-0.35670,
1573538057534468864,-41.50661,41.81615,-0.64709,0.94176,0.01276,-0.00086,-0.33605,
1573538057667748608,-41.20084,41.63357,-0.63896,0.94834,0.01451,-0.00225,-0.31692,
1573538057801028608,-40.88273,41.46446,-0.63425,0.95403,0.01327,-0.00188,-0.29940,
1573538057934308864,-40.56085,41.31032,-0.63622,0.95890,0.01013,-0.00162,-0.28355,
1573538058067578880,-40.24121,41.15915,-0.63775,0.96285,0.00725,-0.00271,-0.26994,
1573538058200858880,-39.92140,41.00016,-0.63681,0.96546,0.00581,-0.00386,-0.26044,
1573538058334138880,-39.60477,40.83311,-0.63700,0.96751,0.00717,-0.00540,-0.25268,
1573538058467418880,-39.28275,40.66764,-0.63991,0.96903,0.00799,-0.00532,-0.24676,
1573538058600698624,-38.95784,40.50467,-0.63964,0.97027,0.00764,-0.00295,-0.24190,
1573538058733978624,-38.63914,40.33626,-0.63637,0.97098,0.00834,-0.00248,-0.23900,
1573538058867258880,-38.32299,40.16631,-0.63578,0.97150,0.00922,-0.00272,-0.23682,
1573538059000538880,-38.00263,39.99976,-0.63688,0.97183,0.00849,-0.00132,-0.23551,
1573538059133808896,-37.68396,39.83307,-0.63674,0.97219,0.00830,0.00017,-0.23403,
1573538059267088896,-37.37141,39.66301,-0.63286,0.97250,0.00971,-0.00016,-0.23268,
1573538059400368640,-37.06180,39.50076,-0.63170,0.97280,0.00934,-0.00122,-0.23147,
1573538059533648640,-36.74544,39.34786,-0.63597,0.97320,0.00621,-0.00119,-0.22986,
1573538059666928896,-36.42851,39.18531,-0.64036,0.97360,0.00615,0.00015,-0.22818,
1573538059800208896,-36.11400,39.01232,-0.63609,0.97380,0.00912,-0.00056,-0.22721,
1573538059933488896,-35.79567,38.85291,-0.63571,0.97418,0.00918,-0.00151,-0.22558,
1573538060066768896,-35.46811,38.69597,-0.63977,0.97455,0.00785,-0.00108,-0.22403,
1573538060200048640,-35.13740,38.53416,-0.64149,0.97494,0.00808,-0.00084,-0.22233,
1573538060333328640,-34.80157,38.37238,-0.64105,0.97527,0.00823,-0.00005,-0.22087,
1573538060466598656,-34.45978,38.22008,-0.64148,0.97558,0.00612,0.00008,-0.21957,
1573538060599878912,-34.11528,38.06603,-0.64537,0.97604,0.00392,-0.00219,-0.21753,
1573538060733158912,-33.76176,37.89716,-0.64566,0.97641,0.00569,-0.00264,-0.21583,
1573538060866438912,-33.39403,37.72372,-0.64697,0.97663,0.00665,-0.00134,-0.21481,
1573538060999718912,-33.02535,37.55309,-0.65046,0.97700,0.00604,-0.00224,-0.21314,
1573538061132998656,-32.64732,37.37689,-0.65210,0.97723,0.00583,-0.00267,-0.21210,
1573538061266278656,-32.26322,37.19938,-0.64996,0.97748,0.00559,-0.00220,-0.21096,
1573538061399558656,-31.87425,37.01533,-0.64568,0.97759,0.00601,-0.00201,-0.21041,
1573538061532828928,-31.48212,36.82314,-0.64359,0.97762,0.00764,-0.00268,-0.21020,
1573538061666108928,-31.08035,36.62958,-0.64931,0.97767,0.00807,-0.00260,-0.20996,
1573538061799388928,-30.66678,36.43529,-0.65654,0.97774,0.00705,-0.00145,-0.20969,
1573538061932668672,-30.25730,36.23777,-0.65576,0.97781,0.00728,-0.00183,-0.20934,
1573538062065948672,-29.83837,36.03663,-0.65250,0.97784,0.00813,-0.00149,-0.20920,
1573538062199228672,-29.41028,35.82614,-0.64750,0.97788,0.01052,-0.00118,-0.20892,
1573538062332508928,-28.97559,35.62090,-0.64736,0.97789,0.01062,-0.00150,-0.20883,
1573538062465788928,-28.52542,35.42146,-0.65696,0.97800,0.00732,-0.00156,-0.20849,
1573538062599068928,-28.06137,35.21512,-0.66188,0.97809,0.00516,-0.00068,-0.20810,
1573538062732338944,-27.59066,34.99436,-0.66035,0.97815,0.00579,0.00015,-0.20784,
1573538062865618688,-27.11810,34.77106,-0.66176,0.97831,0.00709,0.00014,-0.20702,
1573538062998898688,-26.63510,34.54386,-0.66381,0.97829,0.00866,0.00130,-0.20705,
1573538063132178688,-26.14696,34.32220,-0.66790,0.97853,0.00840,0.00087,-0.20593,
1573538063265458944,-25.64944,34.10333,-0.67258,0.97874,0.00665,0.00069,-0.20497,
1573538063398738944,-25.14731,33.87787,-0.67422,0.97899,0.00687,0.00094,-0.20378,
1573538063532018944,-24.63763,33.64967,-0.67749,0.97920,0.00697,0.00071,-0.20280,
1573538063665298688,-24.12773,33.42315,-0.68059,0.97946,0.00656,0.00000,-0.20151,
1573538063798578688,-23.60959,33.19499,-0.68000,0.97957,0.00559,-0.00022,-0.20102,
1573538063931848704,-23.09361,32.96277,-0.67296,0.97969,0.00530,-0.00226,-0.20043,
1573538064065128704,-22.57610,32.72868,-0.66878,0.97976,0.00536,-0.00381,-0.20005,
1573538064198408960,-22.05143,32.49552,-0.67222,0.97970,0.00498,-0.00506,-0.20033,
1573538064331688960,-21.52099,32.26430,-0.67729,0.97956,0.00285,-0.00392,-0.20108,
1573538064464968960,-20.99307,32.02705,-0.67354,0.97940,0.00248,-0.00373,-0.20188,
1573538064598248704,-20.46441,31.78194,-0.66825,0.97909,0.00357,-0.00264,-0.20338,
1573538064731528704,-19.92548,31.52409,-0.66667,0.97870,0.00440,-0.00270,-0.20521,
1573538064864808704,-19.39933,31.27153,-0.66486,0.97813,0.00476,-0.00264,-0.20792,
1573538064998088960,-18.88218,31.02362,-0.66527,0.97746,0.00201,-0.00238,-0.21108,
1573538065131358976,-18.36264,30.76601,-0.66132,0.97654,0.00076,-0.00111,-0.21533,
1573538065264638976,-17.85815,30.49772,-0.65542,0.97546,0.00159,-0.00195,-0.22016,
1573538065397918720,-17.36588,30.22169,-0.65076,0.97412,0.00297,-0.00338,-0.22599,
1573538065531198720,-16.87285,29.94239,-0.64829,0.97243,0.00289,-0.00309,-0.23315,
1573538065664478720,-16.38237,29.65578,-0.64424,0.97038,0.00102,-0.00255,-0.24157,
1573538065797758720,-15.90418,29.35329,-0.63994,0.96803,0.00101,-0.00263,-0.25084,
1573538065931038976,-15.43151,29.03394,-0.63543,0.96546,0.00266,-0.00264,-0.26052,
1573538066064318976,-14.96958,28.70334,-0.63297,0.96254,0.00451,-0.00275,-0.27110,
1573538066197598720,-14.51262,28.36603,-0.63499,0.95942,0.00508,-0.00067,-0.28194,
1573538066330868736,-14.07071,28.01883,-0.63590,0.95597,0.00542,0.00086,-0.29343,
1573538066464148736,-13.63738,27.65721,-0.63719,0.95209,0.00556,0.00137,-0.30578,
1573538066597428736,-13.22672,27.28337,-0.63797,0.94807,0.00729,0.00111,-0.31799,
1573538066730708736,-12.87139,26.91580,-0.64624,0.94362,0.00905,0.00060,-0.33090,
1573538066863988992,-12.50193,26.53822,-0.65577,0.93897,0.00692,-0.00007,-0.34393,
1573538066997268992,-12.13559,26.14319,-0.66066,0.93395,0.00530,0.00041,-0.35736,
1573538067130548736,-11.77831,25.72122,-0.66641,0.92828,0.00635,0.00078,-0.37182,
1573538067263828736,-11.46842,25.29509,-0.67087,0.92239,0.00920,-0.00036,-0.38615,
1573538067397108736,-11.13794,24.84887,-0.67686,0.91586,0.00863,-0.00050,-0.40141,
1573538067530378752,-10.80244,24.38909,-0.67621,0.90896,0.00619,-0.00018,-0.41684,
1573538067663658752,-10.49374,23.91436,-0.67044,0.90164,0.00541,-0.00214,-0.43245,
1573538067796939008,-10.21753,23.43270,-0.67082,0.89395,0.00578,-0.00397,-0.44811,
1573538067930218752,-9.95079,22.93884,-0.66902,0.88610,0.00672,-0.00485,-0.46342,
1573538068063498752,-9.68075,22.43213,-0.66657,0.87800,0.00480,-0.00613,-0.47859,
1573538068196778752,-9.43902,21.92172,-0.65382,0.87004,0.00513,-0.00667,-0.49292,
1573538068330058752,-9.21465,21.40989,-0.64401,0.86178,0.00413,-0.00697,-0.50723,
1573538068463338752,-8.99797,20.89689,-0.64436,0.85408,0.00140,-0.00658,-0.52010,
1573538068596619008,-8.80608,20.37682,-0.64066,0.84679,0.00377,-0.00642,-0.53188,
1573538068729889024,-8.61927,19.85260,-0.63281,0.84079,0.00682,-0.00543,-0.54129,
1573538068863168768,-8.42932,19.33470,-0.62730,0.83573,0.00621,-0.00434,-0.54909,
1573538068996448768,-8.23898,18.81687,-0.62537,0.83102,0.00440,-0.00321,-0.55622,
1573538069129728768,-8.06581,18.30170,-0.62170,0.82715,0.00368,-0.00388,-0.56196,
1573538069263008768,-7.90178,17.78507,-0.61860,0.82426,0.00497,-0.00562,-0.56615,
1573538069396288768,-7.73198,17.26917,-0.62200,0.82149,0.00429,-0.00478,-0.57018,
1573538069529569024,-7.57011,16.75325,-0.62335,0.81919,0.00435,-0.00341,-0.57349,
1573538069662848768,-7.41843,16.23648,-0.61921,0.81725,0.00566,-0.00385,-0.57625,
1573538069796128768,-7.26497,15.72448,-0.61226,0.81577,0.00566,-0.00348,-0.57833,
1573538069929398784,-7.11364,15.21677,-0.60354,0.81431,0.00530,-0.00353,-0.58039,
1573538070062678784,-6.96888,14.70479,-0.60197,0.81294,0.00683,-0.00422,-0.58230,
1573538070195958784,-6.82246,14.19740,-0.60080,0.81203,0.00729,-0.00456,-0.58355,
1573538070329238784,-6.66820,13.69597,-0.60052,0.81112,0.00590,-0.00415,-0.58484,
1573538070462518784,-6.52322,13.19585,-0.58965,0.81077,0.00557,-0.00437,-0.58532,
1573538070595798784,-6.38111,12.69568,-0.58093,0.81079,0.00828,-0.00684,-0.58524,
1573538070729078784,-6.23470,12.20158,-0.57977,0.81155,0.01044,-0.00982,-0.58411,
1573538070862358784,-6.06649,11.71375,-0.58741,0.81228,0.00870,-0.00758,-0.58315,
1573538070995628800,-5.89190,11.23168,-0.59525,0.81347,0.00591,-0.00555,-0.58155,
1573538071128908800,-5.72941,10.73898,-0.59378,0.81456,0.00706,-0.00540,-0.58001,
1573538071262188800,-5.57024,10.25615,-0.58823,0.81643,0.00902,-0.00796,-0.57732,
1573538071395468800,-5.40308,9.77697,-0.58793,0.81814,0.00943,-0.00958,-0.57487,
1573538071528748800,-5.22570,9.29995,-0.59752,0.82007,0.00853,-0.00857,-0.57214,
1573538071662028800,-5.04275,8.82034,-0.60128,0.82219,0.00863,-0.00764,-0.56910,
1573538071795308800,-4.85586,8.34712,-0.59518,0.82469,0.00820,-0.00718,-0.56548,
1573538071928588800,-4.66758,7.87481,-0.58447,0.82770,0.00867,-0.00801,-0.56104,
1573538072061868800,-4.47611,7.41178,-0.57777,0.83125,0.00952,-0.01004,-0.55573,
1573538072195148800,-4.27028,6.95764,-0.58165,0.83517,0.00751,-0.01087,-0.54984,
1573538072328418816,-4.04900,6.50625,-0.58634,0.83953,0.00632,-0.00957,-0.54319,
1573538072461698816,-3.81614,6.05072,-0.58774,0.84410,0.00711,-0.00560,-0.53611,
1573538072594978816,-3.58597,5.60570,-0.58027,0.84932,0.01032,-0.00585,-0.52775,
1573538072728258816,-3.34793,5.17116,-0.57326,0.85519,0.01187,-0.00854,-0.51810,
1573538072861538816,-3.08575,4.75630,-0.57400,0.86212,0.01109,-0.00902,-0.50650,
1573538072994818560,-2.79627,4.35683,-0.58007,0.86985,0.00757,-0.00665,-0.49321,
1573538073128098816,-2.49705,3.95578,-0.58638,0.87796,0.00643,-0.00572,-0.47867,
1573538073261378816,-2.18835,3.56111,-0.59030,0.88605,0.00866,-0.00504,-0.46349,
1573538073394648832,-1.86250,3.17086,-0.58792,0.89458,0.01065,-0.00432,-0.44676,
1573538073527928832,-1.51732,2.79371,-0.58431,0.90266,0.01186,-0.00318,-0.43019,
1573538073661208832,-1.15688,2.43878,-0.58252,0.91079,0.01081,-0.00260,-0.41272,
1573538073794488832,-0.78333,2.09984,-0.58391,0.91910,0.01010,-0.00389,-0.39387,
1573538073927768832,-0.40180,1.77804,-0.58748,0.92725,0.01263,-0.00540,-0.37420,
1573538074061048832,-0.00343,1.48120,-0.58942,0.93530,0.01419,-0.00662,-0.35350,
1573538074194328832,0.42199,1.21002,-0.59095,0.94319,0.01153,-0.00503,-0.33201,
1573538074327608832,0.85521,0.96003,-0.58930,0.95072,0.01079,-0.00424,-0.30984,
1573538074460888832,1.29968,0.72737,-0.59161,0.95779,0.01031,-0.00424,-0.28727,
1573538074594158848,1.75828,0.51109,-0.59657,0.96452,0.01174,-0.00359,-0.26374,
1573538074727438592,2.23010,0.32498,-0.60129,0.97060,0.01188,-0.00122,-0.24040,
1573538074860718848,2.71310,0.16492,-0.60180,0.97601,0.00958,-0.00003,-0.21752,
1573538074993998848,3.19907,0.02773,-0.60292,0.98107,0.00760,-0.00204,-0.19350,
1573538075127278848,3.69644,-0.09473,-0.60684,0.98539,0.00799,-0.00155,-0.17012,
1573538075260558848,4.20139,-0.20058,-0.61294,0.98903,0.00905,-0.00198,-0.14743,
1573538075393818880,4.71362,-0.27402,-0.61923,0.99199,0.00617,-0.00227,-0.12618,
1573538075527098880,5.23380,-0.33534,-0.62177,0.99427,0.00273,-0.00158,-0.10686,
1573538075660378624,5.75723,-0.39960,-0.61970,0.99590,0.00452,-0.00069,-0.09032,
1573538075793648640,6.28748,-0.45701,-0.62287,0.99715,0.00669,-0.00129,-0.07509,
1573538075926928640,6.82695,-0.49764,-0.62420,0.99805,0.00574,-0.00034,-0.06222,
1573538076060208896,7.36148,-0.52313,-0.61996,0.99869,0.00456,0.00017,-0.05104,
1573538076193488896,7.91849,-0.55909,-0.62569,0.99914,0.00633,0.00142,-0.04097,
1573538076326768896,8.47145,-0.58346,-0.62614,0.99946,0.00668,0.00030,-0.03213,
1573538076460048896,9.02808,-0.59885,-0.62681,0.99969,0.00672,-0.00050,-0.02379,
1573538076593328640,9.59340,-0.60544,-0.62777,0.99984,0.00506,0.00066,-0.01691,
1573538076726608640,10.15330,-0.61013,-0.62700,0.99992,0.00537,-0.00087,-0.01111,
1573538076859878656,10.71974,-0.61719,-0.63049,0.99996,0.00602,-0.00178,-0.00578,
1573538076993158912,11.29087,-0.61992,-0.63040,0.99998,0.00591,-0.00033,-0.00217,
1573538077126438912,11.86019,-0.62867,-0.62947,0.99998,0.00685,-0.00049,0.00015,
1573538077259718912,12.43651,-0.63470,-0.63268,0.99998,0.00602,0.00073,0.00085,
1573538077392998656,13.01282,-0.64993,-0.63072,0.99996,0.00800,0.00288,0.00138,
1573538077526278656,13.58287,-0.65956,-0.63157,0.99996,0.00846,0.00209,0.00124,
1573538077659558656,14.15168,-0.65875,-0.63142,0.99998,0.00560,0.00244,0.00221,
1573538077792838912,14.71884,-0.66763,-0.62880,0.99997,0.00657,0.00177,0.00232,
1573538077926118912,15.28313,-0.68204,-0.63112,0.99995,0.00948,0.00122,0.00327,
1573538078059388928,15.84762,-0.68963,-0.63401,0.99995,0.00966,0.00089,0.00391,
1573538078192668928,16.40739,-0.68325,-0.63585,0.99997,0.00672,0.00007,0.00435,
1573538078325948672,16.96836,-0.68107,-0.63765,0.99997,0.00613,0.00098,0.00522,
1573538078459228672,17.52435,-0.68812,-0.64061,0.99993,0.00970,0.00162,0.00685,
1573538078592508672,18.07744,-0.68454,-0.64428,0.99990,0.01075,0.00110,0.00866,
1573538078725788928,18.62663,-0.65996,-0.64595,0.99991,0.00670,0.00139,0.01184,
1573538078859068928,19.17616,-0.63703,-0.64902,0.99986,0.00538,0.00220,0.01593,
1573538078992348928,19.71791,-0.61920,-0.65475,0.99976,0.00834,0.00130,0.02038,
1573538079125628672,20.25923,-0.59102,-0.66009,0.99962,0.01054,0.00144,0.02555,
1573538079258898688,20.78723,-0.54535,-0.66137,0.99945,0.00946,0.00205,0.03177,
1573538079392178688,21.33524,-0.48398,-0.66398,0.99922,0.00698,0.00259,0.03870,
1573538079525458688,21.85726,-0.42177,-0.66852,0.99890,0.00713,0.00158,0.04633,
1573538079658738944,22.40361,-0.36397,-0.67765,0.99849,0.00851,0.00192,0.05417,
1573538079792018944,22.93590,-0.28589,-0.68391,0.99800,0.00884,0.00332,0.06258,
1573538079925298688,23.46189,-0.20325,-0.68725,0.99743,0.01046,0.00443,0.07073,
1573538080058578688,23.98701,-0.11299,-0.68484,0.99682,0.01176,0.00354,0.07876,
1573538080191858688,24.50270,-0.01127,-0.68684,0.99617,0.01129,0.00243,0.08662,
1573538080325138688,25.02352,0.09335,-0.68973,0.99552,0.01143,0.00009,0.09391,
1573538080458388736,25.53304,0.20446,-0.69478,0.99484,0.01152,-0.00045,0.10077,
1573538080591668736,26.04640,0.32593,-0.70487,0.99416,0.00948,0.00027,0.10754,
1573538080724948992,26.55517,0.44825,-0.70915,0.99366,0.00860,0.00309,0.11208,
1573538080858228736,27.05624,0.56671,-0.70781,0.99315,0.00905,0.00301,0.11644,
1573538080991508736,27.54538,0.68587,-0.70278,0.99281,0.00955,0.00252,0.11928,
1573538081124788736,28.03691,0.80634,-0.70475,0.99254,0.00903,0.00186,0.12159,
1573538081258068736,28.51350,0.93219,-0.70844,0.99246,0.00690,-0.00182,0.12239,
1573538081391348736,28.99065,1.04200,-0.70367,0.99230,0.00884,-0.00430,0.12344,
1573538081524628992,29.46899,1.15152,-0.69908,0.99239,0.01097,-0.00370,0.12262,
1573538081657899008,29.94482,1.26168,-0.69878,0.99239,0.01158,-0.00234,0.12258,
1573538081791178752,30.45534,1.38967,-0.70374,0.99257,0.00963,-0.00316,0.12127,
1573538081924458752,30.95661,1.51189,-0.70490,0.99277,0.00604,-0.00387,0.11979,
1573538082057738752,31.47321,1.61522,-0.70229,0.99297,0.00819,0.00129,0.11809,
1573538082191018752,31.97982,1.70129,-0.69346,0.99325,0.01448,0.00104,0.11510,
1573538082324298752,32.45710,1.78633,-0.68122,0.99328,0.01916,-0.00336,0.11412,
1573538082457579008,32.96360,1.88692,-0.68150,0.99369,0.01908,-0.00254,0.11053,
1573538082590858752,33.46375,1.98576,-0.68702,0.99393,0.01829,0.00098,0.10845,
1573538082724128768,33.96400,2.08775,-0.69962,0.99437,0.01543,0.00198,0.10477,
1573538082857408768,34.46090,2.16054,-0.70812,0.99442,0.02091,0.00291,0.10334,
1573538082990688768,34.96503,2.21583,-0.70032,0.99441,0.03087,0.01025,0.10045,
1573538083123968768,35.44677,2.29097,-0.69411,0.99456,0.03271,0.01065,0.09834,
1573538083257248768,35.89579,2.39230,-0.69429,0.99509,0.02360,0.00294,0.09610,
1573538083390529024,36.35094,2.48612,-0.69324,0.99539,0.01729,-0.00342,0.09430,
1573538083523808768,36.80938,2.56060,-0.69411,0.99555,0.01663,-0.00518,0.09260,
1573538083657088768,37.27064,2.61436,-0.70072,0.99549,0.02234,-0.00701,0.09198,
1573538083790368768,37.74267,2.67198,-0.70656,0.99560,0.02652,-0.00655,0.08961,
1573538083923638784,38.21425,2.74159,-0.70467,0.99576,0.02615,-0.00308,0.08812,
1573538084056918784,38.67881,2.82730,-0.70313,0.99613,0.02029,0.00167,0.08554,
1573538084190198784,39.11793,2.91093,-0.70329,0.99634,0.01408,0.00246,0.08432,
1573538084323478784,39.56056,2.98506,-0.70242,0.99651,0.01065,0.00165,0.08278,
1573538084456758784,40.00879,3.04243,-0.69983,0.99655,0.01340,0.00053,0.08185,
1573538084590038784,40.46313,3.09359,-0.70837,0.99659,0.01757,0.00306,0.08058,
1573538084723318784,40.91138,3.15198,-0.72806,0.99657,0.01702,0.00691,0.08065,
1573538084856598784,41.36467,3.20734,-0.74133,0.99659,0.01893,0.00990,0.07974,
1573538084989868800,41.78076,3.29974,-0.73703,0.99660,0.01603,0.00806,0.08039,
1573538085123148800,42.19600,3.38418,-0.72069,0.99656,0.01118,0.00416,0.08199,
1573538085256428800,42.61023,3.43494,-0.71645,0.99646,0.01219,0.00241,0.08310,
1573538085389708800,43.03084,3.48338,-0.72296,0.99619,0.01867,0.00068,0.08523,
1573538085522988800,43.43782,3.58471,-0.73996,0.99615,0.01646,-0.00277,0.08602,
1573538085656268800,43.83465,3.66133,-0.74535,0.99577,0.01352,-0.00855,0.09045,
1573538085789548800,44.24421,3.74480,-0.74275,0.99558,0.01254,-0.00763,0.09277,
1573538085922828800,44.64784,3.82922,-0.73120,0.99510,0.01565,-0.00204,0.09757,
1573538086056108800,45.05746,3.90883,-0.72996,0.99437,0.02005,0.00114,0.10406,
1573538086189388800,45.44831,4.00762,-0.72862,0.99341,0.02168,0.00157,0.11250,
1573538086322658816,45.83645,4.13030,-0.73089,0.99233,0.02056,0.00300,0.12189,
1573538086455938816,46.20630,4.27810,-0.73565,0.99104,0.01303,0.00507,0.13282,
1573538086589218816,46.55060,4.42163,-0.73139,0.98930,0.01095,0.00355,0.14546,
1573538086722498816,46.89732,4.55565,-0.72542,0.98751,0.01409,0.00233,0.15688,
1573538086855778816,47.24400,4.69484,-0.72131,0.98513,0.01931,0.00349,0.17070,
1573538086989058816,47.58218,4.86612,-0.72493,0.98251,0.01864,0.00525,0.18522,
1573538087122338816,47.90035,5.05467,-0.73092,0.97954,0.01555,0.00416,0.20060,
1573538087255618816,48.21274,5.23542,-0.72728,0.97580,0.01990,0.00245,0.21773,
1573538087388898816,48.50581,5.43425,-0.72024,0.97174,0.02131,0.00301,0.23505,
1573538087522168832,48.77279,5.66051,-0.71868,0.96688,0.01679,0.00278,0.25468,
1573538087655448832,49.01780,5.89158,-0.71787,0.96134,0.01419,-0.00014,0.27499,
1573538087788728832,49.25994,6.12070,-0.71328,0.95491,0.01671,-0.00037,0.29644,
1573538087921988608,49.48359,6.35615,-0.70936,0.94827,0.01940,-0.00018,0.31686,
1573538088055268864,49.68067,6.60986,-0.71440,0.94140,0.01780,-0.00386,0.33679,
1573538088188548864,49.86731,6.87135,-0.71382,0.93288,0.01590,-0.00379,0.35982,
1573538088321828864,50.05560,7.13848,-0.70636,0.92462,0.01595,-0.00027,0.38057,
1573538088455108864,50.22565,7.41193,-0.70341,0.91552,0.01627,0.00152,0.40195,
1573538088588388864,50.38323,7.69195,-0.70042,0.90598,0.01506,0.00026,0.42305,
1573538088721658624,50.51770,7.98147,-0.70287,0.89569,0.01560,0.00075,0.44441,
1573538088854938624,50.66160,8.27417,-0.69718,0.88518,0.01738,0.00242,0.46491,
1573538088988218880,50.76129,8.57345,-0.69365,0.87416,0.01795,0.00341,0.48530,
1573538089121498880,50.86681,8.87838,-0.69305,0.86252,0.01774,0.00402,0.50569,
1573538089254778880,50.96356,9.18649,-0.69330,0.85073,0.01712,0.00433,0.52530,
1573538089388058880,51.03308,9.51306,-0.69180,0.83862,0.01663,0.00501,0.54443,
1573538089521338624,51.09371,9.84409,-0.69498,0.82649,0.01504,0.00449,0.56274,
1573538089654618624,51.14599,10.17879,-0.69398,0.81424,0.01401,0.00453,0.58035,
1573538089787898880,51.20046,10.51161,-0.68647,0.80200,0.01511,0.00620,0.59710,
1573538089921168896,51.23889,10.86266,-0.68559,0.79001,0.01606,0.00789,0.61283,
1573538090054448896,51.24838,11.23020,-0.69181,0.77832,0.01513,0.00739,0.62765,
1573538090187728896,51.27430,11.59330,-0.68685,0.76758,0.01507,0.00733,0.64074,
1573538090321008640,51.29374,11.96245,-0.68484,0.75707,0.01662,0.00909,0.65305,
1573538090454288640,51.29378,12.33496,-0.68645,0.74778,0.01608,0.00945,0.66369,
1573538090587568640,51.28296,12.71784,-0.68446,0.73851,0.01501,0.00725,0.67403,
1573538090720848896,51.27317,13.10188,-0.67906,0.73016,0.01551,0.00592,0.68307,
1573538090854128896,51.26550,13.49653,-0.67357,0.72245,0.01685,0.00708,0.69118,
1573538090987398912,51.24855,13.89546,-0.67004,0.71562,0.01760,0.00832,0.69822,
1573538091120678912,51.22497,14.30303,-0.67025,0.70910,0.01699,0.00821,0.70486,
1573538091253958656,51.19545,14.70921,-0.66561,0.70369,0.01698,0.00740,0.71026,
1573538091387238656,51.16632,15.13256,-0.66459,0.69844,0.01656,0.00685,0.71544,
1573538091520518656,51.13187,15.55844,-0.66221,0.69420,0.01475,0.00726,0.71959,
1573538091653798912,51.10056,15.98596,-0.66274,0.68987,0.01472,0.00853,0.72374,
1573538091787078912,51.07389,16.41655,-0.66009,0.68638,0.01572,0.01062,0.72700,
1573538091920358912,51.04451,16.84993,-0.65806,0.68362,0.01607,0.01292,0.72955,
1573538092053638656,51.01247,17.28273,-0.65525,0.68189,0.01514,0.01229,0.73120,
1573538092186908672,50.96801,17.71315,-0.65110,0.68060,0.01366,0.01130,0.73244,
1573538092320188672,50.93987,18.14667,-0.64723,0.67982,0.01484,0.01189,0.73313,
1573538092453468672,50.90892,18.57651,-0.64488,0.67904,0.01643,0.01091,0.73384,
1573538092586748928,50.86941,19.01113,-0.64438,0.67855,0.01537,0.00843,0.73434,
1573538092720028928,50.83648,19.45084,-0.63908,0.67783,0.01610,0.00765,0.73500,
1573538092853308928,50.80030,19.90276,-0.64309,0.67794,0.01595,0.00852,0.73490,
1573538092986588672,50.75449,20.35120,-0.64802,0.67772,0.01460,0.00718,0.73514,
1573538093119868672,50.71982,20.82502,-0.64086,0.67780,0.01493,0.00695,0.73506,
1573538093253148672,50.68697,21.30394,-0.63386,0.67860,0.01471,0.00824,0.73431,
1573538093386418944,50.63557,21.78409,-0.63847,0.67898,0.01280,0.00715,0.73401,
1573538093519698944,50.61836,22.27827,-0.63236,0.67939,0.01234,0.00608,0.73365,
1573538093652978944,50.57716,22.77660,-0.63876,0.67978,0.01330,0.00622,0.73327,
1573538093786258688,50.54576,23.29638,-0.63596,0.67992,0.01323,0.00743,0.73313,
1573538093919538688,50.52402,23.82233,-0.62422,0.68013,0.01267,0.00771,0.73294,
1573538094052818688,50.47846,24.35635,-0.63350,0.68030,0.01266,0.00706,0.73279,
1573538094186098688,50.44174,24.89649,-0.62281,0.68016,0.01167,0.00601,0.73294,
1573538094319378944,50.40443,25.44704,-0.61552,0.68031,0.01181,0.00659,0.73280,
1573538094452658944,50.37228,26.00489,-0.61068,0.68048,0.01246,0.00752,0.73262,
1573538094585938688,50.33468,26.57584,-0.60852,0.68082,0.01248,0.00740,0.73231,
1573538094719208704,50.30232,27.15180,-0.60326,0.68075,0.01217,0.00880,0.73237,
1573538094852488704,50.26249,27.72802,-0.60076,0.68103,0.01146,0.00844,0.73212,
1573538094985768704,50.22005,28.31272,-0.59934,0.68080,0.00990,0.00739,0.73236,
1573538095119048960,50.17795,28.89818,-0.59564,0.68075,0.01090,0.00723,0.73240,
1573538095252328960,50.14982,29.49696,-0.58666,0.68052,0.01230,0.00832,0.73258,
1573538095385608960,50.12031,30.08665,-0.58665,0.68074,0.01158,0.00778,0.73239,
1573538095518888704,50.08798,30.69228,-0.58550,0.68080,0.01130,0.00706,0.73234,
1573538095652168704,50.04514,31.29375,-0.57749,0.68100,0.01191,0.00831,0.73214,
1573538095785438720,50.01175,31.89787,-0.57150,0.68112,0.01173,0.00941,0.73202,
1573538095918718720,49.97569,32.49922,-0.57147,0.68136,0.01066,0.00823,0.73182,
1573538096051998976,49.93511,33.10668,-0.56834,0.68125,0.01116,0.00846,0.73192,
1573538096185278976,49.90340,33.68890,-0.55692,0.68141,0.01278,0.00989,0.73172,
1573538096318558720,49.87193,34.28289,-0.55581,0.68146,0.01369,0.01055,0.73165,
1573538096451838720,49.82981,34.87499,-0.55600,0.68177,0.01315,0.00858,0.73140,
1573538096585118720,49.78666,35.46297,-0.55165,0.68165,0.01321,0.00835,0.73151,
1573538096718398720,49.75252,36.04500,-0.54441,0.68177,0.01480,0.01099,0.73134,
1573538096851668736,49.71831,36.62847,-0.53940,0.68196,0.01435,0.01039,0.73118,
1573538096984948992,49.67783,37.22608,-0.54244,0.68192,0.01478,0.00926,0.73121,
1573538097118228992,49.64816,37.79911,-0.53455,0.68213,0.01470,0.01115,0.73100,
1573538097251508736,49.61316,38.36850,-0.53248,0.68207,0.01468,0.01088,0.73106,
1573538097384788736,49.57629,38.93312,-0.53069,0.68212,0.01398,0.00934,0.73104,
1573538097518068736,49.54932,39.51254,-0.52902,0.68214,0.01251,0.01099,0.73103,
1573538097651348736,49.51671,40.06705,-0.52001,0.68188,0.01392,0.01159,0.73124,
1573538097784628992,49.47937,40.60715,-0.51647,0.68161,0.01555,0.01119,0.73146,
1573538097917908992,49.44046,41.15585,-0.51013,0.68043,0.01548,0.01154,0.73256,
1573538098051178752,49.39679,41.70438,-0.50662,0.67840,0.01502,0.01165,0.73445,
1573538098184458752,49.33832,42.24437,-0.50257,0.67533,0.01599,0.01034,0.73727,
1573538098317738752,49.28162,42.78080,-0.49365,0.67113,0.01625,0.01080,0.74108,
1573538098451018752,49.20534,43.30439,-0.48276,0.66559,0.01547,0.01074,0.74608,
1573538098584298752,49.11072,43.82949,-0.47962,0.65799,0.01383,0.00957,0.75284,
1573538098717579008,49.00096,44.34062,-0.47899,0.64831,0.01296,0.00990,0.76120,
1573538098850858752,48.87193,44.83561,-0.47637,0.63686,0.01148,0.01148,0.77080,
1573538098984138752,48.72178,45.30984,-0.47040,0.62285,0.01129,0.01294,0.78216,
1573538099117418752,48.53903,45.76077,-0.46778,0.60764,0.00855,0.01192,0.79408,
1573538099250688768,48.32603,46.19019,-0.47474,0.59062,0.00441,0.00842,0.80690,
1573538099383968768,48.10063,46.59277,-0.48125,0.57213,0.00361,0.00600,0.82013,
1573538099517248768,47.86932,47.00326,-0.48165,0.55205,0.00538,0.00869,0.83375,
1573538099650548736,47.61275,47.39865,-0.47805,0.53057,0.00570,0.01177,0.84754,
1573538099783828736,47.32489,47.75544,-0.47505,0.50661,0.00453,0.01146,0.86209,
1573538099917108736,47.01273,48.09153,-0.47741,0.48124,0.00361,0.00948,0.87653,
1573538100050388736,46.68530,48.40864,-0.48274,0.45429,0.00410,0.00825,0.89081,
1573538100183668736,46.34265,48.70828,-0.48309,0.42754,0.00451,0.00814,0.90395,
1573538100316948992,45.98762,48.98781,-0.47730,0.40075,0.00488,0.00932,0.91613,
1573538100450219008,45.62042,49.24818,-0.47481,0.37349,0.00562,0.01096,0.92755,
1573538100583498752,45.24085,49.48407,-0.47255,0.34635,0.00634,0.01172,0.93801,
1573538100716778752,44.84972,49.69434,-0.46729,0.31951,0.00608,0.01127,0.94750,
1573538100850058752,44.45246,49.87551,-0.46745,0.29266,0.00667,0.00995,0.95614,
1573538100983338752,44.04670,50.03144,-0.47048,0.26666,0.00656,0.00778,0.96374,
1573538101116618752,43.63911,50.17662,-0.47096,0.24149,0.00727,0.00791,0.97034,
1573538101249899008,43.22970,50.31520,-0.46853,0.21839,0.00800,0.00929,0.97579,
1573538101383178752,42.81191,50.43469,-0.46831,0.19643,0.00539,0.00951,0.98046,
1573538101516448768,42.38841,50.53967,-0.47181,0.17684,0.00257,0.00877,0.98420,
1573538101649728768,41.96840,50.63371,-0.47010,0.15848,0.00194,0.00839,0.98733,
1573538101783028736,41.55093,50.72035,-0.46614,0.14138,0.00209,0.00893,0.98991,
1573538101916308992,41.13313,50.79629,-0.46140,0.12545,0.00162,0.00979,0.99205,
1573538102049588992,40.70987,50.85532,-0.45758,0.10935,0.00115,0.00936,0.99396,
1573538102182868736,40.28405,50.89481,-0.45899,0.09351,0.00025,0.00685,0.99559,
1573538102316148736,39.86311,50.92677,-0.46193,0.07781,0.00058,0.00650,0.99695,
1573538102449428736,39.44308,50.94901,-0.45856,0.06316,0.00092,0.00599,0.99798,
1573538102582708736,39.01537,50.96672,-0.45509,0.04994,0.00177,0.00583,0.99873,
1573538102715978752,38.58429,50.98222,-0.44917,0.03821,0.00111,0.00701,0.99924,
1573538102849259008,38.14799,50.98829,-0.44713,0.02770,0.00111,0.00625,0.99960,
1573538102982538752,37.70436,50.98770,-0.46173,0.02020,0.00016,0.00310,0.99979,
1573538103249098752,36.80685,51.00969,-0.46325,0.01133,-0.00135,0.00396,0.99993,
1573538103515658752,35.88105,51.03699,-0.46833,0.00851,-0.00249,0.00330,0.99996,
1573538103648939008,35.40467,51.05542,-0.47474,0.00761,-0.00298,0.00360,0.99996,
1573538103782218752,34.92962,51.06509,-0.48261,0.00680,-0.00176,0.00314,0.99997,
1573538103915488768,34.44031,51.08553,-0.48137,0.00663,-0.00151,0.00248,0.99997,
1573538104048768768,33.95382,51.10485,-0.47439,0.00674,0.00059,0.00249,0.99997,
1573538104182048768,33.45601,51.13049,-0.47471,0.00693,0.00111,0.00350,0.99997,
1573538104315328768,32.94756,51.16120,-0.48080,0.00761,0.00052,0.00453,0.99996,
1573538104448608768,32.42932,51.18345,-0.48508,0.00795,0.00057,0.00333,0.99996,
1573538104581889024,31.92095,51.19435,-0.48928,0.00831,0.00021,0.00185,0.99996,
1573538104715168768,31.39698,51.21413,-0.48805,0.00864,-0.00262,0.00223,0.99996,
1573538104848448768,30.86865,51.23853,-0.49264,0.00897,-0.00417,0.00392,0.99994,
1573538104981728768,30.33875,51.26331,-0.50081,0.00919,-0.00375,0.00481,0.99994,
1573538105114998784,29.79916,51.28604,-0.50765,0.00964,-0.00398,0.00484,0.99993,
1573538105248278784,29.26494,51.30484,-0.50827,0.00971,-0.00446,0.00358,0.99994,
1573538105381558784,28.72543,51.32198,-0.51109,0.00953,-0.00297,0.00273,0.99995,
1573538105514838784,28.17558,51.35050,-0.51329,0.00950,-0.00053,0.00457,0.99994,
1573538105648118784,27.61685,51.37981,-0.51880,0.00971,-0.00018,0.00601,0.99993,
1573538105781398784,27.05155,51.40537,-0.52380,0.00955,-0.00096,0.00528,0.99994,
1573538105914678784,26.48689,51.42933,-0.52438,0.00975,-0.00097,0.00439,0.99994,
1573538106047958784,25.92222,51.45827,-0.52376,0.00912,-0.00161,0.00486,0.99995,
1573538106181238784,25.35199,51.48989,-0.52451,0.00873,-0.00227,0.00678,0.99994,
1573538106314508800,24.77626,51.51330,-0.52816,0.00834,-0.00174,0.00564,0.99995,
1573538106447788800,24.19747,51.52965,-0.52930,0.00774,-0.00127,0.00319,0.99996,
1573538106581068800,23.60779,51.55644,-0.52893,0.00690,-0.00226,0.00453,0.99996,
1573538106714348800,23.01607,51.58658,-0.52882,0.00680,-0.00196,0.00733,0.99995,
1573538106847628800,22.42215,51.60578,-0.52935,0.00641,-0.00091,0.00683,0.99996,
1573538106980908800,21.82299,51.61465,-0.53226,0.00616,-0.00116,0.00366,0.99997,
1573538107114188800,21.21822,51.63080,-0.53614,0.00555,-0.00218,0.00278,0.99998,
1573538107247468800,20.61081,51.65464,-0.54114,0.00488,-0.00186,0.00432,0.99998,
1573538107380748800,19.99956,51.67481,-0.54049,0.00452,-0.00182,0.00474,0.99998,
1573538107514018816,19.38272,51.68836,-0.54067,0.00459,-0.00211,0.00315,0.99998,
1573538107647298816,18.76227,51.71056,-0.54428,0.00451,-0.00147,0.00345,0.99998,
1573538107780578816,18.13713,51.73463,-0.55008,0.00436,-0.00069,0.00479,0.99998,
1573538107913858816,17.50162,51.75439,-0.55090,0.00453,-0.00175,0.00449,0.99998,
1573538108047138816,16.85913,51.76994,-0.54939,0.00442,-0.00213,0.00288,0.99998,
1573538108180418816,16.22128,51.79076,-0.54789,0.00391,-0.00090,0.00288,0.99999,
1573538108313698816,15.57502,51.81864,-0.54419,0.00405,0.00045,0.00543,0.99998,
1573538108446978816,14.92706,51.84110,-0.53767,0.00400,0.00169,0.00615,0.99997,
1573538108580248832,14.27313,51.86683,-0.53470,0.00413,0.00256,0.00611,0.99997,
1573538108713528832,13.61395,51.88485,-0.53335,0.00436,0.00184,0.00547,0.99997,
1573538108846808832,12.94789,51.91066,-0.53770,0.00412,0.00054,0.00510,0.99998,
1573538108980088832,12.27694,51.93192,-0.53929,0.00416,-0.00201,0.00513,0.99998,
1573538109113368832,11.59884,51.95439,-0.53874,0.00394,-0.00386,0.00560,0.99997,
1573538109246648832,10.92548,51.98036,-0.53775,0.00371,-0.00244,0.00705,0.99997,
1573538109379928832,10.24922,51.99905,-0.54014,0.00385,-0.00038,0.00573,0.99998,
1573538109513208832,9.57129,52.01242,-0.54557,0.00339,0.00153,0.00287,0.99999,
1573538109646488832,8.88753,52.03214,-0.54847,0.00300,0.00184,0.00257,0.99999,
1573538109779758592,8.19410,52.06008,-0.54973,0.00262,-0.00021,0.00494,0.99998,
1573538109913038848,7.49620,52.07195,-0.55367,0.00304,-0.00132,0.00377,0.99999,
1573538110046318848,6.80268,52.08256,-0.55572,0.00306,-0.00133,0.00152,0.99999,
1573538110179598848,6.10193,52.11122,-0.55811,0.00287,-0.00049,0.00185,0.99999,
1573538110312878848,5.40159,52.13709,-0.56020,0.00280,0.00028,0.00411,0.99999,
1573538110446158848,4.69236,52.15466,-0.56715,0.00291,-0.00183,0.00354,0.99999,
1573538110579438592,3.98483,52.17351,-0.56651,0.00256,-0.00256,0.00379,0.99999,
1573538110712718848,3.27954,52.19335,-0.56222,0.00225,-0.00132,0.00376,0.99999,
1573538110845998848,2.57429,52.21283,-0.55947,0.00165,0.00051,0.00399,0.99999,
1573538110979268864,1.86453,52.22867,-0.56380,0.00146,0.00118,0.00284,0.99999,
1573538111112548864,1.14681,52.24665,-0.56637,0.00080,-0.00179,0.00276,0.99999,
1573538111245828864,0.43741,52.26176,-0.56082,0.00070,-0.00268,0.00298,0.99999,
1573538111379108864,-0.27968,52.28601,-0.55390,0.00025,-0.00165,0.00368,0.99999,
1573538111512388608,-0.99199,52.29932,-0.55434,0.00022,-0.00004,0.00317,0.99999,
1573538111645668864,-1.70883,52.31203,-0.55736,0.00002,0.00081,0.00222,1.00000,
1573538111778948864,-2.43632,52.33178,-0.55187,-0.00026,-0.00086,0.00312,0.99999,
1573538111912228864,-3.16504,52.35255,-0.54463,-0.00008,-0.00132,0.00519,0.99999,
1573538112045508864,-3.89309,52.36649,-0.53952,0.00011,-0.00012,0.00485,0.99999,
1573538112178778880,-4.62711,52.37741,-0.53566,0.00068,-0.00118,0.00337,0.99999,
1573538112312058624,-5.35654,52.39623,-0.52944,0.00084,-0.00141,0.00330,0.99999,
1573538112445338624,-6.08794,52.42761,-0.52257,0.00124,-0.00137,0.00508,0.99999,
1573538112578618880,-6.82505,52.45382,-0.51811,0.00200,-0.00203,0.00506,0.99998,
1573538112711898880,-7.56375,52.47583,-0.51694,0.00261,-0.00239,0.00332,0.99999,
1573538112845178880,-8.29930,52.49832,-0.50957,0.00345,-0.00282,0.00303,0.99999,
1573538112978458880,-9.03637,52.52364,-0.49822,0.00414,-0.00143,0.00330,0.99998,
1573538113111738880,-9.77752,52.54778,-0.49296,0.00515,-0.00063,0.00310,0.99998,
1573538113245018624,-10.52173,52.57077,-0.49088,0.00586,-0.00077,0.00255,0.99998,
1573538113378288640,-11.26942,52.59794,-0.48339,0.00670,-0.00204,0.00286,0.99997,
1573538113511568896,-12.01193,52.62872,-0.47754,0.00713,-0.00265,0.00320,0.99997,
1573538113644848896,-12.74707,52.65530,-0.47514,0.00711,-0.00094,0.00308,0.99997,
1573538113778128896,-13.48097,52.67820,-0.47300,0.00658,-0.00043,0.00317,0.99997,
1573538113911408896,-14.22199,52.69911,-0.47331,0.00633,-0.00122,0.00290,0.99998,
1573538114044688640,-14.96159,52.72140,-0.47711,0.00577,-0.00284,0.00286,0.99998,
1573538114177968640,-15.69574,52.73973,-0.47505,0.00535,-0.00429,0.00311,0.99997,
1573538114311248896,-16.42709,52.76247,-0.47461,0.00480,-0.00283,0.00361,0.99998,
1573538114444528896,-17.15661,52.78141,-0.47837,0.00412,-0.00156,0.00363,0.99998,
1573538114577798912,-17.89055,52.80497,-0.48434,0.00374,0.00003,0.00323,0.99999,
1573538114711078912,-18.62465,52.83093,-0.48437,0.00281,-0.00019,0.00417,0.99999,
1573538114844358656,-19.35890,52.86022,-0.48527,0.00248,-0.00070,0.00531,0.99998,
1573538114977638656,-20.06261,52.84073,-0.47638,0.00207,0.00030,0.00394,0.99999,
1573538115110918656,-20.78913,52.84927,-0.48152,0.00155,-0.00053,0.00215,1.00000,
1573538115244198912,-21.50833,52.86198,-0.47845,0.00149,0.00005,0.00275,1.00000,
1573538115377478912,-22.23282,52.88391,-0.47853,0.00159,0.00142,0.00417,0.99999,
1573538115510758912,-22.95076,52.89376,-0.48007,0.00189,0.00098,0.00337,0.99999,
1573538115644038912,-23.66427,52.90174,-0.48392,0.00220,0.00076,0.00249,0.99999,
1573538115777318656,-24.38076,52.91516,-0.48372,0.00236,-0.00190,0.00348,0.99999,
1573538115910588672,-25.08725,52.92649,-0.48612,0.00273,-0.00248,0.00482,0.99998,
1573538116043868672,-25.78766,52.93395,-0.49212,0.00292,-0.00109,0.00407,0.99999,
1573538116177148928,-26.47634,52.94150,-0.49553,0.00297,-0.00038,0.00236,0.99999,
1573538116310428928,-27.15600,52.95722,-0.49728,0.00278,0.00038,0.00323,0.99999,
1573538116443708928,-27.81667,52.97388,-0.49739,0.00255,0.00094,0.00582,0.99998,
1573538116576988672,-28.46543,52.98481,-0.49979,0.00290,0.00036,0.00535,0.99998,
1573538116710268672,-29.09435,52.98883,-0.50770,0.00259,-0.00141,0.00412,0.99999,
1573538116843538688,-29.75371,52.99948,-0.51079,0.00218,-0.00194,0.00420,0.99999,
1573538116976818688,-30.40366,53.00928,-0.51170,0.00208,-0.00251,0.00497,0.99998,
1573538117110098944,-31.04052,53.02364,-0.51819,0.00174,-0.00340,0.00547,0.99998,
1573538117243378944,-31.65344,53.03116,-0.52302,0.00170,-0.00197,0.00589,0.99998,
1573538117376658944,-32.22686,53.03662,-0.52383,0.00156,-0.00116,0.00563,0.99998,
1573538117509938688,-32.79700,53.03953,-0.52889,0.00144,-0.00109,0.00466,0.99999,
1573538117643218688,-33.32464,53.04726,-0.53591,0.00107,0.00066,0.00505,0.99999,
1573538117776498688,-33.84272,53.05680,-0.53733,0.00095,0.00129,0.00674,0.99998,
1573538117909778944,-34.36328,53.06005,-0.53559,0.00091,0.00053,0.00671,0.99998,
1573538118043048960,-34.89021,53.05856,-0.53955,0.00082,-0.00025,0.00515,0.99999,
1573538118176328960,-35.40803,53.06097,-0.54799,0.00052,-0.00005,0.00437,0.99999,
1573538118309608704,-35.90670,53.06536,-0.55253,0.00004,0.00072,0.00523,0.99999,
1573538118442888704,-36.40660,53.06848,-0.55072,-0.00180,0.00101,0.00763,0.99997,
1573538118576168704,-36.88558,53.05180,-0.54568,-0.00546,-0.00009,0.00842,0.99995,
1573538118709448704,-37.36294,53.01813,-0.55187,-0.01269,0.00088,0.00785,0.99989,
1573538118842728960,-37.83731,52.96655,-0.55670,-0.02317,0.00119,0.00766,0.99970,
1573538118976008960,-38.31725,52.89954,-0.55410,-0.03692,0.00047,0.00872,0.99928,
1573538119109278976,-38.80549,52.81234,-0.55536,-0.05422,0.00084,0.01072,0.99847,
1573538119242558720,-39.31579,52.69841,-0.56214,-0.07399,0.00176,0.01115,0.99720,
1573538119375838720,-39.81653,52.55891,-0.56498,-0.09566,0.00137,0.01174,0.99534,
1573538119509118720,-40.32184,52.39708,-0.56773,-0.11873,-0.00070,0.01427,0.99282,
1573538119642398720,-40.81052,52.20126,-0.57231,-0.14409,-0.00278,0.01383,0.98946,
1573538119775678976,-41.27051,51.97252,-0.57710,-0.17163,-0.00197,0.01195,0.98509,
1573538119908958976,-41.71641,51.71976,-0.57817,-0.20179,-0.00172,0.01181,0.97936,
1573538120042238720,-42.11649,51.44442,-0.57294,-0.23380,-0.00178,0.01379,0.97218,
1573538120175518720,-42.47953,51.13967,-0.57049,-0.26853,-0.00168,0.01533,0.96315,
1573538120308798720,-42.81211,50.79612,-0.57018,-0.30392,-0.00180,0.01233,0.95262,
1573538120442068736,-43.10707,50.43395,-0.57224,-0.33999,-0.00107,0.01095,0.94037,
1573538120575348736,-43.37362,50.06027,-0.57141,-0.37661,-0.00058,0.01120,0.92631,
1573538120708628992,-43.58199,49.66525,-0.56516,-0.41281,-0.00204,0.01097,0.91075,
1573538120841908736,-43.75628,49.26260,-0.56004,-0.44788,-0.00131,0.00917,0.89405,
1573538120975188736,-43.91040,48.85941,-0.56196,-0.48282,0.00127,0.00780,0.87568,
1573538121108468736,-44.01830,48.43832,-0.56217,0.51672,-0.00073,-0.00508,-0.85614,
1573538121241748736,-44.10185,48.01693,-0.55625,0.54914,0.00098,-0.00436,-0.83572,
1573538121375028736,-44.14942,47.60043,-0.55256,0.58013,0.00100,-0.00559,-0.81451,
1573538121508318976,-44.16040,47.18612,-0.54806,0.61051,0.00043,-0.00569,-0.79199,
1573538121641598720,-44.14735,46.77187,-0.53908,0.63950,0.00316,-0.00498,-0.76877,
1573538121774878720,-44.10350,46.36686,-0.53650,0.66669,0.00617,-0.00478,-0.74529,
1573538121908158720,-44.03071,45.96905,-0.54087,0.69300,0.00755,-0.00430,-0.72089,
1573538122041438720,-43.92190,45.58336,-0.54346,0.71855,0.00672,-0.00345,-0.69543,
1573538122174718976,-43.79204,45.19975,-0.54144,0.74336,0.00712,-0.00320,-0.66885,
1573538122307998976,-43.63595,44.82291,-0.53989,0.76701,0.01010,-0.00188,-0.64156,
1573538122441278720,-43.45360,44.45650,-0.54198,0.79008,0.01339,-0.00170,-0.61286,
1573538122574558720,-43.23783,44.10704,-0.54819,0.81146,0.01457,-0.00130,-0.58423,
1573538122707828736,-42.99756,43.76007,-0.55032,0.83244,0.01345,-0.00087,-0.55396,
1573538122841108736,-42.73024,43.45646,-0.54984,0.85212,0.01490,-0.00195,-0.52314,
1573538122974388736,-42.44014,43.15645,-0.54902,0.87092,0.01476,-0.00250,-0.49119,
1573538123107668992,-42.12497,42.88618,-0.55628,0.88808,0.01254,-0.00367,-0.45951,
1573538123240948992,-41.78974,42.63026,-0.56379,0.90353,0.00973,-0.00416,-0.42839,
1573538123374228736,-41.43414,42.37226,-0.56967,0.91614,0.00789,-0.00270,-0.40078,
1573538123507508736,-41.06595,42.12313,-0.57447,0.92744,0.00702,-0.00118,-0.37391,
1573538123640788736,-40.68149,41.87166,-0.57649,0.93669,0.00746,0.00066,-0.35007,
1573538123774058752,-40.29568,41.63860,-0.57411,0.94459,0.00828,-0.00050,-0.32816,
1573538123907338752,-39.89148,41.40846,-0.56777,0.95114,0.00734,-0.00074,-0.30866,
1573538124040619008,-39.47605,41.19425,-0.56843,0.95666,0.00444,-0.00141,-0.29116,
1573538124173898752,-39.05448,40.97891,-0.56888,0.96106,0.00181,-0.00337,-0.27632,
1573538124307178752,-38.62738,40.76171,-0.57099,0.96474,0.00137,-0.00533,-0.26315,
1573538124440458752,-38.18111,40.53613,-0.57110,0.96772,0.00212,-0.00428,-0.25198,
1573538124573738752,-37.73162,40.31495,-0.56668,0.97014,0.00413,-0.00201,-0.24249,
1573538124706998784,-37.27118,40.09735,-0.56365,0.97220,0.00426,-0.00107,-0.23409,
1573538124840278784,-36.79848,39.88589,-0.56292,0.97390,0.00324,0.00042,-0.22696,
1573538124973548800,-36.32472,39.66895,-0.56029,0.97540,0.00379,0.00067,-0.22040,
1573538125106828800,-35.84502,39.46612,-0.56175,0.97666,0.00178,-0.00014,-0.21477,
1573538125240108800,-35.35288,39.25343,-0.56583,0.97777,0.00098,0.00082,-0.20967,
1573538125373388800,-34.86079,39.03489,-0.56626,0.97839,0.00193,0.00075,-0.20677,
1573538125506668800,-34.36540,38.81623,-0.56882,0.97885,0.00253,0.00072,-0.20458,
1573538125639948800,-33.86296,38.59835,-0.57209,0.97888,0.00124,0.00173,-0.20441,
1573538125773228800,-33.35717,38.37509,-0.57334,0.97857,-0.00230,0.00209,-0.20590,
1573538125906508800,-32.85915,38.13739,-0.57624,0.97799,-0.00304,-0.00029,-0.20863,
1573538126039788800,-32.35308,37.88251,-0.57551,0.97727,0.00011,-0.00038,-0.21201,
1573538126173058816,-31.83545,37.62699,-0.57632,0.97671,0.00111,-0.00060,-0.21456,
1573538126306338816,-31.31674,37.37461,-0.57723,0.97610,-0.00072,-0.00045,-0.21732,
1573538126439618816,-30.80336,37.11223,-0.56914,0.97579,0.00064,-0.00029,-0.21869,
1573538126572898816,-30.29595,36.85335,-0.56341,0.97605,0.00392,-0.00129,-0.21751,
1573538126706178816,-29.78495,36.61313,-0.57152,0.97632,0.00266,-0.00079,-0.21632,
1573538126839458816,-29.27349,36.37434,-0.57482,0.97671,0.00122,-0.00030,-0.21457,
1573538126972738816,-28.75533,36.12595,-0.56843,0.97718,0.00319,0.00046,-0.21240,
1573538127106018816,-28.22335,35.87061,-0.56151,0.97774,0.00589,0.00007,-0.20975,
1573538127239298816,-27.68876,35.63325,-0.56515,0.97819,0.00437,-0.00047,-0.20766,
1573538127372568832,-27.14234,35.40226,-0.57494,0.97873,-0.00036,0.00018,-0.20515,
1573538127505848832,-26.58490,35.15671,-0.57508,0.97921,-0.00091,0.00178,-0.20286,
1573538127639128576,-26.02658,34.90361,-0.57191,0.97970,0.00120,0.00211,-0.20043,
1573538127772408832,-25.46950,34.65660,-0.57347,0.97986,0.00252,0.00350,-0.19965,
1573538127905688832,-24.91558,34.41827,-0.57708,0.97999,0.00130,0.00270,-0.19900,
1573538128038968832,-24.34984,34.17684,-0.57966,0.98015,0.00010,0.00258,-0.19824,
1573538128172248832,-23.79043,33.93689,-0.58220,0.98026,0.00045,0.00259,-0.19769,
1573538128305528832,-23.22689,33.69565,-0.58775,0.98047,0.00066,0.00175,-0.19666,
1573538128438808832,-22.65990,33.45777,-0.59127,0.98061,-0.00076,0.00121,-0.19597,
1573538128572078592,-22.09304,33.21682,-0.58631,0.98075,-0.00152,-0.00033,-0.19526,
1573538128705358848,-21.51644,32.96847,-0.58073,0.98078,-0.00152,-0.00208,-0.19512,
1573538128838638848,-20.95004,32.72282,-0.58265,0.98062,-0.00179,-0.00351,-0.19587,
1573538128971918848,-20.39805,32.49122,-0.58660,0.98035,-0.00344,-0.00271,-0.19720,
1573538129105198848,-19.82016,32.23734,-0.58431,0.98008,-0.00391,-0.00208,-0.19856,
1573538129238478848,-19.27652,31.99394,-0.57723,0.97964,-0.00343,-0.00092,-0.20073,
1573538129371758592,-18.70897,31.73254,-0.57560,0.97924,-0.00195,-0.00114,-0.20271,
1573538129505038848,-18.14165,31.47056,-0.57606,0.97882,-0.00092,-0.00159,-0.20471,
1573538129638318848,-17.58351,31.21875,-0.57768,0.97840,-0.00327,-0.00088,-0.20670,
1573538129771588864,-17.03119,30.96513,-0.57660,0.97775,-0.00597,0.00037,-0.20967,
1573538129904868864,-16.50823,30.70137,-0.57415,0.97669,-0.00577,-0.00064,-0.21458,
1573538130038148864,-15.99882,30.42142,-0.56927,0.97529,-0.00346,-0.00188,-0.22089,
1573538130171428864,-15.50010,30.14457,-0.56592,0.97383,-0.00205,-0.00226,-0.22724,
1573538130304708608,-15.00179,29.86956,-0.56249,0.97227,-0.00350,-0.00220,-0.23381,
1573538130437988864,-14.50878,29.58686,-0.56008,0.97057,-0.00520,-0.00118,-0.24077,
1573538130571268864,-14.02852,29.28536,-0.55696,0.96857,-0.00336,-0.00094,-0.24873,
1573538130704548864,-13.55707,28.96887,-0.55625,0.96617,-0.00125,-0.00105,-0.25791,
1573538130837828864,-13.09131,28.64762,-0.55965,0.96368,-0.00017,0.00110,-0.26707,
1573538130971098880,-12.61031,28.30995,-0.55960,0.96085,0.00015,0.00275,-0.27705,
1573538131104378624,-12.16797,27.97378,-0.56107,0.95778,-0.00037,0.00291,-0.28748,
1573538131237658624,-11.74109,27.62044,-0.55904,0.95440,0.00167,0.00319,-0.29852,
1573538131370938880,-11.31707,27.24917,-0.56006,0.95031,0.00225,0.00292,-0.31130,
1573538131504218880,-10.88706,26.86811,-0.56450,0.94569,-0.00034,0.00279,-0.32505,
1573538131637498880,-10.47936,26.46817,-0.56579,0.94011,-0.00138,0.00392,-0.34084,
1573538131770778880,-10.09996,26.04930,-0.56746,0.93392,-0.00072,0.00421,-0.35747,
1573538131904058624,-9.73546,25.60620,-0.56584,0.92736,0.00218,0.00287,-0.37414,
1573538132037338624,-9.39157,25.16262,-0.56819,0.92012,0.00178,0.00286,-0.39162,
1573538132170628864,-9.05908,24.71576,-0.56437,0.91251,-0.00149,0.00297,-0.40903,
1573538132303908864,-8.75535,24.24974,-0.55903,0.90431,-0.00200,0.00105,-0.42687,
1573538132437188864,-8.47825,23.76588,-0.55602,0.89568,-0.00049,-0.00079,-0.44470,
1573538132570468864,-8.20219,23.26617,-0.55158,0.88741,0.00146,-0.00290,-0.46097,
1573538132703748608,-7.93192,22.76820,-0.54623,0.87945,0.00007,-0.00446,-0.47598,
1573538132837028864,-7.66710,22.26514,-0.53535,0.87286,-0.00007,-0.00385,-0.48796,
1573538132970308864,-7.41840,21.76509,-0.52953,0.86614,-0.00096,-0.00428,-0.49978,
1573538133103588864,-7.17321,21.27108,-0.53327,0.86084,-0.00399,-0.00398,-0.50884,
1573538133236868864,-6.94031,20.76721,-0.53499,0.85555,-0.00332,-0.00304,-0.51770,
1573538133370138880,-6.72062,20.25929,-0.53206,0.85118,0.00018,-0.00185,-0.52487,
1573538133503418624,-6.49874,19.75534,-0.53352,0.84719,0.00008,-0.00032,-0.53129,
1573538133636698624,-6.28415,19.25839,-0.53525,0.84277,-0.00215,0.00200,-0.53826,
1573538133769978880,-6.08824,18.76841,-0.53400,0.83868,-0.00404,0.00209,-0.54461,
1573538133903258880,-5.91470,18.27303,-0.52664,0.83501,-0.00235,-0.00020,-0.55023,
1573538134036538880,-5.73944,17.78002,-0.52706,0.83112,-0.00159,-0.00066,-0.55608,
1573538134169818880,-5.56292,17.29075,-0.53067,0.82761,-0.00350,0.00177,-0.56129,
1573538134303098880,-5.40500,16.80048,-0.52629,0.82405,-0.00213,0.00081,-0.56651,
1573538134436368640,-5.25515,16.31082,-0.51434,0.82103,-0.00029,0.00043,-0.57089,
1573538134569648640,-5.10067,15.82425,-0.50876,0.81807,-0.00056,0.00089,-0.57512,
1573538134702928896,-4.94727,15.34237,-0.50916,0.81499,-0.00248,0.00135,-0.57946,
1573538134836208896,-4.80443,14.85730,-0.51116,0.81252,-0.00113,0.00088,-0.58293,
1573538134969488896,-4.66701,14.37066,-0.50746,0.81028,0.00094,0.00032,-0.58604,
1573538135102768896,-4.52700,13.88773,-0.50527,0.80820,0.00107,-0.00077,-0.58890,
1573538135236048640,-4.38615,13.41078,-0.49977,0.80625,-0.00076,-0.00073,-0.59158,
1573538135369328640,-4.25460,12.92757,-0.49630,0.80463,0.00098,-0.00237,-0.59377,
1573538135502608896,-4.12697,12.44449,-0.49644,0.80313,0.00214,-0.00440,-0.59578,
1573538135635878912,-3.99455,11.96345,-0.50281,0.80150,0.00193,-0.00325,-0.59799,
1573538135769158912,-3.85865,11.48724,-0.50553,0.80009,0.00046,-0.00129,-0.59988,
1573538135902438912,-3.73522,11.01045,-0.50254,0.79885,0.00137,-0.00086,-0.60153,
1573538136035718912,-3.62076,10.54112,-0.49529,0.79766,0.00315,-0.00232,-0.60310,
1573538136168998656,-3.50857,10.08434,-0.49109,0.79674,0.00376,-0.00421,-0.60430,
1573538136302278656,-3.39015,9.63708,-0.49245,0.79574,0.00217,-0.00378,-0.60562,
1573538136435558912,-3.27649,9.20414,-0.49733,0.79536,0.00238,-0.00357,-0.60613,
1573538136568838912,-3.16845,8.77569,-0.49562,0.79542,0.00407,-0.00356,-0.60603,
1573538136702118912,-3.05886,8.37279,-0.49124,0.79661,0.00325,-0.00382,-0.60447,
1573538136835388928,-2.94736,7.98853,-0.48231,0.79822,0.00239,-0.00390,-0.60234,
1573538136968668672,-2.83884,7.60583,-0.47342,0.80082,0.00451,-0.00500,-0.59887,
1573538137101948672,-2.73015,7.23834,-0.46695,0.80388,0.00817,-0.00696,-0.59469,
1573538137235228672,-2.59714,6.89793,-0.46702,0.80757,0.00417,-0.00621,-0.58973,
1573538137368508928,-2.45465,6.57113,-0.47051,0.81245,-0.00147,-0.00409,-0.58301,
1573538137501788928,-2.31966,6.24512,-0.46946,0.81636,-0.00162,-0.00395,-0.57753,
1573538137635068928,-2.18694,5.92387,-0.46676,0.82085,-0.00015,-0.00388,-0.57113,
1573538137768348672,-2.04693,5.61262,-0.46416,0.82524,0.00055,-0.00324,-0.56477,
1573538137901628672,-1.90659,5.30601,-0.46101,0.82991,0.00148,-0.00374,-0.55788,
1573538138034898688,-1.76287,5.00867,-0.45659,0.83448,0.00332,-0.00420,-0.55101,
1573538138168178688,-1.61537,4.71605,-0.44981,0.83870,0.00461,-0.00477,-0.54455,
1573538138301458944,-1.45554,4.44018,-0.45038,0.84347,0.00248,-0.00392,-0.53716,
1573538138434738944,-1.28644,4.16641,-0.45449,0.84792,-0.00088,-0.00167,-0.53012,
1573538138568018944,-1.12462,3.89782,-0.45464,0.85256,-0.00194,-0.00176,-0.52262,
1573538138701298688,-0.96477,3.62772,-0.45237,0.85705,-0.00045,-0.00235,-0.51522,
1573538138834578688,-0.79760,3.36997,-0.45228,0.86192,0.00084,-0.00204,-0.50703,
1573538138967858688,-0.62210,3.12270,-0.45401,0.86709,-0.00007,-0.00100,-0.49816,
1573538139101138944,-0.44802,2.88359,-0.45336,0.87273,0.00152,-0.00141,-0.48819,
1573538139234408960,-0.27093,2.65136,-0.44806,0.87843,0.00361,-0.00135,-0.47786,
1573538139367688960,-0.08605,2.43950,-0.44363,0.88464,0.00463,-0.00042,-0.46625,
1573538139500968704,0.10745,2.24327,-0.44452,0.89119,0.00388,-0.00027,-0.45362,
1573538139634248704,0.30627,2.06593,-0.44723,0.89823,0.00166,0.00064,-0.43952,
1573538139767528704,0.50250,1.89634,-0.44625,0.90523,0.00132,0.00096,-0.42493,
1573538139900808704,0.69394,1.74054,-0.44255,0.91217,0.00280,0.00028,-0.40981,
1573538140034088960,0.88780,1.60680,-0.44175,0.91938,0.00317,-0.00031,-0.39336,
1573538140167368960,1.08729,1.49425,-0.44235,0.92654,0.00173,0.00089,-0.37618,
1573538140300638976,1.27837,1.39554,-0.44305,0.93393,0.00307,0.00062,-0.35744,
1573538140433918720,1.46727,1.31787,-0.44696,0.94083,0.00298,0.00021,-0.33886,
1573538140567198720,1.65038,1.25969,-0.44661,0.94782,0.00247,0.00171,-0.31878,
1573538140700478720,1.82455,1.20964,-0.44494,0.95381,0.00241,0.00148,-0.30040,
1573538140833758720,1.98484,1.17728,-0.44627,0.95946,0.00237,0.00116,-0.28182,
1573538140967038976,2.13830,1.15263,-0.44670,0.96449,0.00215,0.00095,-0.26412,
1573538141100299008,2.28013,1.13410,-0.44665,0.96880,0.00157,0.00058,-0.24785,
1573538141233579008,2.40861,1.11755,-0.44357,0.97260,0.00261,0.00009,-0.23245,
1573538141366848768,2.52682,1.11027,-0.44203,0.97572,0.00182,-0.00014,-0.21901,
1573538141500128768,2.63234,1.10866,-0.44284,0.97851,0.00076,-0.00010,-0.20622,
1573538141633408768,2.72607,1.10721,-0.44263,0.98081,0.00014,-0.00033,-0.19497,
1573538141766688768,2.81048,1.10279,-0.43976,0.98275,0.00064,-0.00036,-0.18492,
1573538142033249024,2.95166,1.10994,-0.43959,0.98579,0.00015,-0.00005,-0.16796,
1573538142299808768,3.05882,1.10953,-0.43902,0.98756,-0.00002,-0.00007,-0.15727,
1573538142966198784,3.16861,1.10160,-0.43858,0.98895,0.00067,-0.00011,-0.14825,
