        time,ref_pose_x,ref_pose_y,ref_pose_z,        ref_roll,ref_pitch,ref_yaw,        algo_pose_x,algo_pose_y,algo_pose_z,        algo_roll,algo_pitch,algo_yaw,        align_pose_x,align_pose_y,align_pose_z,        align_roll,align_pitch,align_yaw
1.40E+12,0.598429,2.036416,1.158659,179.3227015,-69.09272615,-27.1339176,-0.006588805,0.037529806,0.094746591,178.1230961,-71.165435,-1.835934975,0.586307287,2.10697215,1.271988566,-178.4451091,-73.60485455,-11.83076974
1.40E+12,0.61596,2.048048,1.197336,178.9126448,-68.32898252,-24.47890158,-0.013828765,0.044172048,0.10151146,179.6856402,-68.72115191,1.173104215,0.579114927,2.113255305,1.279136416,-178.0264963,-71.10593081,-7.752618609
1.40E+12,0.636248,2.059395,1.228895,178.3098614,-68.21002654,-21.63989136,-0.022435468,0.057370247,0.095265314,168.6815822,-69.15257689,3.320821109,0.571475297,2.127489562,1.274007664,169.7627931,-72.10431565,-4.286275972
1.40E+12,0.659287,2.07023,1.252363,177.8905278,-68.33727456,-19.56367054,-0.02176647,0.068325145,0.101611241,166.8702188,-69.16103758,5.420919864,0.57241038,2.137664102,1.281513164,167.6815116,-72.19642688,-1.897900218
1.40E+12,0.684245,2.080816,1.268489,177.4689945,-68.66337187,-17.97456154,0.004586487,0.084969437,0.116374739,157.7751894,-68.35492192,6.177158172,0.598879193,2.151191856,1.299002403,156.8019258,-71.76190489,0.727619343
1.40E+12,0.711914,2.092386,1.282884,176.2949352,-68.83467561,-15.90260611,0.046507746,0.135224734,0.154717421,130.907237,-71.10522656,5.962600725,0.641516893,2.194761763,1.344133743,124.6099191,-74.98232805,6.170059844
1.40E+12,0.741538,2.105394,1.300957,176.4492281,-69.02896613,-15.40103468,0.078038788,0.156095409,0.171358392,128.9025071,-69.1100511,5.147973772,0.673280862,2.212004255,1.364145249,122.1918078,-72.98198334,5.794620583
1.40E+12,0.772285,2.120046,1.323772,177.2263022,-69.54301897,-15.72851037,0.105311524,0.136053451,0.1745814,132.0185879,-69.10978025,6.616613163,0.699334261,2.190265605,1.36627161,125.9890302,-72.98727581,6.543482544
1.40E+12,0.803927,2.13547,1.351244,175.6277402,-70.5314257,-13.95796646,0.136052969,0.13642275,0.191557899,130.3167504,-69.44763825,10.17683291,0.729260243,2.187159426,1.384386843,123.9084305,-73.32382008,10.50328913
1.40E+12,0.834792,2.153868,1.382883,172.4805941,-71.17750247,-10.91032081,0.173582758,0.148672734,0.216256022,127.2215484,-69.16934754,13.4863425,0.766211498,2.194666131,1.411714458,120.1408628,-73.03247965,14.52362286
1.40E+12,0.864036,2.177628,1.422437,170.2191098,-70.3958999,-8.858016814,0.21645821,0.169031545,0.250212542,127.180043,-68.17262188,13.38852039,0.808489074,2.208958406,1.449319888,120.1493349,-72.03564297,14.37905483
1.40E+12,0.893599,2.20816,1.475806,170.3920216,-69.77395939,-9.158973018,0.26471846,0.202533715,0.299162482,128.2506894,-67.98506611,12.19832027,0.856128198,2.234430937,1.503442043,121.4480371,-71.85417273,12.94733775
1.40E+12,0.924487,2.245461,1.541009,173.3252214,-69.57193683,-11.7517576,0.321662871,0.250875401,0.361283372,130.3435981,-68.76695353,10.25674805,0.912588311,2.272777883,1.572582169,123.9540233,-72.64319876,10.56468962
1.40E+12,0.9568,2.28751,1.608051,174.9867462,-69.47801356,-12.47123241,0.379777505,0.30298264,0.424799624,131.8768045,-69.1029869,9.756019878,0.970343313,2.314652975,1.643558402,125.8162191,-72.98053253,9.715674763
1.40E+12,0.988997,2.332073,1.664157,176.080485,-69.58854891,-12.65673799,0.431458177,0.35766704,0.476534979,132.8798224,-69.47236928,10.02212826,1.022339199,2.360677868,1.702853928,127.0446181,-73.34893529,9.744220445
1.40E+12,1.021135,2.378709,1.708639,177.1667137,-69.64195177,-12.61990709,0.485517289,0.406136847,0.514449836,134.3370576,-69.60316114,10.23475891,1.077016065,2.401852415,1.74784663,128.8326724,-73.47570844,9.608493824
1.40E+12,1.054027,2.427734,1.75016,178.1405989,-69.6222802,-11.73182065,0.533216914,0.454174934,0.544244857,136.3916249,-69.50961362,10.92247366,1.125691498,2.44380057,1.784475986,131.3428882,-73.37130802,9.815474741
1.40E+12,1.087424,2.477037,1.790593,178.0918586,-69.43304327,-10.00499694,0.570784988,0.500333086,0.566302182,138.2402932,-69.10512343,11.97632142,1.164511759,2.485251601,1.812817831,133.5656053,-72.95200856,10.47130513
1.40E+12,1.121152,2.525826,1.826511,178.7401556,-67.81090257,-9.343775094,0.596330924,0.546524668,0.578831211,142.8481451,-67.84139668,9.941655854,1.191767749,2.528397357,1.831224037,138.9809598,-71.63129077,7.564191664
1.40E+12,1.156476,2.574474,1.856772,179.809306,-65.31766659,-9.476909272,0.624469027,0.586351157,0.589463535,148.1707425,-65.8740802,6.500168436,1.221373931,2.565279526,1.847165429,144.9861409,-69.56474393,3.352620655
1.40E+12,1.198487,2.621906,1.885683,-175.5064381,-64.61413467,-13.19496617,0.659668112,0.624594968,0.601056961,154.1568559,-66.34498112,2.439652734,1.257901784,2.600101018,1.864169895,152.0555411,-69.87710247,-1.866043488
1.40E+12,1.24887,2.664049,1.91848,-171.4001681,-66.41351536,-16.62329706,0.713905911,0.654230587,0.617572547,156.3657931,-68.65154324,1.827502494,1.312768708,2.62481134,1.885890713,155.2331258,-72.10547898,-3.441934735
1.40E+12,1.302495,2.698842,1.94814,-170.1213804,-68.06114333,-17.58359425,0.773121607,0.676900302,0.632688373,155.6360223,-70.25892475,3.610599461,1.372313402,2.642478143,1.905669904,154.8843645,-73.72988529,-2.008853399
1.40E+12,1.355882,2.726861,1.963992,-169.912918,-68.98391906,-17.61881111,0.835290945,0.692991401,0.636495148,154.7115717,-71.08490883,5.180203655,1.434981595,2.654637805,1.913624884,154.067655,-74.58202506,-0.525917321
1.40E+12,1.408177,2.750171,1.966657,-168.7970825,-68.88552598,-18.55075063,0.910229352,0.719613878,0.645295929,155.7091382,-71.47215683,4.152503928,1.510696681,2.676028126,1.928173245,155.4303574,-74.93437504,-1.923603629
1.40E+12,1.460146,2.767335,1.964701,-171.6014177,-69.20514332,-15.95330105,0.977872017,0.732362544,0.641676621,152.559752,-71.32451099,7.255259116,1.578990999,2.685347746,1.928607801,151.5338175,-74.88703024,1.956503861
1.40E+12,1.511079,2.779364,1.965188,-175.4778945,-70.55060337,-12.46466208,1.042748952,0.743863009,0.644594112,146.8148587,-71.88493933,12.92759259,1.64416882,2.69289364,1.935293626,144.6194887,-75.59407152,8.86381311
1.40E+12,1.55913,2.789205,1.966666,-177.9669386,-71.84317991,-10.3248685,1.113392115,0.747628648,0.643892428,142.1093209,-72.56070008,17.35646171,1.714871961,2.692822218,1.937781515,138.8723304,-76.35704127,14.38776359
1.40E+12,1.60223,2.799142,1.966577,-179.5928283,-72.42163934,-8.957609915,1.155272941,0.75855822,0.648754485,140.1841254,-72.91120512,19.78053728,1.756990009,2.700861459,1.945432617,136.4911677,-76.73439276,17.2891996
1.40E+12,1.640021,2.809467,1.965778,178.8744748,-72.68939938,-7.613851448,1.183142139,0.768927397,0.651566935,138.9927697,-73.09276658,21.48003164,1.785192418,2.709329878,1.950435808,134.9960076,-76.92998823,19.30523213
1.40E+12,1.6723,2.821323,1.964037,179.2513192,-72.90719075,-7.77625772,1.21779615,0.776580864,0.647359962,139.0776221,-73.44208738,21.93751292,1.820342782,2.715465751,1.948441414,135.1659336,-77.27810282,19.67833275
1.40E+12,1.698975,2.835235,1.960368,-178.2069729,-72.47666592,-9.636522093,1.215544826,0.789300953,0.642529544,142.965459,-73.72777734,19.47704199,1.818956153,2.728727172,1.944918057,140.2598469,-77.50830192,15.97608561
1.40E+12,1.72056,2.849117,1.955867,-174.7168841,-71.98033485,-12.48783532,1.226235937,0.798833365,0.634479147,147.3969376,-74.04926373,15.98816506,1.830466247,2.73844988,1.938363494,146.0932472,-77.73847753,11.04674606
1.40E+12,1.737916,2.86069,1.950565,-170.5018408,-71.59914996,-16.11875139,1.219048586,0.807397757,0.630412644,152.75716,-74.64791215,11.73054613,1.823910703,2.747776084,1.934959077,153.286566,-78.1861569,4.915343838
1.40E+12,1.750834,2.867552,1.944821,-164.2941063,-71.58758956,-21.71815463,1.21749959,0.809916906,0.625482546,159.4036257,-75.82912848,6.137004432,1.822714239,2.750880325,1.930270419,162.6643612,-79.11505562,-3.445801578
1.40E+12,1.757969,2.866518,1.938272,-159.1033353,-71.75192841,-26.40785123,1.214281102,0.806211474,0.618952321,164.8320529,-76.916198,1.529606232,1.819609815,2.74806368,1.923258872,170.7081334,-79.94158558,-10.6875698
1.40E+12,1.75785,2.854867,1.929361,-156.4917575,-71.79826555,-29.06171324,1.206361825,0.792704977,0.610894569,167.9440946,-77.49927101,-1.423019634,1.811389232,2.735933923,1.913493688,175.3997003,-80.3547104,-15.22780943
1.40E+12,1.750909,2.83152,1.914969,-155.0895426,-71.4144911,-31.49438204,1.194072078,0.767642929,0.599363094,171.0142225,-77.70992216,-5.426948345,1.798381026,2.712935134,1.898866271,179.5308774,-80.3955224,-20.30621256
1.40E+12,1.737182,2.796039,1.889388,-154.2306493,-70.82754984,-34.40600071,1.173955182,0.729959077,0.57887721,174.4155143,-77.82266056,-10.7237516,1.777329161,2.678774133,1.873681383,-176.1425838,-80.31337286,-26.54435022
1.40E+12,1.71601,2.748559,1.855111,-154.5930937,-70.89751413,-36.99897045,1.146033951,0.678144225,0.551059835,175.1159253,-78.43095369,-14.17504319,1.748107188,2.631780693,1.839390373,-174.2468262,-80.85622214,-31.18045088
1.40E+12,1.686372,2.688738,1.827911,-155.9824036,-72.57594428,-39.02386397,1.10822082,0.617046129,0.532739595,170.4058885,-80.26759073,-12.58025623,1.708119998,2.575116099,1.813149379,-175.9728427,-82.87273112,-32.5063265
1.40E+12,1.645245,2.620312,1.813812,-158.8803237,-73.31438228,-39.06871876,1.05668317,0.551932467,0.528150369,165.3719898,-80.91964681,-10.30516191,1.653619233,2.513777049,1.799578567,179.3057262,-83.76755209,-30.50805168
1.40E+12,1.595348,2.545569,1.814878,-161.8536015,-72.7776898,-38.21969204,0.993013207,0.483527219,0.538672603,164.350934,-80.40365652,-11.331282,1.586167904,2.448249922,1.800189671,176.3973799,-83.3349812,-29.65173381
1.40E+12,1.536997,2.466194,1.830401,-159.8716072,-71.29418192,-41.4918106,0.916656153,0.414902078,0.563486368,173.0180993,-79.70326599,-21.13841518,1.50540448,2.381701356,1.814475687,-174.132512,-82.18898309,-40.31678141
1.40E+12,1.470132,2.380775,1.859411,-156.5071886,-69.54191684,-45.5596014,0.830355018,0.343135122,0.60209554,-176.7988577,-78.66249571,-31.69388597,1.413940483,2.311131304,1.841738389,-164.3307753,-80.58091754,-50.56143675
1.40E+12,1.395833,2.284277,1.903081,-154.3245919,-68.24748839,-48.24234281,0.735976173,0.263437245,0.657414081,-170.3092134,-77.74679778,-38.16435264,1.313265119,2.231375821,1.884432571,-158.7828475,-79.2930051,-56.1418623
1.40E+12,1.316764,2.174622,1.954212,-156.5033003,-67.98537586,-46.64448372,0.638382101,0.165699097,0.72088981,-172.7159619,-77.27341947,-35.55235308,1.208104071,2.133027483,1.933169362,-162.1745591,-78.99786748,-52.54861606
1.40E+12,1.234802,2.054691,1.999565,-161.2694178,-68.35500405,-42.44560313,0.54245654,0.051771001,0.779157221,-179.8577918,-77.04640412,-28.05143271,1.104024604,2.019058481,1.975061449,-170.577703,-79.22762146,-43.7589589
1.40E+12,1.150576,1.92845,2.03167,-165.6037402,-68.67584292,-38.46140337,0.445842514,-0.074985607,0.823796205,173.9296716,-76.74877296,-21.2877675,0.999223658,1.893820301,2.002011521,-178.2969754,-79.30356744,-35.46182762
1.40E+12,1.065787,1.797223,2.0505,-170.7534007,-69.12541524,-33.57289766,0.346685622,-0.208908331,0.856312113,166.3951335,-76.42467108,-13.29787389,0.892069245,1.762879313,2.016049291,172.0956176,-79.38527353,-25.3590442
1.40E+12,0.981007,1.66463,2.056415,-175.9030916,-69.25752566,-28.61257583,0.254667799,-0.354596104,0.877060598,159.8842311,-75.75460325,-6.020900858,0.791972941,1.621099313,2.017416075,163.2119975,-79.02186737,-15.6755022
1.40E+12,0.898637,1.532443,2.050547,-178.6456568,-69.25898465,-25.92500563,0.170498758,-0.508952899,0.888012366,157.183555,-75.32075685,-2.210328408,0.69971049,1.47130855,2.00842963,159.4093393,-78.70004452,-10.74898928
1.40E+12,0.81818,1.401442,2.032284,-179.8367259,-69.15563413,-25.32931248,0.092742115,-0.663493333,0.886726751,156.7730769,-75.04725612,-1.403817417,0.61438702,1.322267846,1.98751867,158.6839959,-78.44476198,-9.628343916
1.40E+12,0.740202,1.271389,2.005542,179.4490575,-69.15283363,-25.91755342,0.033414421,-0.821141847,0.877667192,157.3858059,-74.94053885,-2.243134194,0.547643121,1.169943986,1.959276885,159.3872499,-78.31632637,-10.56466918
1.40E+12,0.665821,1.142686,1.977253,179.675761,-68.97446474,-28.07542855,-0.025158446,-0.963558264,0.86492818,159.2277871,-74.79004053,-5.536966347,0.482586912,1.033089702,1.929042905,161.6052555,-78.09623429,-14.25159624
1.40E+12,0.593546,1.016028,1.947595,179.6425812,-68.35105364,-30.67402272,-0.085189845,-1.095976732,0.850034939,161.3669973,-74.20240442,-10.12919651,0.416677215,0.906469286,1.897683533,163.8481795,-77.4281796,-18.97441811
1.40E+12,0.524348,0.891336,1.916356,178.8667132,-67.19349584,-33.26208668,-0.145093965,-1.224845601,0.834181054,162.9398,-73.11793514,-14.94069201,0.35111694,0.783467319,1.865755468,165.0525689,-76.28940531,-23.44947123
1.40E+12,0.46093,0.767734,1.884581,177.9593724,-66.17396188,-35.95238928,-0.196408193,-1.354334126,0.819032243,164.0319734,-72.16844231,-19.34829893,0.294063888,0.659303729,1.834799587,165.8042818,-75.30267689,-27.54335716
1.40E+12,0.405766,0.644904,1.853363,177.149776,-65.54646917,-38.24715551,-0.237154804,-1.478712016,0.80424743,164.6040728,-71.47110346,-22.69506213,0.24779592,0.539595482,1.805169412,166.1078083,-74.58719141,-30.63968408
1.40E+12,0.359476,0.522818,1.821688,177.013173,-64.40190679,-40.50329127,-0.256975649,-1.601049787,0.789882919,166.0700037,-70.16605049,-25.98423303,0.222489911,0.420718271,1.776999395,167.1927105,-73.22902763,-33.58667992
1.40E+12,0.324336,0.40004,1.790537,177.4787771,-63.14709337,-42.60299458,-0.266763076,-1.720034407,0.776302406,167.7611306,-68.74704792,-28.77891225,0.207328379,0.304536579,1.750362834,168.5366569,-71.74509498,-36.07940758
1.40E+12,0.301665,0.273354,1.763068,178.4106156,-62.44214248,-44.62249585,-0.254503209,-1.838735044,0.765434845,169.6656462,-67.80588724,-31.06791594,0.21405596,0.187139763,1.727319902,170.3400426,-70.7223039,-38.30666897
1.40E+12,0.29045,0.141181,1.737915,-176.9455497,-62.87244634,-49.68381469,-0.234006371,-1.959366089,0.755868531,175.4706723,-68.23060062,-36.56607039,0.228845651,0.067236615,1.70568697,177.0571842,-70.851131,-44.76491086
1.40E+12,0.287169,0.001712,1.71602,-173.5702898,-64.62387726,-53.12333506,-0.203952585,-2.085284069,0.748354246,179.0538681,-69.81600709,-39.46449513,0.252811161,-0.058657144,1.685901923,-178.1748821,-72.22240366,-48.84025176
1.40E+12,0.287958,-0.143788,1.695685,-172.8766542,-66.72331127,-53.55727602,-0.174633935,-2.222293518,0.742283054,179.0545606,-71.62429988,-38.60427924,0.275418295,-0.195675294,1.666332159,-177.1052179,-74.003875,-49.00304889
1.40E+12,0.291869,-0.292289,1.674359,-174.2853233,-67.76442724,-51.10765912,-0.158558566,-2.359285159,0.736657903,176.4162434,-72.36133192,-34.81845364,0.284793295,-0.331994439,1.646686048,-179.596843,-74.87665501,-45.32599693
1.40E+12,0.296384,-0.440835,1.652758,-178.7588825,-68.39076178,-44.97155209,-0.140803059,-2.49776899,0.730103073,170.102242,-72.40664865,-26.77724431,0.295811072,-0.469790014,1.62602247,173.1307501,-75.25372284,-36.2758523
1.40E+12,0.303633,-0.587943,1.629135,177.5605978,-67.71771553,-39.10813455,-0.122214893,-2.62935826,0.721963332,165.7864288,-71.14996448,-20.35548902,0.308079007,-0.60061899,1.604556496,167.3374791,-74.21657892,-28.36448624
1.40E+12,0.314647,-0.732964,1.605415,176.3691361,-66.4292357,-35.83788145,-0.077142474,-2.762754441,0.708878362,165.1877272,-69.31425348,-17.45533635,0.346901813,-0.734179061,1.579026558,165.7974777,-72.42327848,-24.55243711
1.40E+12,0.332677,-0.876806,1.584003,175.9436557,-65.27410241,-33.69974902,-0.037605581,-2.890290671,0.699837294,165.0530506,-67.87107288,-15.68762129,0.380315704,-0.862040756,1.557924528,165.0953667,-70.996147,-22.2434252
1.40E+12,0.359735,-1.020781,1.565745,174.080611,-64.36232881,-30.57173117,0.004141814,-3.018011622,0.695214114,163.2247848,-66.67378502,-12.73021704,0.415726958,-0.990671308,1.541278681,162.6100833,-69.88244461,-18.63043673
1.40E+12,0.397543,-1.162383,1.551982,171.6890086,-64.31307313,-27.13651753,0.05220289,-3.142262231,0.696334679,160.4250707,-66.33890455,-9.007085281,0.457354258,-1.116806247,1.530959695,159.3027325,-69.65871606,-14.37157892
1.40E+12,0.446455,-1.300257,1.543101,167.1155948,-64.944291,-21.91233308,0.110069185,-3.263749885,0.701693257,155.1842813,-66.52624448,-3.180237657,0.508713171,-1.241181843,1.525533294,153.2908523,-70.02621033,-7.704641013
1.40E+12,0.506648,-1.430729,1.537248,162.9882185,-65.74542162,-17.4075031,0.179018597,-3.380005966,0.709186149,150.5006928,-66.92616376,1.896957392,0.571297952,-1.361196243,1.52322459,147.9023699,-70.55888146,-1.856976973
1.40E+12,0.57784,-1.550779,1.533594,159.9323224,-66.87908777,-14.08048202,0.258178257,-3.485597164,0.717663789,146.7754506,-67.75874078,5.975471664,0.644563769,-1.471285739,1.523439832,143.652972,-71.47681491,2.802163999
1.40E+12,0.658286,-1.657265,1.533059,157.5835677,-69.05266947,-11.37131304,0.346626811,-3.579586422,0.727851262,143.1545757,-69.6792581,10.18172361,0.72760607,-1.570545355,1.526963575,139.6223394,-73.46244621,7.477981077
1.40E+12,0.744555,-1.747219,1.535705,153.8713843,-71.2054503,-7.024896075,0.439822488,-3.656726311,0.740059807,137.9611545,-71.35489775,16.21774209,0.816144419,-1.653547613,1.534488935,133.4476204,-75.20352557,14.56346967
1.40E+12,0.831338,-1.818952,1.540615,146.1483024,-72.54166382,0.910687614,0.535194504,-3.71802329,0.751814332,129.5947526,-71.93293706,25.03144302,0.90767445,-1.720890634,1.543347884,122.9374172,-75.80718944,25.61257154
1.40E+12,0.9158,-1.868705,1.548277,137.0287269,-73.69192875,9.989188211,0.624307699,-3.755254781,0.764101184,120.4641416,-72.30925127,34.34283446,0.994151093,-1.764049578,1.555069996,111.3391993,-76.09257868,37.48605167
1.40E+12,0.996416,-1.891646,1.560763,125.6899226,-75.34991213,21.28243085,0.709506812,-3.767905687,0.779403,109.4711921,-73.07268082,45.59472557,1.077828036,-1.782902592,1.572269206,97.25885335,-76.58391236,51.92567019
1.40E+12,1.068142,-1.883521,1.576754,115.2329605,-77.16668848,31.78110181,0.786494977,-3.752549866,0.795195437,99.79087818,-74.19814006,55.6876795,1.154704801,-1.773546361,1.592635941,84.59790666,-77.32708674,65.06531888
1.40E+12,1.127065,-1.843058,1.594273,120.375839,-80.58782132,27.32465064,0.845445839,-3.704921283,0.815123428,100.2569294,-77.75351142,56.18490347,1.215028937,-1.731587371,1.619861898,81.57236687,-80.83897542,68.98712598
1.40E+12,1.169101,-1.775883,1.610589,152.5593724,-81.20475132,-4.304041025,0.885594964,-3.631807585,0.832700777,124.0899544,-80.35218665,33.06393455,1.257986856,-1.663042312,1.646745355,112.9722421,-84.17311299,38.12612554
1.40E+12,1.19447,-1.691274,1.626933,176.6021789,-77.18100827,-28.08363952,0.905679989,-3.540663645,0.847472015,155.95312,-78.48383504,1.573137547,1.281963183,-1.575196269,1.671984686,161.0126405,-81.86396257,-9.7453077
1.40E+12,1.208053,-1.598617,1.646302,-175.4667648,-73.24975772,-36.04267082,0.918945723,-3.439538345,0.849750903,170.2299148,-75.16075086,-12.21623249,1.300201789,-1.475752528,1.685615352,175.4630786,-77.95507978,-23.86173348
1.40E+12,1.215087,-1.505743,1.672303,-171.8894098,-73.2131041,-39.86562076,0.909714086,-3.340666676,0.867171353,174.3760516,-75.41330852,-16.38195966,1.295199551,-1.378899482,1.713161083,-179.3432543,-77.97968986,-29.09686066
1.40E+12,1.21472,-1.413635,1.70057,-169.8002146,-75.06428831,-42.22548327,0.894909013,-3.24448809,0.885678555,175.0670786,-77.31213758,-17.04866967,1.284451773,-1.284528202,1.741278229,-176.1497889,-79.78393812,-32.22587985
1.40E+12,1.203927,-1.320974,1.724992,-169.750287,-75.45495112,-42.45472074,0.86592143,-3.150873915,0.900367761,174.9856702,-77.65144092,-16.96295506,1.259596239,-1.191522549,1.76476902,-175.7301654,-80.1157168,-32.63282492
1.40E+12,1.182855,-1.227631,1.745041,-168.7494822,-74.15400517,-43.52294308,0.828101894,-3.059843935,0.912426032,177.839304,-76.43849229,-19.77719422,1.225916855,-1.100321002,1.785021269,-174.0813785,-78.77827868,-34.28689448
1.40E+12,1.152342,-1.136267,1.762979,-166.6403294,-72.56004612,-46.1583986,0.782891612,-2.972142749,0.923423175,-178.1184461,-75.03014765,-24.26150253,1.184743314,-1.011906993,1.803571397,-171.0798458,-77.17091937,-37.78919034
1.40E+12,1.113444,-1.049181,1.772206,-166.2479891,-71.4884153,-47.90050183,0.731008382,-2.889566085,0.926890347,-176.6886031,-74.08549481,-26.97359619,1.136992123,-0.927423801,1.813828597,-170.4053324,-76.16443199,-39.77936718
1.40E+12,1.068451,-0.966798,1.770974,-166.1419616,-71.59552766,-49.92978786,0.672626595,-2.813970168,0.918759904,-176.3166971,-74.32712378,-29.16050272,1.082926549,-0.848297032,1.811559664,-169.761682,-76.37726136,-42.23366884
1.40E+12,1.01643,-0.888877,1.763388,-168.6677259,-73.63976998,-49.94618177,0.607747674,-2.744423811,0.905201541,179.5936319,-76.35303471,-27.47893174,1.022317467,-0.774249988,1.802993816,-172.1559494,-78.59154583,-42.17153034
1.40E+12,0.955604,-0.811072,1.757079,-173.3718236,-75.85243066,-48.16653097,0.535030683,-2.676022522,0.892887613,172.2304871,-78.39093511,-23.00015946,0.953774458,-0.701039648,1.795232885,-177.8388428,-80.98397767,-39.28516908
1.40E+12,0.885711,-0.729165,1.750768,-176.2771755,-76.66033482,-48.35525308,0.450228643,-2.602172415,0.881950688,168.4306026,-79.1809819,-22.27340569,0.873387225,-0.621899016,1.788948482,178.9016218,-81.95162629,-39.06229588
1.40E+12,0.807614,-0.64179,1.742353,-177.3790873,-75.72148545,-50.74185133,0.358945051,-2.526954984,0.86640342,168.9457085,-78.37527815,-26.35293321,0.786809723,-0.540560215,1.777975372,178.0357244,-81.14972636,-41.7800326
1.40E+12,0.723143,-0.549427,1.731952,-178.4004654,-73.60108887,-53.74386718,0.259783676,-2.447412907,0.849798421,170.4162383,-76.46391902,-31.95248415,0.692638405,-0.45438304,1.766105078,177.0977847,-79.21841298,-45.01981524
1.40E+12,0.634594,-0.453896,1.717228,-179.237143,-72.10098793,-57.50828554,0.154970063,-2.363356304,0.82997454,171.2770405,-75.18875314,-37.48586421,0.593200534,-0.363074389,1.751298579,176.7459789,-77.92785353,-49.3736907
1.40E+12,0.54454,-0.356615,1.691756,-179.7929948,-71.46439102,-62.04242076,0.049126209,-2.280396682,0.799856702,171.9218158,-74.7461227,-43.21717609,0.493142499,-0.27171743,1.726107312,177.0914553,-77.46045319,-54.81982893
1.40E+12,0.454403,-0.257312,1.654198,-179.8061811,-71.13640684,-67.3320859,-0.056638075,-2.196302683,0.758200951,173.0708784,-74.59537737,-49.62406446,0.393740192,-0.178026933,1.689578444,178.3116771,-77.25149679,-61.3091659
1.40E+12,0.365815,-0.156477,1.604878,-179.4591974,-70.64616075,-72.88895251,-0.161726425,-2.112754112,0.706833515,174.6955595,-74.20204653,-56.35243437,0.295421641,-0.083895415,1.643369588,179.8624215,-76.77798313,-67.98380299
1.40E+12,0.279209,-0.054196,1.543818,-179.7700458,-69.53021911,-77.41370115,-0.265235278,-2.027974792,0.646820952,175.485179,-73.11867153,-61.85813062,0.199130038,0.012279107,1.588766364,179.888598,-75.6721092,-72.75716178
1.40E+12,0.195711,0.045981,1.481824,179.4995783,-68.99236881,-80.77221903,-0.374884552,-1.939761116,0.58667109,175.4131057,-72.66077094,-65.83737385,0.096891646,0.112215813,1.53415329,179.4663724,-75.22615826,-76.396603
1.40E+12,0.117407,0.142458,1.433423,-178.5550309,-68.38002935,-85.565498,-0.480655654,-1.851743193,0.540518199,178.3967455,-72.07728204,-71.51961415,-0.002117029,0.210275167,1.493577245,-177.5431964,-74.48661021,-82.1219484
1.40E+12,0.043368,0.232422,1.403837,-174.7400296,-68.25893055,-91.14219133,-0.57913918,-1.768977358,0.515235158,-177.0129522,-71.97331483,-77.67054504,-0.095058877,0.300527335,1.473458114,-172.4735038,-74.11741522,-88.78725013
1.40E+12,-0.028864,0.316546,1.393618,-172.6627467,-68.78304224,-94.3721859,-0.670045417,-1.68702077,0.503654034,-175.0245025,-72.30786468,-80.53024549,-0.181098061,0.388120575,1.467162732,-170.0326107,-74.32547132,-92.10324453
1.40E+12,-0.101951,0.396835,1.398789,-173.0145898,-68.95088693,-94.44173761,-0.768603147,-1.606540037,0.509368281,-175.7228973,-72.3162183,-80.12500682,-0.27562382,0.472852979,1.47759,-170.7971679,-74.37609816,-91.62716815
1.40E+12,-0.176003,0.47253,1.418431,-172.6734025,-67.51451096,-94.38387803,-0.865614203,-1.537264768,0.531041682,-175.2692412,-70.72992737,-79.89201197,-0.369890171,0.544698087,1.502731191,-171.3699467,-72.79154483,-90.4143792
1.40E+12,-0.252566,0.541223,1.446971,-171.6372079,-65.22617665,-94.78574862,-0.959740618,-1.477359925,0.565415609,-174.0317072,-68.26562036,-80.26017048,-0.462322964,0.605746607,1.53959847,-171.3655454,-70.28954179,-89.62729308
1.40E+12,-0.331295,0.598375,1.478714,-169.2263022,-62.90506503,-96.3902961,-1.049845585,-1.434519408,0.605009657,-171.2715795,-65.85158812,-81.95727499,-0.551839925,0.649081845,1.57998008,-169.4515031,-67.73736818,-90.56948425
1.40E+12,-0.414534,0.640258,1.514989,-167.8943497,-62.31252295,-97.21962549,-1.13677876,-1.417850554,0.651079166,-169.8535399,-65.11333322,-82.51464881,-0.639805064,0.665575566,1.624113045,-168.2259029,-66.9199853,-90.9675736
1.40E+12,-0.503642,0.667125,1.55343,-170.2746612,-63.02452567,-94.66080158,-1.218604849,-1.425132875,0.700456838,-172.6455049,-65.54066955,-79.23962875,-0.724032918,0.657658779,1.669165111,-171.0414651,-67.5134794,-87.63373647
1.40E+12,-0.595803,0.681409,1.589292,-174.1592599,-63.27081039,-90.73777372,-1.307681573,-1.432090374,0.74588558,-176.9940383,-65.5129986,-74.82091851,-0.815300755,0.650877843,1.71004348,-175.7366422,-67.7432478,-82.8310403
1.40E+12,-0.689009,0.684199,1.619731,-177.8942888,-62.06466234,-87.260975,-1.384759166,-1.459214998,0.782308854,179.1439176,-64.03366737,-71.16469513,-0.895210019,0.624357809,1.740285055,179.5642734,-66.4941173,-78.33911663
1.40E+12,-0.780482,0.673125,1.645859,-178.8175521,-60.70436814,-86.66903087,-1.463982157,-1.492771154,0.812452142,178.4465369,-62.50776293,-70.76695977,-0.97730197,0.592228969,1.76351359,178.3572818,-65.01720427,-77.4636614
1.40E+12,-0.869125,0.646337,1.668945,-175.5214436,-59.95058656,-90.20257219,-1.536262378,-1.540563336,0.840118517,-177.9299032,-61.71359089,-74.60601271,-1.053074383,0.545842808,1.78302812,-177.9470383,-64.02884658,-81.43635383
1.40E+12,-0.957514,0.602457,1.691191,-173.4688302,-60.85954665,-92.57567097,-1.607388986,-1.604821884,0.867833667,-175.8197565,-62.58134174,-77.0005711,-1.128529395,0.483037808,1.800870709,-175.4368467,-64.76946314,-84.22899154
1.40E+12,-1.047703,0.543412,1.712274,-172.76724,-62.30953343,-93.54285909,-1.677667514,-1.68208334,0.893096287,-175.245376,-63.97742529,-77.85795769,-1.203684444,0.407532459,1.814915811,-174.3850181,-66.1203093,-85.53007127
1.40E+12,-1.139392,0.47138,1.732165,-173.8735455,-63.61651873,-92.63171273,-1.74935963,-1.771674862,0.916685312,-176.5633054,-65.183475,-76.74330748,-1.280797093,0.320037422,1.825920374,-175.3901818,-67.39198678,-84.68219712
1.40E+12,-1.231688,0.390085,1.74915,-174.2778273,-64.06478696,-92.22925431,-1.818730161,-1.868329913,0.936842314,-177.0400529,-65.58479645,-76.31238025,-1.355795705,0.225761379,1.832849304,-175.760025,-67.81700076,-84.34274349
1.40E+12,-1.324364,0.299596,1.765371,-169.1009267,-65.20955055,-97.04634642,-1.886015469,-1.970208536,0.956059106,-171.7622534,-66.85940831,-81.26898577,-1.428935305,0.126282661,1.83836611,-169.5609136,-68.76341312,-90.22906966
1.40E+12,-1.421847,0.202994,1.780393,-167.8912907,-66.79629992,-98.58367268,-1.962998442,-2.080914285,0.976834856,-170.8600011,-68.48959656,-82.53500193,-1.51226618,0.018408554,1.844103279,-167.8356892,-70.3163699,-92.27693198
1.40E+12,-1.523907,0.103383,1.790613,-171.4740433,-67.03631475,-95.54439143,-2.045443897,-2.195933985,0.991821532,-174.7978716,-68.61335527,-79.17140295,-1.601004404,-0.092840869,1.8434116,-172.0267829,-70.67863636,-88.62783325
1.40E+12,-1.627605,0.000421,1.796717,-175.2409466,-65.47575101,-92.21614839,-2.128818756,-2.314402353,1.00439242,-178.6025701,-66.95703847,-75.85679413,-1.690735345,-0.207209879,1.839913532,-176.926015,-69.26486936,-84.23243954
1.40E+12,-1.730583,-0.108164,1.802408,-177.8281771,-64.10051959,-89.89669668,-2.210621536,-2.440547409,1.018285201,178.7939537,-65.51996293,-73.54575317,-1.779344866,-0.329426703,1.836967363,179.6757222,-67.98724848,-81.13957787
1.40E+12,-1.830581,-0.224892,1.810474,176.6118084,-64.16307534,-84.69043545,-2.288739215,-2.570584252,1.035129457,172.7715413,-65.47327937,-67.9264036,-1.864606997,-0.456020416,1.836681082,173.009726,-68.25613147,-74.81423194
1.40E+12,-1.923596,-0.350192,1.819968,168.8914225,-65.21555846,-77.35459548,-2.353453274,-2.707375734,1.051148232,164.4907641,-66.2804771,-60.07477781,-1.936800093,-0.589971449,1.835378062,163.9388098,-69.43893187,-66.060103
1.40E+12,-2.003655,-0.480674,1.82953,162.1284039,-65.8184723,-70.48304181,-2.40894664,-2.848123348,1.065801311,157.3875509,-66.62740411,-52.87087552,-1.999931906,-0.728214306,1.832657051,155.8723795,-70.05484573,-57.80004586
1.40E+12,-2.066706,-0.613376,1.837908,156.8354593,-66.05085827,-64.23284213,-2.446139013,-2.989982097,1.078549378,151.8952704,-66.64913577,-46.39686588,-2.044775018,-0.86836668,1.828644838,149.4818534,-70.245498,-50.35710019
1.40E+12,-2.109323,-0.744676,1.847298,153.5196781,-67.49447796,-59.01670934,-2.465627694,-3.119744389,1.097402838,148.1590901,-67.90238083,-40.74444577,-2.071618891,-0.99812237,1.832692224,145.3248488,-71.58992826,-44.22219491
1.40E+12,-2.131349,-0.871384,1.857934,152.0452957,-69.69137029,-54.87212699,-2.464729169,-3.242998731,1.117640504,146.100562,-69.93445856,-35.977545,-2.077855918,-1.122682293,1.839615279,143.2593873,-73.66292216,-39.40479923
1.40E+12,-2.135299,-0.988484,1.870472,154.5602132,-72.06743282,-54.08649142,-2.448321005,-3.350623708,1.142100899,147.8675047,-72.25378161,-34.40211766,-2.068019662,-1.233019203,1.853020077,146.04514,-75.93787003,-38.84626409
1.40E+12,-2.125513,-1.094027,1.88439,161.6990512,-75.03644922,-57.38127672,-2.411876033,-3.43364055,1.161638982,153.576653,-75.29211088,-36.31764477,-2.036728571,-1.319506277,1.864962536,154.7446229,-78.79901004,-43.77014709
1.40E+12,-2.109745,-1.186194,1.899221,168.8129702,-76.98985518,-61.29681677,-2.376449404,-3.519798255,1.180251624,159.4772732,-77.30753181,-38.96709281,-2.006570438,-1.408958906,1.875608702,164.2633555,-80.56654803,-50.05231368
1.40E+12,-2.093817,-1.263817,1.90803,172.998261,-76.19621799,-63.24749751,-2.347025106,-3.606911912,1.184577711,164.4303403,-76.52934764,-41.61803285,-1.98180644,-1.497530568,1.871723018,169.7499578,-79.58218533,-53.28326166
1.40E+12,-2.079412,-1.328391,1.913907,175.3014238,-75.35801482,-63.98367184,-2.320370953,-3.670362368,1.183733546,167.2124055,-75.70996989,-42.82374044,-1.958378904,-1.56191063,1.865129454,172.3405543,-78.64546248,-54.33212129
1.40E+12,-2.065873,-1.382971,1.914585,176.1528988,-74.00912981,-63.84605061,-2.297002068,-3.720755062,1.181553132,168.7842005,-74.3802276,-43.40164381,-1.937509722,-1.613004032,1.858479334,173.0231486,-77.26264522,-54.0589719
1.40E+12,-2.053255,-1.42874,1.909972,179.5323008,-73.20533785,-66.45328279,-2.276971306,-3.759312045,1.176655622,172.6312811,-73.69758721,-46.46886801,-1.919251206,-1.65187631,1.850267721,177.0253245,-76.39444276,-57.32433789
1.40E+12,-2.042469,-1.468323,1.898219,-176.1951183,-73.15220462,-70.18746396,-2.260993663,-3.793086778,1.163949951,177.102382,-73.79567951,-50.35348874,-1.904443804,-1.684957304,1.834652329,-177.7037636,-76.24591205,-62.03797555
1.40E+12,-2.035226,-1.503053,1.881864,-173.8174579,-73.34843525,-72.4287535,-2.250710084,-3.819122364,1.147733103,179.4482719,-74.06792029,-52.57168685,-1.894768727,-1.70967194,1.816154504,-174.7808465,-76.37747695,-64.84183544
1.40E+12,-2.032998,-1.533017,1.864936,-171.6845337,-74.00329167,-74.67388041,-2.246364445,-3.842145293,1.129842478,-178.5282456,-74.80766015,-54.64395641,-1.890790588,-1.730892914,1.796083157,-171.7738902,-76.97916225,-67.89086907
1.40E+12,-2.036778,-1.557118,1.847718,-170.6654317,-74.26400489,-75.92485529,-2.246124201,-3.864418333,1.114936474,-177.6279346,-75.07599834,-55.7803395,-1.891004858,-1.751456956,1.778895683,-170.4771655,-77.18577143,-69.42176497
1.40E+12,-2.047088,-1.574862,1.831923,-172.7083081,-74.5358816,-74.25189315,-2.253755682,-3.880513876,1.099173333,-179.9484495,-75.29344476,-53.84189182,-1.898722374,-1.765364232,1.761209241,-172.8795872,-77.53658786,-67.38247598
1.40E+12,-2.062215,-1.586317,1.816949,-176.0345719,-75.00785421,-71.35288457,-2.266005618,-3.89317126,1.085584295,176.3513063,-75.68168965,-50.57062973,-1.91097199,-1.775831938,1.745869543,-176.7302571,-78.12995511,-63.9292029
1.40E+12,-2.080963,-1.590098,1.802599,-179.9162255,-76.36191316,-67.82292046,-2.282686664,-3.899044343,1.071385337,171.4441344,-76.91882171,-45.98679007,-1.927272598,-1.779255487,1.730477004,178.9266995,-79.60574021,-59.85161205
1.40E+12,-2.104174,-1.582962,1.786263,171.8470282,-77.44421485,-60.68594644,-2.304849888,-3.897814942,1.055079277,162.1989533,-77.74322902,-37.8045768,-1.948589439,-1.775103936,1.713536979,168.3844955,-80.87301726,-50.29958941
1.40E+12,-2.129355,-1.5628,1.766795,161.3802636,-77.54671503,-52.32526799,-2.332537803,-3.882974005,1.036501539,151.6698864,-77.51879895,-29.42472619,-1.974628888,-1.7568945,1.695582314,153.9787346,-81.06616027,-37.97668969
1.40E+12,-2.152829,-1.527444,1.743522,155.0372991,-76.73232908,-48.90802162,-2.360135994,-3.854621771,1.014633725,145.9929917,-76.57708328,-26.71310017,-1.999748626,-1.724928475,1.675811564,145.4609284,-80.28824604,-32.39204407
1.40E+12,-2.171204,-1.476149,1.716634,152.3414272,-75.52560634,-49.88867716,-2.385792216,-3.811528941,0.989500175,144.0887599,-75.39899451,-28.49248886,-2.022039677,-1.678089626,1.654453654,142.305564,-79.15505127,-32.91420666
1.40E+12,-2.182481,-1.41178,1.679276,159.6629292,-74.89743891,-61.38666954,-2.407855673,-3.756796054,0.954013849,151.8409616,-75.19670694,-40.38055709,-2.039692739,-1.61880323,1.624200439,152.4293571,-78.75942142,-47.24049804
1.40E+12,-2.188028,-1.337277,1.628935,167.4210614,-74.27845262,-74.14842274,-2.427293166,-3.691544661,0.905933793,160.2696658,-75.01244756,-53.7506631,-2.053628207,-1.547894464,1.582667299,163.083362,-78.2737973,-62.90617421
1.40E+12,-2.188492,-1.255867,1.564459,174.6461741,-73.44903278,-86.9220842,-2.444745422,-3.618333785,0.844032576,168.5807431,-74.59323917,-67.5612173,-2.064559329,-1.467740196,1.528335188,172.9598956,-77.48206218,-78.35286778
1.40E+12,-2.184472,-1.169232,1.489268,-179.4207835,-72.76721107,-98.32330959,-2.459448247,-3.538750479,0.7723325,175.5984017,-74.23169582,-79.99546728,-2.071984744,-1.38038067,1.465059972,-179.0608135,-76.75712598,-91.80620912
1.40E+12,-2.176972,-1.078321,1.414606,-176.595494,-72.32742601,-106.0758481,-2.471855888,-3.454428043,0.701535973,179.235519,-73.97128674,-88.47586461,-2.076921601,-1.288536495,1.403280963,-175.1097307,-76.29542058,-100.6309678
1.40E+12,-2.165834,-0.985133,1.354425,-175.5215267,-72.16616755,-110.7408761,-2.480424285,-3.367097805,0.64537302,-179.2890859,-73.88058091,-93.46060322,-2.078534473,-1.195453405,1.356513428,-173.5155485,-76.12029331,-105.7462107
1.40E+12,-2.151525,-0.890555,1.320661,-176.3421111,-73.3066563,-112.1193454,-2.487064535,-3.275419661,0.613252296,179.59531,-75.02751463,-94.44718089,-2.0790857,-1.100683616,1.334172903,-173.6838946,-77.30487723,-107.6437871
1.40E+12,-2.13314,-0.791563,1.314726,-177.5112694,-74.30509365,-112.0307972,-2.491340038,-3.174264026,0.605838897,178.0079957,-75.97890075,-93.85744055,-2.077910609,-0.999227546,1.337487402,-174.4547348,-78.32292097,-107.8373816
1.40E+12,-2.110325,-0.686429,1.33045,-178.2350785,-73.97919395,-111.6503167,-2.492703933,-3.062533389,0.617630519,177.2492595,-75.55968123,-93.36865507,-2.074160644,-0.889447722,1.361129864,-175.8190974,-77.95968863,-106.7488021
1.40E+12,-2.084377,-0.576589,1.351653,-179.0193629,-72.87478598,-111.3468581,-2.490416868,-2.944222685,0.633046622,176.644343,-74.40439123,-93.19305118,-2.066598911,-0.773715547,1.389222446,-177.6915186,-76.86741212,-105.3299692
1.40E+12,-2.056641,-0.463677,1.369932,-179.957919,-71.9859059,-111.5327463,-2.487437682,-2.82227977,0.647318308,175.8536617,-73.46550179,-93.46329751,-2.058111767,-0.654294651,1.416594861,-179.4147892,-75.99217853,-104.6848275
1.40E+12,-2.027312,-0.349531,1.377418,179.8463749,-71.27732222,-113.0656996,-2.481243802,-2.700977138,0.651049271,175.84252,-72.74135335,-95.14138465,-2.045975411,-0.534579457,1.433553453,-179.9822129,-75.28182596,-105.8238767
1.40E+12,-1.996525,-0.235364,1.37333,-179.0602419,-70.79688856,-116.0681424,-2.473377118,-2.580390254,0.644525019,177.2743812,-72.27724144,-98.42006745,-2.031744857,-0.414590098,1.440313066,-178.6775806,-74.74629776,-108.9971601
1.40E+12,-1.963897,-0.122024,1.365513,-173.4655543,-70.54522746,-122.9022198,-2.463577043,-2.460453689,0.635442295,-176.5095317,-72.11629585,-105.81066,-2.015503072,-0.295084127,1.444537333,-171.8135501,-74.22754691,-117.0833954
1.40E+12,-1.932574,-0.009101,1.362364,-167.0877938,-70.05013257,-130.0581373,-2.455250112,-2.340373104,0.632467782,-169.4318183,-71.69662862,-113.606086,-2.000998583,-0.175995543,1.454787273,-164.3892456,-73.37829278,-125.2808151
1.40E+12,-1.906859,0.104842,1.367024,-162.4983342,-69.60955051,-135.0599297,-2.451403285,-2.221863502,0.638282399,-164.4516469,-71.28132697,-118.9796852,-1.991438665,-0.059143433,1.47342396,-159.3777869,-72.65051666,-130.7247805
1.40E+12,-1.888675,0.221251,1.372621,-161.442232,-69.40942801,-135.9290532,-2.456316305,-2.101933753,0.644798475,-163.3850297,-71.04206299,-119.8726804,-1.990578396,0.059526801,1.492564939,-158.417649,-72.3463915,-131.5239853
1.40E+12,-1.878209,0.340067,1.376879,-163.5018794,-69.6309297,-133.0420826,-2.469932769,-1.982889476,0.64984689,-165.7994571,-71.18619052,-116.6408552,-1.998380327,0.177950461,1.509810261,-160.8661069,-72.64507958,-128.2415235
1.40E+12,-1.873351,0.460769,1.382288,-168.2393438,-70.12744433,-126.5330815,-2.488084444,-1.858694376,0.655387725,-171.2419543,-71.54366586,-109.4978018,-2.010469178,0.301686288,1.527918595,-166.4490918,-73.34268309,-120.9167336
1.40E+12,-1.871329,0.581421,1.38871,-173.4038009,-70.50389538,-118.4382434,-2.508582119,-1.730877142,0.659999151,-177.0566863,-71.74105297,-100.8413088,-2.024673966,0.429245298,1.545399673,-172.6833678,-73.89205571,-111.7978343
1.40E+12,-1.868779,0.700927,1.397211,-176.1904854,-70.62266759,-111.4873416,-2.529386134,-1.607086785,0.667342195,179.677693,-71.65243605,-93.45425626,-2.039510599,0.55253583,1.565150594,-176.3863677,-73.99594555,-103.9526219
1.40E+12,-1.865403,0.818973,1.407085,-177.4259958,-70.61148702,-105.1620709,-2.548780678,-1.484724064,0.675648981,178.1152293,-71.44579531,-86.84691606,-2.053056423,0.674230095,1.585761341,-178.2787215,-73.88133019,-97.00893791
1.40E+12,-1.860636,0.936628,1.419005,-177.49442,-70.5545521,-99.55604373,-2.567258212,-1.35933962,0.684944282,177.8271799,-71.22617412,-81.06693539,-2.065579244,0.798770565,1.607714276,-178.7412429,-73.68122379,-91.05774406
1.40E+12,-1.854789,1.054092,1.432997,-177.2256432,-70.24090289,-94.09178402,-2.585614843,-1.234110759,0.697099153,178.0374609,-70.73984724,-75.56331147,-2.07811794,0.922849632,1.632496137,-178.7967081,-73.19034899,-85.30215004
1.40E+12,-1.848936,1.171236,1.449053,-177.1745639,-69.97368325,-88.31697834,-2.604378519,-1.110290104,0.710967281,178.0855226,-70.28855193,-69.79748515,-2.091210924,1.0453729,1.658813003,-179.0001762,-72.74271895,-79.29647022
1.40E+12,-1.843511,1.287048,1.464213,-178.7911963,-69.23249004,-80.88681607,-2.624204415,-0.988363681,0.724225337,176.6138982,-69.301525,-62.52331956,-2.105431889,1.166137756,1.684278837,178.8331594,-71.84908368,-71.33929401
1.40E+12,-1.837449,1.400106,1.476183,179.7120676,-67.24629714,-73.52210084,-2.641815519,-0.868212268,0.733886236,175.5789003,-67.07836645,-55.65633849,-2.117370923,1.285396055,1.70606791,176.7037829,-69.70434224,-63.42238559
1.40E+12,-1.828993,1.507783,1.486164,-179.4196834,-64.91032464,-68.55119762,-2.658425938,-0.754778936,0.741882153,176.9636013,-64.62465204,-51.20200816,-2.128575851,1.39810344,1.725521865,177.3678097,-67.19804327,-58.32199519
1.40E+12,-1.818315,1.606602,1.498012,-179.5196957,-63.91905475,-62.83244618,-2.670873148,-0.649960126,0.751057916,177.0528743,-63.48742297,-45.64069933,-2.136115121,1.501904234,1.745388044,177.1178745,-66.06446831,-52.45096159
1.40E+12,-1.803618,1.695204,1.510707,177.9140603,-63.46920747,-54.95563691,-2.677248309,-0.552116109,0.761240846,174.7660643,-62.86397458,-37.99178781,-2.137993706,1.598339785,1.765745888,174.4406388,-65.56392184,-44.4005418
1.40E+12,-1.780853,1.775607,1.522987,176.5852768,-63.27448703,-48.31707974,-2.673281577,-0.465787807,0.770494553,173.7119038,-62.51895174,-31.55177288,-2.130093692,1.68286974,1.784352826,173.1938842,-65.2741426,-37.76343183
1.40E+12,-1.748997,1.848574,1.5356,175.2199823,-63.24534954,-41.73928869,-2.657793949,-0.386412416,0.779386255,172.6255182,-62.33681508,-25.16062712,-2.111033916,1.759900354,1.802308083,171.9550481,-65.14675136,-31.21060648
1.40E+12,-1.707451,1.91517,1.547483,174.2111864,-62.94869801,-35.98121971,-2.63160327,-0.308813061,0.786610434,171.9014409,-61.95867151,-19.57771102,-2.081310244,1.83475406,1.818837645,171.0666995,-64.80582425,-25.46292415
1.40E+12,-1.655249,1.977102,1.556323,174.8279732,-62.03526363,-32.21262778,-2.589912889,-0.237255041,0.790444251,172.7701672,-60.97447564,-15.99630769,-2.03627485,1.903112795,1.831961392,171.7880505,-63.78458244,-21.76827381
1.40E+12,-1.591011,2.03506,1.562151,175.5426267,-61.10726115,-28.54097349,-2.540679128,-0.156371375,0.792546426,173.6940174,-60.04414756,-12.38595664,-1.983164594,1.980498507,1.844661869,172.5885314,-62.8135172,-18.06888865
1.40E+12,-1.512359,2.089411,1.566811,175.6730944,-60.55501903,-24.03364965,-2.471722702,-0.078222578,0.793327327,174.0224223,-59.46501178,-7.992972276,-1.910455462,2.054222951,1.856532905,172.8218133,-62.22092039,-13.59915825
1.40E+12,-1.418971,2.140294,1.571774,175.3390921,-60.16114586,-19.12630245,-2.388441991,0.007757152,0.793481949,173.8724507,-59.08634061,-3.132900035,-1.823031282,2.13500129,1.869185467,172.5808794,-61.8514624,-8.655202998
1.40E+12,-1.310258,2.188522,1.576827,175.7415021,-60.0756895,-15.02045535,-2.284652448,0.095394009,0.795217898,174.3991721,-58.99548023,0.933935231,-1.71513269,2.216131384,1.884394126,173.1329143,-61.7348689,-4.623165023
1.40E+12,-1.18648,2.234736,1.582904,176.1422527,-61.1935896,-11.25733906,-2.160891516,0.186042368,0.800391308,174.8743551,-60.12085312,4.667991026,-1.587311022,2.298792709,1.904126947,173.8877467,-62.83086189,-1.147664238
1.40E+12,-1.050338,2.279671,1.589704,177.0297824,-63.50634791,-9.041642046,-2.020775994,0.278293765,0.806788595,175.6633542,-62.46334295,6.998637458,-1.443146327,2.382018028,1.925891405,175.3149468,-65.1198082,0.592386479
1.40E+12,-0.907248,2.324032,1.596025,176.0930651,-66.08517289,-6.229389693,-1.86799331,0.373899589,0.81458852,174.67814,-65.02293731,9.8511209,-1.286237205,2.467730363,1.949907734,174.9786445,-67.71268607,2.869377688
1.40E+12,-0.760948,2.369292,1.600175,174.1009877,-67.88744286,-3.346353215,-1.710027441,0.467765284,0.819400526,172.6751101,-66.80268106,12.7676067,-1.124110201,2.551743591,1.970973156,173.358568,-69.58017808,5.466068883
1.40E+12,-0.613513,2.417238,1.59732,172.9736337,-68.76679173,-1.951510811,-1.546860191,0.56293317,0.815770557,171.5443867,-67.66595002,14.17284433,-0.95634819,2.637650286,1.983996284,172.4123266,-70.49247836,6.718049074
1.40E+12,-0.466642,2.468167,1.581668,172.3016733,-68.88012068,-1.477897857,-1.384231483,0.660938522,0.798018464,170.8513145,-67.82426745,14.70253026,-0.7883449,2.727886941,1.983272818,171.6908436,-70.68343262,7.286759881
1.40E+12,-0.320351,2.522774,1.559501,173.9446656,-68.86485055,-3.41652385,-1.223044492,0.765283294,0.773181528,172.3905695,-67.89299126,12.90249259,-0.621141222,2.825241537,1.976133954,173.4564079,-70.67547423,5.246333596
1.40E+12,-0.175248,2.580447,1.536669,176.0633397,-68.79200656,-5.950810122,-1.06361297,0.869195187,0.748562279,174.4367421,-67.89822873,10.52376466,-0.455720642,2.922239969,1.969095819,175.7581609,-70.57623195,2.591969522
1.40E+12,-0.031697,2.640665,1.514425,177.5702343,-68.9259465,-7.930229838,-0.906068415,0.975021126,0.72582395,175.9120001,-68.10906125,8.654789704,-0.29217069,3.021045201,1.964057261,177.4979166,-70.70742189,0.449464707
1.40E+12,0.111347,2.701758,1.493701,178.2608526,-68.94859877,-9.165184364,-0.74485421,1.081478668,0.702511634,176.6325166,-68.18106328,7.472482383,-0.124901776,3.120336085,1.958660676,178.3333124,-70.74011785,-0.85267227
1.40E+12,0.254534,2.763004,1.473758,179.0081642,-69.1649986,-10.15624168,-0.596789395,1.187177609,0.679818534,177.4446762,-68.51932573,6.536533522,0.02918169,3.219531691,1.953280223,179.3901542,-71.03070066,-2.032329069
1.40E+12,0.396733,2.82604,1.453984,179.2289305,-69.54681274,-9.701143347,-0.452662943,1.295193774,0.656957648,177.7335171,-69.01537573,7.035948274,0.179460352,3.321262351,1.947826524,179.9457101,-71.50523259,-1.789811463
1.40E+12,0.537239,2.890473,1.437546,179.4060558,-70.96146448,-8.63724111,-0.322927227,1.397832461,0.638444861,178.041311,-70.58040965,8.121775431,0.314914104,3.41798812,1.945549243,-178.8848044,-73.03297364,-1.52913324
1.40E+12,0.673012,2.955009,1.42417,179.307594,-72.8435851,-7.434514435,-0.20695606,1.489385302,0.628218161,178.1164965,-72.58002602,9.348552347,0.435702324,3.503592937,1.949773086,-177.5043024,-74.99639692,-1.558332787
1.40E+12,0.800221,3.019803,1.410851,-178.6022986,-74.17610185,-8.48795546,-0.092709968,1.583678415,0.615985947,-179.6351131,-74.00678806,8.26468241,0.554997996,3.592224148,1.952230489,-173.7945194,-76.26401043,-4.082544873
1.40E+12,0.917076,3.084367,1.395977,-171.9516362,-73.96296186,-14.06445557,0.00860079,1.673558588,0.600864626,-172.7862822,-73.90466006,2.601371704,0.661295114,3.677488123,1.950835212,-166.2510223,-75.74703208,-10.48348748
1.40E+12,1.024495,3.144778,1.380269,-167.1698569,-72.4634259,-18.00829569,0.080018678,1.757890836,0.580713771,-167.6633572,-72.60338147,-1.590290504,0.737713948,3.759415016,1.942671523,-161.8149905,-74.15175237,-14.05331357
1.40E+12,1.123442,3.197638,1.364502,-163.3700949,-70.38600745,-21.67577591,0.137963199,1.82219133,0.56622393,-163.4585862,-70.69935,-5.461733472,0.799424188,3.821597745,1.937453196,-158.7189208,-72.01543174,-16.89571324
1.40E+12,1.217177,3.238646,1.351262,-159.9495822,-69.36883075,-26.18568718,0.187286053,1.871657171,0.557190221,-159.6246552,-69.84242815,-10.17293355,0.851538045,3.868951527,1.935725023,-155.2522755,-70.92204921,-21.28493505
1.40E+12,1.306527,3.265792,1.34148,-157.1241907,-69.30837626,-31.19961666,0.239081411,1.907182246,0.55312107,-156.3592224,-69.88397082,-15.42615461,0.905191539,3.901805569,1.937531274,-151.8686207,-70.74482776,-26.6684263
1.40E+12,1.390145,3.278273,1.33355,-152.7790575,-68.54545823,-38.43034742,0.309441379,1.93175707,0.548365361,-151.6925032,-69.11143992,-22.84408741,0.976845159,3.922837901,1.938212056,-147.569683,-69.67255174,-33.76024582
1.40E+12,1.466907,3.273349,1.327543,-150.076168,-67.18264395,-44.85790248,0.382512939,1.941032297,0.543689668,-148.8206091,-67.73196609,-29.35331044,1.050428097,3.928520994,1.93743839,-145.3906792,-68.12251707,-39.63167318
1.40E+12,1.534854,3.248867,1.326089,-152.7642096,-66.59715116,-46.80771576,0.450526727,1.928906215,0.542887256,-151.43545,-67.17704018,-31.30776274,1.11771005,3.912825026,1.938018504,-148.2783887,-67.75292341,-41.32486401
1.40E+12,1.594822,3.20595,1.337549,-156.912471,-66.4677484,-47.41953254,0.519277986,1.90232098,0.55553163,-155.4841187,-67.07657287,-32.01318797,1.184392808,3.881319314,1.950435845,-152.4336357,-67.92622364,-41.91228758
1.40E+12,1.648519,3.147579,1.363819,-160.4707255,-66.48538525,-48.44916869,0.580301485,1.856395298,0.583434868,-158.9045893,-67.12879153,-33.16301451,1.241702543,3.829432142,1.975633902,-155.919908,-68.20558426,-42.97914177
1.40E+12,1.697194,3.075996,1.400429,-164.4858322,-67.17253148,-49.18207976,0.642494072,1.796619206,0.621145019,-162.8139677,-67.83055178,-33.99583632,1.299038198,3.762698148,2.009135413,-159.6457419,-69.15406292,-43.95236999
1.40E+12,1.741699,2.995462,1.436371,-167.4516817,-67.68123829,-51.01201877,0.704536078,1.727689135,0.65803353,-165.6603938,-68.3304575,-35.94221721,1.355798401,3.686969259,2.040833083,-162.3851865,-69.8308126,-45.97356788
1.40E+12,1.782844,2.910283,1.461068,-167.0065067,-67.7592051,-56.03318084,0.764324175,1.652402723,0.68387686,-165.0506665,-68.35883575,-41.11137617,1.410485826,3.60621256,2.060787505,-161.7284433,-69.81946564,-51.19248228
1.40E+12,1.820172,2.82033,1.472831,-164.1918879,-67.58122302,-63.28761214,0.823540118,1.571782497,0.697271504,-162.084463,-68.08838636,-48.50530108,1.464893147,3.521498271,2.067780223,-158.7577869,-69.36025991,-58.61604097
1.40E+12,1.85173,2.725466,1.471446,-160.1756742,-66.97759145,-71.55781275,0.87840567,1.484409584,0.698569924,-157.9894899,-67.38669757,-56.84289169,1.515163279,3.431588253,2.06186049,-154.8574606,-68.39891224,-66.80223594
1.40E+12,1.874878,2.623741,1.460186,-157.0412122,-66.35332635,-78.98591026,0.927814325,1.387127034,0.690716598,-154.8636691,-66.667942,-64.26655253,1.559900391,3.333099469,2.045571403,-151.9844258,-67.4820133,-74.01069169
1.40E+12,1.88646,2.512806,1.449725,-157.3397596,-66.35144373,-83.19512731,0.96999405,1.277081838,0.682684679,-155.2174897,-66.64409695,-68.44896696,1.596788777,3.222354229,2.027451658,-152.355771,-67.48221871,-78.17493006
1.40E+12,1.883918,2.393012,1.452357,-158.9883427,-66.84523704,-86.16544442,0.997468615,1.154414617,0.689745399,-156.8173428,-67.12073734,-71.47754286,1.617689401,3.098299689,2.022393266,-153.7773395,-68.0588491,-81.3589816
1.40E+12,1.868616,2.265721,1.46815,-158.1004339,-67.02617482,-91.49397791,1.013562116,1.021430165,0.708258233,-155.8786775,-67.24643625,-76.87477,1.626198895,2.963423892,2.02715756,-152.7584461,-68.11995131,-86.83628809
1.40E+12,1.839935,2.133266,1.490369,-155.7869893,-66.65744911,-98.25475416,1.020654039,0.876845813,0.733844612,-153.5875864,-66.79615416,-83.6100773,1.624823521,2.816782152,2.037350763,-150.6292565,-67.52269462,-93.43395563
1.40E+12,1.796737,1.997095,1.512958,-154.0135514,-66.58068558,-104.609605,1.013119909,0.726577267,0.759859295,-151.8769077,-66.66202841,-89.92069526,1.608549317,2.665255503,2.046784091,-148.9558282,-67.27536307,-99.71797927
1.40E+12,1.738236,1.858689,1.535087,-154.0870892,-67.18900149,-109.3179267,0.987412793,0.570559795,0.786560648,-151.9478306,-67.24193055,-94.64904237,1.573822573,2.508947563,2.055567637,-148.7657987,-67.85138218,-104.6872359
1.40E+12,1.664102,1.720463,1.557863,-156.8903013,-68.87422823,-111.496654,0.94831354,0.405760186,0.814226215,-154.6765025,-68.90823814,-96.89595909,1.525247568,2.344554492,2.063840074,-150.7018747,-69.6740557,-107.66096
1.40E+12,1.577862,1.58592,1.58155,-159.0474341,-71.01405942,-114.2753262,0.894152715,0.239421912,0.842863108,-156.6313722,-71.0025413,-99.85898338,1.461524084,2.179359743,2.072319513,-151.4472127,-71.85894505,-111.7569024
1.40E+12,1.482421,1.459504,1.604277,-157.6130302,-72.98631551,-120.3986278,0.827710826,0.078840228,0.869179232,-154.9880594,-72.9015248,-106.187352,1.385942704,2.020799949,2.078627204,-148.3799618,-73.60185157,-119.4519632
1.40E+12,1.380126,1.344335,1.626169,-154.6379835,-75.00440917,-127.9573431,0.747831654,-0.068600015,0.894934239,-151.8782194,-74.84331442,-113.9142761,1.297643548,1.876086705,2.085257694,-143.4904686,-75.27492073,-128.9019119
1.40E+12,1.272785,1.244327,1.646329,-159.5684991,-76.29140927,-127.8415516,0.659456667,-0.210592648,0.918581713,-156.7448136,-76.13321534,-113.8601983,1.201237886,1.737471094,2.090044162,-146.9174297,-76.84590828,-130.2332341
1.40E+12,1.164324,1.160221,1.662974,-163.9130637,-76.34160169,-128.0304537,0.565116597,-0.339935622,0.938797468,-161.2323711,-76.1739324,-113.9019853,1.099673856,1.612104297,2.092543057,-151.4535896,-77.18731376,-130.2119709
1.40E+12,1.057964,1.09153,1.679838,-167.3065517,-77.39535516,-129.2290419,0.463796483,-0.427794241,0.950847461,-164.3950011,-77.32799235,-115.424686,0.993607644,1.529170643,2.091103529,-153.1407008,-78.50272318,-133.1639165
1.40E+12,0.955648,1.037626,1.695249,-168.7174041,-78.73723338,-132.5380997,0.366249156,-0.519932252,0.970535266,-165.8656823,-78.62378451,-118.7477473,0.890745909,1.440978318,2.096941434,-152.4633867,-79.82806127,-138.5907725
1.40E+12,0.860536,1.000108,1.708339,-169.8872978,-79.21910027,-136.4107493,0.270112627,-0.592019756,0.986060397,-167.206891,-79.09554081,-122.5112461,0.79049135,1.373054686,2.100849627,-152.9262827,-80.36035591,-143.2142208
1.40E+12,0.774828,0.978157,1.720636,-166.0794969,-79.61557531,-145.3675561,0.179342397,-0.642527062,1.001164603,-163.6303716,-79.46164373,-131.3143445,0.696699316,1.326308268,2.106865125,-148.4077831,-80.46137154,-152.9586077
1.40E+12,0.699549,0.972467,1.73136,-157.8015184,-79.70688726,-158.9457793,0.094359224,-0.666480524,1.015417824,-155.6323179,-79.52658652,-144.6939854,0.610060064,1.305699669,2.115110611,-140.2891524,-79.98127782,-166.4749797
1.40E+12,0.634999,0.983503,1.738521,-151.0994808,-78.6950161,-171.2270782,0.021145821,-0.664531823,1.024164527,-149.3915905,-78.53190476,-156.6639377,0.536719152,1.310741706,2.12112668,-136.1993513,-78.63135111,-176.3369197
1.40E+12,0.580149,1.011461,1.742785,-147.7244447,-77.24421151,179.5622857,-0.039110563,-0.630451279,1.027792703,-146.2339255,-77.15699876,-165.8695195,0.478158189,1.347514126,2.126013578,-135.2837326,-77.1167204,176.6493554
1.40E+12,0.534903,1.056583,1.742384,-144.616664,-74.84511514,170.8297661,-0.097859147,-0.587095608,1.027303847,-143.3095376,-74.77298753,-174.5594672,0.421755086,1.39384569,2.127864399,-135.2003824,-74.63027425,170.7162974
1.40E+12,0.496899,1.118985,1.738012,-141.8818407,-72.26735491,162.6351098,-0.148244313,-0.521097327,1.023500253,-140.7426621,-72.23356869,177.1693415,0.374988594,1.462548461,2.129179582,-134.8240382,-71.99111211,164.5463693
1.40E+12,0.464208,1.199586,1.731391,-141.6918047,-71.01106181,156.894707,-0.196917102,-0.438226486,1.017008679,-140.6313955,-71.03157357,171.3030176,0.33090337,1.548192948,2.12970117,-135.5157052,-70.80899614,159.4412255
1.40E+12,0.435841,1.298109,1.724462,-140.492464,-71.03784364,150.2767273,-0.249249655,-0.340396712,1.011817231,-139.4205598,-71.06548583,164.5210383,0.283863539,1.648755625,2.132974451,-134.3251581,-70.761422,152.6802238
1.40E+12,0.413578,1.414929,1.716961,-138.5766564,-72.4737395,142.8764849,-0.301012992,-0.222640025,1.005102623,-137.4101346,-72.48849111,156.8951738,0.238466243,1.769233383,2.136893866,-131.454025,-72.01886457,144.2428878
1.40E+12,0.403138,1.548399,1.708334,-138.4581545,-75.40744756,137.0142499,-0.338844821,-0.083444194,0.995269398,-137.0380117,-75.4383116,150.5570875,0.208191315,1.910560619,2.140562637,-128.6304831,-74.8594573,135.5552714
1.40E+12,0.408322,1.692783,1.695772,-139.1214583,-78.1980921,132.1573936,-0.364851049,0.068117183,0.98080298,-137.3777932,-78.22012012,145.2012062,0.190547684,2.064002527,2.141420159,-125.6014092,-77.54787216,126.9259168
1.40E+12,0.432118,1.842277,1.678795,-144.4658705,-79.82036345,132.895615,-0.368346907,0.229219228,0.960928701,-142.468945,-79.88124505,145.4674122,0.196087885,2.226248002,2.138814554,-127.3212589,-79.43774753,123.8785236
1.40E+12,0.475251,1.991723,1.657518,-156.9437254,-78.98419203,142.2382583,-0.35746914,0.39437154,0.937147191,-155.2957064,-79.0952468,155.0481066,0.21634908,2.392135158,2.133327516,-140.845544,-79.55679176,134.145434
1.40E+12,0.534218,2.138096,1.634745,-170.2598064,-75.77945484,153.460876,-0.329253965,0.559829167,0.912385873,-169.1851656,-75.95519535,166.7432026,0.253967491,2.557475092,2.127582384,-160.1353429,-77.50376517,151.1854331
1.40E+12,0.60311,2.279886,1.615477,-177.3192391,-72.43012618,159.3296647,-0.281661067,0.720172621,0.891820464,-176.6000795,-72.66075321,172.8212158,0.310472288,2.716230865,2.126220146,-171.5092029,-74.76659109,161.1688983
1.40E+12,0.67412,2.416916,1.59652,-178.3175959,-68.27834412,159.9284037,-0.230891143,0.874799428,0.873346945,-177.8041145,-68.52178444,173.5139109,0.369764098,2.868915949,2.126448141,-175.3552648,-70.76554335,164.4009809
1.40E+12,0.741554,2.55095,1.57763,-178.5983021,-63.93952811,160.2016172,-0.181230917,1.024623261,0.855448775,-178.2511858,-64.21414525,173.8556226,0.427680368,3.016832517,2.126688971,-177.5489196,-66.52812706,166.3773225
1.40E+12,0.797224,2.684699,1.561989,-179.0930151,-60.92615402,160.8698566,-0.145987385,1.17243789,0.84189894,-178.829833,-61.21788184,174.5351996,0.47091588,3.163090128,2.130466635,-179.0459361,-63.58694841,167.900306
1.40E+12,0.835634,2.819968,1.546663,176.887591,-59.43178859,164.9883171,-0.129065482,1.317728824,0.827659964,177.0325784,-59.74234615,178.6908057,0.495775286,3.307921582,2.132567727,176.1398729,-62.34352129,172.7436896
1.40E+12,0.853758,2.952942,1.527864,164.4442267,-60.48438396,177.9239196,-0.129810548,1.456652859,0.805834368,164.370442,-60.82768072,-168.2457056,0.503028013,3.448199037,2.125753559,162.509778,-64.01480626,-173.0246474
1.40E+12,0.855269,3.071997,1.50048,145.1284204,-60.6749852,-162.0231919,-0.14899436,1.578137361,0.775056926,144.8285448,-60.96257544,-148.095928,0.491406414,3.573113704,2.107450056,140.5648945,-64.72480908,-150.1572409
1.40E+12,0.845265,3.161531,1.463337,129.0891884,-58.50439808,-145.6364116,-0.169515664,1.667667746,0.735357008,128.7079733,-58.70952062,-131.7678715,0.477238442,3.66730995,2.076803146,122.2259103,-62.58112165,-131.328359
1.40E+12,0.827934,3.208802,1.417908,120.2464136,-56.35615401,-136.7287242,-0.192900347,1.691640172,0.687770221,119.9163194,-56.42699084,-123.3572266,0.457258476,3.697395975,2.03117799,112.4608887,-60.21350078,-121.7639158
1.40E+12,0.804945,3.197878,1.376576,114.7502871,-56.00035686,-131.12561,-0.205865718,1.65894407,0.647372461,114.4403653,-55.9833415,-118.0419369,0.444489387,3.669885183,1.987028,106.4130378,-59.6670291,-115.7647236
1.40E+12,0.780152,3.114694,1.356812,112.5306709,-58.57488419,-128.7907328,-0.215577982,1.561917849,0.633020472,112.2975834,-58.48394802,-115.8885981,0.430546221,3.575583972,1.96198274,103.8058308,-62.11451867,-113.1351943
1.40E+12,0.759685,2.964038,1.360677,120.6130759,-65.33651056,-136.4689091,-0.207672932,1.407147145,0.640463946,120.3991942,-65.236388,-123.6096218,0.430284021,3.420688064,1.953091459,112.3440649,-69.02583676,-121.487558
1.40E+12,0.744733,2.766887,1.381197,148.126006,-71.53135825,-163.0686386,-0.186838008,1.209829381,0.664568916,147.6886331,-71.46324612,-149.9902727,0.440024353,3.221084569,1.956698994,145.5848292,-75.15374299,-154.1586517
1.40E+12,0.733144,2.551305,1.401077,-172.6621308,-70.29649577,159.1636483,-0.160985036,0.998047451,0.68891777,-173.0901453,-70.33204704,172.2466767,0.454029986,3.006817354,1.959195272,-169.2331432,-72.26779912,161.7405679
1.40E+12,0.721988,2.34027,1.407,-151.388131,-64.99910108,139.139455,-0.138579201,0.791939539,0.700074741,-151.7322516,-65.14120939,152.1461615,0.465476327,2.799758899,1.949058782,-149.440207,-65.76567153,142.9252504
1.40E+12,0.710769,2.152648,1.411657,-146.7231231,-64.19305048,134.6181022,-0.122182391,0.607412354,0.71101285,-147.0707239,-64.39415505,147.6223973,0.472026842,2.614482418,1.940782559,-145.0379061,-64.71328077,138.6206602
1.40E+12,0.70212,1.995495,1.430278,-149.4410456,-66.57489452,136.9230966,-0.109136225,0.45325186,0.736926336,-149.8586843,-66.79207361,150.0069317,0.476093872,2.45797031,1.950508218,-146.8647665,-67.26727911,140.1349737
1.40E+12,0.697345,1.863618,1.462705,-154.7627117,-68.54251385,142.0521102,-0.0903646,0.322493064,0.772139957,-155.2488698,-68.76960065,155.1705858,0.486636398,2.323403573,1.97220808,-151.3590669,-69.57628627,144.4878877
1.40E+12,0.697605,1.749717,1.505123,-157.6794052,-68.26233289,145.3649146,-0.064845125,0.206791104,0.811936757,-158.1903892,-68.54429278,158.465006,0.504465352,2.202935256,2.000341433,-154.491553,-69.55151032,147.9778622
1.40E+12,0.70038,1.652721,1.558437,-155.0005184,-66.5153643,143.5873694,-0.046583195,0.107319879,0.867314482,-155.5137329,-66.80825321,156.7027293,0.515171902,2.097346235,2.045408535,-152.5852407,-67.66383578,146.9167432
1.40E+12,0.703148,1.576212,1.622688,-153.4581416,-65.38773929,142.7508781,-0.018784864,0.022468922,0.929398365,-153.9509922,-65.76841748,155.7566667,0.535829496,2.0050459,2.099081177,-151.4384892,-66.53380663,146.3451509
1.40E+12,0.705297,1.519435,1.683618,-149.7613795,-63.23375226,139.8412028,-0.003423294,-0.037824152,0.990973592,-150.1470117,-63.6190306,152.737753,0.545341596,1.937867555,2.154392398,-148.4016442,-64.15525558,144.0053162
1.40E+12,0.706195,1.484849,1.736428,-147.21055,-62.6379847,137.7148887,0.002833715,-0.071822852,1.043189845,-147.51673,-63.01528264,150.5900673,0.547518606,1.898281558,2.202867219,-145.9652657,-63.38072804,142.0223446
1.40E+12,0.706146,1.475713,1.786719,-145.8237823,-63.95700448,136.4195961,0.005603555,-0.078468053,1.092391812,-146.0801121,-64.31263213,149.3119594,0.547733099,1.886364483,2.251143524,-144.0789001,-64.56577028,140.3366522
1.40E+12,0.70681,1.490855,1.835426,-146.5350191,-65.36907843,137.3271528,0.000443625,-0.061867118,1.140060403,-146.8446034,-65.68474708,150.3056692,0.541278643,1.898126689,2.300077162,-144.316101,-65.97189268,140.8529147
1.40E+12,0.709634,1.527142,1.877824,-149.9593245,-66.67757293,140.9192209,-0.003785426,-0.0240062,1.180305695,-150.3494973,-66.97417977,153.9969572,0.537160299,1.931727305,2.343952615,-147.2767282,-67.47982434,144.0538495
1.40E+12,0.714105,1.579043,1.906,-160.3881833,-68.06658284,151.1287492,-0.00836748,0.02844364,1.206378526,-160.9510743,-68.32481884,164.388952,0.534063936,1.98132158,2.375298969,-157.4594286,-69.51850205,154.114941
1.40E+12,0.71889,1.640002,1.918343,-168.8613072,-68.05140478,159.5468941,-0.015483895,0.088897462,1.217177345,-169.5031271,-68.25359725,172.8475219,0.529530275,2.0406066,2.392229852,-166.5011138,-69.99916764,163.1115902
1.40E+12,0.722428,1.705997,1.91466,-174.2606033,-66.90416174,165.0618958,-0.025353997,0.153877738,1.212510186,-174.9166654,-67.06468686,178.3386017,0.523173552,2.106161567,2.394172998,-172.8701386,-69.15658591,169.5642942
1.40E+12,0.720391,1.774636,1.903107,-179.5669504,-67.12511938,170.3677091,-0.03975538,0.220768037,1.200005816,179.7288006,-67.25682536,-176.3173023,0.512744935,2.17468518,2.388356672,-178.6325196,-69.65570214,175.3678797
1.40E+12,0.713506,1.842217,1.889953,176.0357619,-67.34824782,174.7468056,-0.058672458,0.285516945,1.185959758,175.2932605,-67.44326469,-171.9021532,0.497772202,2.24149267,2.380601334,176.52995,-70.080865,-179.7684012
1.40E+12,0.700952,1.905682,1.874023,177.2083988,-65.9300471,173.7150729,-0.080570222,0.345325018,1.170687184,176.4775347,-66.02997874,-172.9453384,0.479631323,2.303686831,2.370980319,177.3083442,-68.61775469,179.5480524
1.40E+12,0.681092,1.965425,1.858096,-179.569263,-63.64381037,170.6730229,-0.110762065,0.400897912,1.156635014,179.7792147,-63.7490253,-176.0795563,0.452946617,2.362003558,2.361791017,-179.8330776,-66.17682627,176.7645212
1.40E+12,0.649905,2.024574,1.844072,-177.228303,-61.58522329,168.4047944,-0.150608192,0.454669357,1.145553006,-177.818948,-61.71668484,-178.4184456,0.416405152,2.418750479,2.354979169,-177.826997,-64.02566094,174.7410034
1.40E+12,0.604102,2.085503,1.832306,-176.4875893,-60.46901507,167.5253945,-0.205312766,0.50857226,1.138244738,-177.0343872,-60.60648253,-179.3460629,0.364876117,2.476048639,2.35134549,-177.2777911,-62.87871781,174.0093592
1.40E+12,0.542662,2.149408,1.822051,-176.4904188,-61.17922444,167.2816085,-0.276847652,0.562198894,1.131803543,-177.0406468,-61.32146362,-179.5910623,0.296502342,2.533906818,2.347880986,-177.0985111,-63.58913286,173.598813
1.40E+12,0.467316,2.215749,1.812839,-178.3386672,-63.77733327,168.7610782,-0.363799914,0.614274053,1.124518145,-178.9472666,-63.90501646,-178.0741921,0.212706129,2.591160802,2.34280446,-178.4024132,-66.26078959,174.6036349
1.40E+12,0.381967,2.282147,1.80212,178.4899566,-66.08234759,171.4964746,-0.46140561,0.664754688,1.114740251,177.7739939,-66.17992601,-175.2336733,0.118312495,2.647678987,2.334661345,178.7931162,-68.69687821,177.0621077
1.40E+12,0.290007,2.345716,1.790356,175.9695598,-67.68390432,173.5362271,-0.565472258,0.711639022,1.102317618,175.1742288,-67.75171112,-173.1030343,0.017410105,2.701259176,2.323250784,176.5227271,-70.39261981,178.9274664
1.40E+12,0.19452,2.404602,1.782823,177.3653009,-68.05563063,171.6971883,-0.673434618,0.753815487,1.093935938,176.5263493,-68.1174243,-174.8881328,-0.08779857,2.749954566,2.31519649,178.1871151,-70.68285415,176.8261635
1.40E+12,0.096067,2.459629,1.787038,178.9829521,-68.03751345,169.5109883,-0.782267279,0.791451736,1.096994567,178.1459512,-68.1065864,-177.081261,-0.194619462,2.792988314,2.317986468,179.9836621,-70.58411284,174.440993
1.40E+12,-0.004463,2.511578,1.803521,179.7905742,-68.13791933,168.1471467,-0.892120948,0.825736094,1.113165759,178.9285441,-68.22707108,-178.4263257,-0.303218167,2.831373061,2.333403525,-179.0949097,-70.65999195,172.9531563
1.40E+12,-0.108167,2.561551,1.830633,-179.8672195,-67.7568374,167.3485771,-1.004689142,0.857584887,1.139465986,179.2848006,-67.87006667,-179.2328522,-0.415103837,2.866425073,2.358515256,-178.860004,-70.28713443,172.2556631
1.40E+12,-0.214734,2.609824,1.861324,177.6563109,-67.3968933,169.329566,-1.120930637,0.887142313,1.169432382,176.8183601,-67.52092751,-177.2567567,-0.530935024,2.899018878,2.386878821,178.2591953,-70.07674015,174.6600484
1.40E+12,-0.324825,2.655612,1.891091,172.9885141,-68.10761046,173.5133768,-1.240312278,0.913477296,1.19884305,172.115226,-68.22869312,-173.0283338,-0.650036865,2.928643965,2.414221102,173.2827947,-71.0219342,179.224108
1.40E+12,-0.437946,2.695016,1.918201,171.6486627,-70.1232906,174.7987964,-1.360501952,0.932289309,1.226920863,170.6975167,-70.2545674,-171.6460603,-0.770264759,2.950983498,2.439400698,172.5922781,-73.0982218,179.9375418
1.40E+12,-0.549601,2.727764,1.936446,174.055854,-73.21479701,172.6490826,-1.478916942,0.945517209,1.246056845,172.937225,-73.3704203,-173.6000242,-0.888601696,2.968619637,2.45516804,177.12665,-76.05684001,175.7394918
1.40E+12,-0.654844,2.756272,1.942279,177.0908291,-75.18677894,169.7876782,-1.592291319,0.956732047,1.25206311,175.8685279,-75.35156911,-176.3370792,-1.001420518,2.985358433,2.457874185,-177.6554499,-77.83591921,170.7418312
1.40E+12,-0.751688,2.7803,1.935619,178.1541499,-75.76853973,169.1888761,-1.695996886,0.963141038,1.247124324,176.8116152,-75.90766407,-176.8318856,-1.104342913,2.997942916,2.449572215,-175.9329805,-78.32324612,169.4752709
1.40E+12,-0.839629,2.798895,1.927503,175.3532126,-75.82423069,173.1637395,-1.790627751,0.9692755,1.237330479,173.9623254,-75.95098079,-172.7538408,-1.198006822,3.01026565,2.436774791,-179.2404554,-78.52660702,174.0297313
1.40E+12,-0.916968,2.811786,1.921977,170.0521291,-75.75842387,-179.7933574,-1.872644504,0.970715158,1.230262366,168.6040112,-75.85347155,-165.6165674,-1.279445157,3.016946897,2.426678404,174.1943989,-78.71639848,-177.5937592
1.40E+12,-0.98239,2.816889,1.919723,165.3124572,-75.48077772,-172.839669,-1.938899692,0.964642904,1.22584049,163.8224572,-75.53858692,-158.6258925,-1.34565633,3.015024695,2.41902589,167.9790535,-78.63805178,-169.1419792
1.40E+12,-1.036324,2.81241,1.920766,164.4590893,-75.53665042,-169.1577994,-1.990426046,0.951369682,1.225609206,162.9034461,-75.57576837,-154.8746205,-1.397724485,3.004702417,2.415344183,166.8650746,-78.71605895,-165.1883778
1.40E+12,-1.079101,2.799285,1.923765,162.5183028,-75.58369361,-164.1916973,-2.02998231,0.93168887,1.227338977,160.9185476,-75.59386508,-149.8594554,-1.43826169,2.987153644,2.41339481,164.3833356,-78.82019174,-159.6614116
1.40E+12,-1.110307,2.778107,1.925611,159.8160382,-75.22229643,-158.3809823,-2.056519951,0.906457363,1.228406582,158.2466943,-75.19853509,-144.0710096,-1.466060536,2.963447029,2.410704895,160.6715398,-78.53855482,-152.8189038
1.40E+12,-1.130217,2.749665,1.924319,159.4049025,-73.6267005,-155.0200875,-2.07044919,0.876160668,1.226313073,158.0184185,-73.59333956,-140.9066823,-1.48139337,2.93434961,2.404827764,159.3073801,-76.95837706,-148.5412394
1.40E+12,-1.142205,2.713879,1.912511,165.6216365,-71.54227141,-158.6853071,-2.075331009,0.840145913,1.214761804,164.4569618,-71.55116774,-144.8219819,-1.487562711,2.90007009,2.389297783,165.9752704,-74.67293886,-152.7783241
1.40E+12,-1.149001,2.673164,1.88828,170.8500707,-70.27938458,-161.8889164,-2.074311586,0.800278743,1.191838173,169.7795857,-70.31536847,-148.1399177,-1.487527206,2.862834991,2.362289091,171.5657858,-73.20338607,-156.438013
1.40E+12,-1.154867,2.628046,1.855885,170.2581733,-69.61211461,-159.6360689,-2.071119367,0.754900482,1.160587816,169.1792602,-69.62281524,-145.8948144,-1.48522753,2.820882525,2.326502729,170.5433543,-72.54665447,-153.7798113
1.40E+12,-1.159367,2.577397,1.821947,169.2300686,-69.22343189,-156.6593247,-2.065329571,0.704877274,1.125982992,168.1615878,-69.20968988,-142.9195748,-1.480419834,2.774527268,2.286988009,169.1898588,-72.18530094,-150.4673765
1.40E+12,-1.16222,2.519723,1.788729,166.6557591,-68.74071112,-151.7684606,-2.05754541,0.648727958,1.092874195,165.6555555,-68.67775024,-138.0451213,-1.473998945,2.721822341,2.24838109,166.0859704,-71.77106216,-144.9799994
1.40E+12,-1.16367,2.452903,1.757142,164.7731737,-68.27222943,-147.2423962,-2.045075835,0.586029657,1.059683828,163.8113754,-68.18497826,-133.5531324,-1.463230353,2.662365541,2.209175299,163.7748891,-71.36068037,-140.0105548
1.40E+12,-1.163235,2.37524,1.733224,164.7577425,-67.84398179,-144.3367072,-2.030284408,0.512018353,1.033882003,163.870803,-67.73866889,-130.6971557,-1.451048805,2.590771995,2.176187911,163.6897999,-70.91466176,-137.0189717
1.40E+12,-1.16085,2.286609,1.72185,169.266138,-67.95174423,-145.6217407,-2.01288253,0.426664522,1.021142219,168.4109562,-67.85413815,-132.0096775,-1.437423095,2.506400777,2.155063482,168.9315465,-70.82915289,-139.0804041
1.40E+12,-1.158589,2.190329,1.721639,173.2587666,-67.8848199,-146.4386271,-1.993122888,0.333470144,1.019771552,172.4174656,-67.81116783,-132.8477997,-1.422352355,2.412920839,2.144485765,173.4538985,-70.59302912,-140.4766797
1.40E+12,-1.157238,2.089821,1.724733,175.0639187,-67.84662081,-145.1924417,-1.973167305,0.235448855,1.023115711,174.2058172,-67.77999705,-131.5993159,-1.407541942,2.314142164,2.138082096,175.4506813,-70.47108346,-139.4550917
1.40E+12,-1.157181,1.986121,1.72632,176.371298,-67.96343849,-143.5488274,-1.954339196,0.133541489,1.02460375,175.5050081,-67.89954174,-129.951776,-1.393969125,2.211761701,2.129373337,176.9539458,-70.52158785,-138.0213374